workbook_row,creature_id,common_name,scientific_name_printed,outcome,reasons,workbook_human_review_required,source_id,source_book_page,source_pdf_page,source_tile,identity_confidence,identity_confidence_score,text_transcription_confidence,source_title_common_ocr,source_title_scientific_ocr,identification_evidence
2,011cdb74-eaa5-5851-8ae7-3bba7319f9d2,Starry Triggerfish,Abalistes stellatus,included,,True,SRC-37787281,404,405,bl,high,100,high,,,"ID: Grayish undercolor with yellow to yellow-brown network 3-4 alternating blackish and white blotches on back; narrow tail base. Solitary. Muddy or fine silt and sand bottoms occasionally near reefs in 4-120 m. | ID: Grayich undlencolor with to yellow-brown network; aberoraag Backsh and white Biches a Dark aatior Ps taf base, Solitary. Muddy or fine sitt and sand bottoms, occasionally neat mols in 4-120 m. Indio- West Pacifio: Rad Sea and &, Aftica to Fifi. - 8. Japan | Cawa Tiggeitish- Juvenile 1D: Black with latge white spots, yellow. snout; white band across top of snout, bright yellow patolt on back. ¥i Seer sbvoe below 20 11 on steep slopes, eeghard shallower on rare occasions."
3,96938621-211d-5df8-bb5a-d78ae4d6f3cf,Spiny Waspfish,Ablabys macracanthus,included,,True,SRC-D0344D62,381,382,ml,high,100,high,,,"ID: Light to dark brown: compressed body, smooth-edged dorsal fin that begins above eye forming a triangular sail-like projection. Solitary or in pairs, sway with water motion. Sand or mud bottoms of coastal reefs in 8-50 m."
4,5f4d48f4-6556-50f3-95af-a4d28635f4bb,Cockatoo Waspfish,Ablabys taenianotus,included,,True,SRC-B853F73C,381,382,bl,high,100,high,,,"ID: Similar to Spiny Waspfish (previous), difficult to distinguish except for higher number of dorsal spines (17 versus 15). Solitary or in pairs. Sand, mud, rubble and weed bottoms of coastal reefs to 20 m. | De paliae to ore Spiny ae ner ot Noel aptnes (re 18 Saya Sandie Her tate. Wor: Yoo: Annum Sas - ‘bottome of coastal reeis:to Pit. 8. Japan to"
5,3c2c8cf3-2d93-5cec-853a-9dfeee69666b,Bengal Sergeant,Abudefduf bengalensis,pending_review,account transcription confidence is not high; identification descriptions are not high-confidence transcriptions,True,SRC-0AFE4F6E,61,62,tl,high,100,medium,,,ID: Whitish to pale ray with 6-7 black bars; only member of genus Abudefduf to have rounded tail lobes. Coastal and lagoon reefs to 6m.
6,16bfc131-a3ec-546f-9fd9-2be8edd961ae,Black-tail Sergeant,Abudefduf lorenzi,included,,True,SRC-081BDB6C,61,62,tr,high,100,high,,,ID: Whitish to yellowish with 5-6 black bars: large black blotch on base of tail. Protected coastal areas near shore. frequently next to docks or breakwaters in jess than 6 m.
7,7760d7df-879d-505a-9252-5c27173a1317,Yellowtail Sergeant,Abudefduf notatus,pending_review,account transcription confidence is not high; identification descriptions are not high-confidence transcriptions,True,SRC-ECC2A487,61,62,mr,high,100,medium,,,"ID: Gray with 5 narrow white bars (including band on tail base) yellow tail. Usually form schools, but occasionally solitary. Rocky inshore reefs with moderate to song wave action to 12 m."
8,ae6bf313-0729-545b-a855-4fb333210e63,Banded Sergeant,Abudefduf septemfasciatus,included,,True,SRC-34739D43,61,62,bl,high,100,high,,,"ID: Whitish with 6-7 dark grayish bars, upper first 2-3 bars often intensely dark. Form small groups. Rocky inshore reefs with mild to moderate surge conditions to 3m."
9,51155428-f9d8-509d-967e-3baebd4c1b4f,Scissortail Sergeant,Abudefduf sexfasciatus,pending_review,account transcription confidence is not high; identification descriptions are not high-confidence transcriptions,True,SRC-A8C0F998,61,62,ml,high,100,medium,,,ID: Whitish with 5 black bars; bold black borders on tail. Usually form groups; feed on plankton in mid-water. Coastal and offshore reefs to 15 m.
10,2cd0b193-4d6a-53cc-9d43-05529a8804bf,Blackspot Sergeant,Abudefduf sordidus,pending_review,account transcription confidence is not high; identification descriptions are not high-confidence transcriptions,True,SRC-8BF7DB85,61,62,br,high,100,medium,,,ID: Grayish with 5-6 wide dark gray bars and narrow white bars between; small black saddle marking on upper base of tail Usually form small groups. Rocky shoreline reefs with mild to moderate surge to 3m.
11,dd2f3443-0ea0-5857-ab10-0e75bf2904b0,Indo-Pacific Sergeant,Abudefduf vaigiensis,pending_review,account transcription confidence is not high; identification descriptions are not high-confidence transcriptions,True,SRC-BAAD52E7,62,63,tl,high,100,medium,,,ID: Gray with 5 black to purple or blue bars (including bar at tail base); frequently with yellow back. Usually form feeding groups in mid-water or guard nests inside rocky crevices. Shoreline reefs and outer slopes to 12 m.
12,69a95baa-cf5f-5268-bba9-9bf5af3f98db,Green Sergeant,Abudefduf whitleyi,pending_review,identity confidence is below the inclusion threshold; account transcription confidence is not high; identification descriptions are not high-confidence transcriptions,True,SRC-B1C315B7,62,63,tr,high,95.5,medium,,,ID: Pale green to yellowish green and blue-green with 4-5 narrow black bars; tail and outer edges of dorsal and anal fins . blackish. Solitary or form groups. Outer edge of reefs and surge gutters to 5 m.
13,d7c42740-e6ee-51fa-b70d-797a9d76c1a7,Chlupaty's Tilefish,Acanthocepola breviata,pending_review,identity confidence is below the inclusion threshold; account transcription confidence is not high; identification descriptions are not high-confidence transcriptions,True,SRC-9BC73163,287,288,ml,low,,low,,,1D: Sky btue with pair of darker blue stripes on cheek; pase pee Rubble slopes 090-08 mi
14,80770b88-64ff-5c99-8170-44b896dae9e5,Spiny Chromis,Acanthochromis polyacanthus,included,,True,SRC-D649BC82,86,87,ml,high,100,high,,,"ID: Visual ID nearly impossible due to highly variable color and markings depending on geographic location. Similar in shape to Chromis damselfishes, but much larger than most. Usually in pairs. Shoreline, lagoon and outer reefs to 65 m."
15,697e7945-2085-50d5-971a-91add36181c7,Wahoo Velvetfish,Acanthocybium solandri,pending_review,identity confidence is below the inclusion threshold; account transcription confidence is not high; identification descriptions are not high-confidence transcriptions,True,SRC-D7359D56,131,132,tl,high,92.5,medium,,,"ID: Silver; long slender body with dorsal and anal finlets and elongate pointed snout; occasionally display wavy-bar pattem Solitary or in pairs. Pelagic, but occasionally pass near reefs."
16,21428b76-dee9-55d3-b5b8-6eb69246403d,River Seabream,Acanthopagrus berda,pending_review,account transcription confidence is not high; identification descriptions are not high-confidence transcriptions,True,SRC-7329CC0C,121,122,br,high,100,medium,,,"ID: Silvery gray to black or olive brown with brassy reflections lighter gray to whitish on belly and chin. Solitary or form groups. Coastal reefs and muddy estuaries, occasionally enter freshwater streams."
17,0d174396-5637-5cad-bcc3-be7afcef66e1,Achilles Tang,Acanthurus achilles,pending_review,account transcription confidence is not high; identification descriptions are not high-confidence transcriptions,True,SRC-7CDE9F12,45,46,bl,high,100,medium,,,"ID: Dark to navy blue; large orange teardrop on rear body, white edge on gill cover, and white band at base of dorsal and anal fins, middle of tail orange. Solitary; territorial and aggressive. Surge zone to 4m."
18,af3278f2-a161-51be-9088-bb410b71e8ac,Whitefin Surgeonfish,Acanthurus albipectoralis,included,,True,SRC-580BA2DF,50,51,ml,high,100,high,,,"ID: Dark gray to nearly black, except for white outer half of pectoral fin. Solitary or form small groups; feed on plankton high above bottom. Steep outer reef slopes in 5-20 m."
19,acae4d27-0ee6-5311-a7ab-9a4532beb3bf,Orange-Socket Surgeonfish,Acanthurus auranticavus,pending_review,account transcription confidence is not high; identification descriptions are not high-confidence transcriptions,True,SRC-B53C84E7,49,50,ml,high,100,medium,,,"ID: Head brown without spots; body finely lined with purplish blue and dark olive brown stripes; orange ring around eye ogange border encircles tail spine, dark band behind upper gill cover. Form small groups. Lagoons and outer reefs to 20 m."
20,febfe7d3-75c4-56ea-9c7c-89749099b5b4,Roundspot Surgeonfish,Acanthurus bariene,pending_review,account transcription confidence is not high; identification descriptions are not high-confidence transcriptions,True,SRC-24031742,48,49,mr,high,100,medium,,,"ID: Brown to yellowish brown with yellow dorsal fin, and white lips; yellow bar behind gill cover, round black spot behind eye. Solitary or in pairs. Clear seaward reefs in 6-50 m."
21,c4324fdc-688d-5da3-9fa0-5a3e4c6c4864,Ringtail Surgeonfish,Acanthurus blochii,pending_review,account transcription confidence is not high; identification descriptions are not high-confidence transcriptions,True,SRC-056E6BD2,49,50,bl,high,100,medium,,,"ID: Dark blue to brown; narrow blue margins on dorsal, anal fing around base of tail. Form schools; graze on algae, Lagoon and outer reef in 2-16m."
22,5e247efe-3b89-56a7-81be-13dd291ad573,Eyestripe Surgeonfish,Acanthurus dussumieri,pending_review,account transcription confidence is not high; identification descriptions are not high-confidence transcriptions,True,SRC-9F1D7844,48,49,ml,high,100,medium,,,"ID: Bluish to brownish body with horizontal line markings yellow stripe through eye, tail blue with numerous black spots. Solitary or form small groups. Seaward reefs in 9-131 m."
23,5c8427c1-cb07-545d-803d-83dd092db6c8,Blackspine Surgeonfish,Acanthurus fowleri,pending_review,identity confidence is below the inclusion threshold; account transcription confidence is not high; identification descriptions are not high-confidence transcriptions,True,SRC-78D435B7,49,50,tl,high,93.1,medium,,,"ID: Blue head and brownish body; arc-shaped marking behind head, heavy black margin encircles tail spine. Solitary or w pairs; often graze on algae growing on sponges. Outer reef areas in clear water in 10-45 m."
24,870f67f1-4d68-5fe7-b351-a7162a7e3440,Fine-lined Surgeonfish,Acanthurus grammoptilus,pending_review,account transcription confidence is not high; identification descriptions are not high-confidence transcriptions,True,SRC-D95BA80D,49,50,tr,high,100,medium,,,"ID: Brown body with fine wavy blue lines; yellowish band through eye, black margin on tail spine, bluish cheek with small orange spots. Solitary or form groups. Inshore reefs in 2-20m."
25,4f2f87f1-11d4-5d2c-8e62-c1d8cbbcaec5,White-spotted Surgeonfish,Acanthurus guttatus,included,,True,SRC-C412A5E2,45,46,br,high,100,high,,,"ID: Darkish with numerous white spots or streaks rear body white bar behind eye and behind pectoral fin, yellowish foretail. Usually form groups. Surge zone to 4 m."
26,7684bd30-e4a2-57dc-bd72-ed6d0f7e9a08,Japanese Surgeonfish,Acanthurus japonicus,pending_review,account transcription confidence is not high; identification descriptions are not high-confidence transcriptions,True,SRC-523D27B9,47,48,ml,high,100,medium,,,ID: Yellowish brown to dark blue becomes yellow on extreme rear body; white patch fram lips to eye; white tail. Solitary or form smail groups. Clear lagoons and outer reef in 2-12 m.
27,72c9d5d0-47b8-540d-87cf-b4f31e15f342,Pale-lipped Surgeonfish,Acanthurus leucocheilus,included,,True,SRC-6556768A,49,50,mr,high,100,high,,,"ID: Brown; pale lips and pale band on chin; yellow sub-border on pectoral fin, white tail spine. Solitary. Near dropoffs on seaward clearwater reefs in 4-30 m."
28,1400f0a0-0341-5ae0-9fde-8ec7c11e3e41,Whitebar Surgeonfish,Acanthurus leucopareius,pending_review,account transcription confidence is not high; identification descriptions are not high-confidence transcriptions,True,SRC-C02ACEA6,46,47,tl,high,100,medium,,,"ID: Tan with thin dark stripes; white bar behind eye bordered by two dark bars. Form schools. Rocky, boulder-strewn areas of surge in 0-10 m."
29,1bbcc1ed-f5d1-53a0-920d-1fb8c6f43659,Powderblue Surgeonfish,Acanthurus leucosternon,pending_review,account transcription confidence is not high; identification descriptions are not high-confidence transcriptions,True,SRC-0F4EAD51,47,48,tr,high,100,medium,,,"ID: Black head and blue body, yellow dorsal fin, white ventral anal and tail fins; white patch below mouth extending to pectoral fin. Form large feeding groups. Inshore and outer reefs to 25 m"
30,9353ee92-eaa7-5bcb-b2f8-8b3a0577d5b4,Striped Surgeonfish,Acanthurus lineatus,included,,True,SRC-A12D3C83,48,49,bl,high,100,high,,,"ID: Gold underoolor with numerous black edged blue stripes and bluish belly, yellow ventral fins; bright blue margins on most fins. Solitary: territorial and aggressive; tail spine venomous. Outer edge of reefs to 6 m. - $,W. Japan to Great Barrier Reef and New Caledonia. 48"
31,2cb9a370-a27f-5b22-96da-d71b41956004,Palette Surgeonfish,Acanthurus maculiceps,included,,True,SRC-78D129A7,50,51,tl,high,100,high,,,"ID: Black head with numerous white spots and grayish body black streak behind upper edge of gill cover, black margin on tail spine, often a white ring around tail base. Solitary or form groups. Outer reefs to 15m."
32,4a5581a0-3608-5afc-ad59-6a3f43be3605,Yellowmask Surgeonfish,Acanthurus mata,pending_review,identity confidence is below the inclusion threshold; account transcription confidence is not high,True,SRC-289145F4,47,48,bl,low,,low,,,"is) ‘Surgeontishes:- Acanthurktae deter upper lip yellowish; yellow through feed on sooplanktan. Inshore (often turbid) and © caer to 6-25 m, erates: Resi Gen and F, Altios to French Potynecta- Into- ‘SW. Japan t Groat Barrier Reef and New Caledonia."
33,5379e6a4-e10f-5321-b09e-b9fe5fa0961e,Whitebar Surgeonfish,Acanthurus nigricans,pending_review,identity confidence is below the inclusion threshold; account transcription confidence is not high,True,SRC-4A5675E5,47,48,tl,high,95.8,medium,,,"WD: Dexk brown to navy blue or black, white tall with yellow bar; white patch below ays, white ring behind mouth, yefow Ine at base of dornal end endl fins, yellow tail spine, Solitary ot form groupe. Exposed resis to 40m. Mast Indin. Darifier Chrictmine T tn Tarinnasia. Micrmaats and"
34,4c541d71-90e9-5f9e-ab57-54039aa093ce,Blackstreak Surgeonfish,Acanthurus nigricaudus,included,,True,SRC-E7AA4861,48,49,br,high,100,high,,,"ID: Pale to dark brown or gray; long black bar behind eye to above pectoral fin, thin streak on rear body to tail spine. Solitary or form small groups. Usually over sand near coral or Tock outcrops in 3-30 m."
35,b6e817e3-7c9c-51ed-a8ce-192bc9adb7d6,Brown Surgeonfish,Acanthurus nigrofuscus,pending_review,account transcription confidence is not high; no identification description,True,SRC-F9F96A21,50,51,tr,high,100,medium,,,
36,d3034aa0-2a04-56a2-bd6c-9f5d0056f824,Blue-lined Surgeonfish,Acanthurus nigroris,pending_review,identity confidence is below the inclusion threshold,True,SRC-E1A85184,47,48,mr,high,94.4,high,,,"ID: Dark to pale binish brown with nnmerous fine. ‘deak spot on zear base of dorsal and anal fins. Solitary o¢ sxthall groups, Clear lagoons and: ‘seaward reeis 10 90 mi."
37,bd8e2fa5-6f2b-5d12-ab95-d980722bd16a,Dark Surgeonfish,Acanthurus nubilus,included,,True,SRC-F0C67CB4,47,48,br,high,100,high,,,"ID: Bluish with numerous blue spots and wavy lines; lower head profile rounded (lower head profile is fattened in most surgeonfishes), Solitary or form small groups; feed on zooplankton. Steep outer reef slopes in 20-90 m."
38,b932ea57-be9a-54c9-9036-656dc49e5e2e,Orangeband Surgeonfish,Acanthurus olivaceus,included,,True,SRC-3BEEF34E,45,46,ml,high,100,high,,,"ID: Light gray head and forebody, dark gray behind; btue- edged elliptical orange hand behind upper gill cover. Solitary or form groups. Over sand bottoms near reefs in 3-45 m."
39,89ad863a-8f3d-5754-bee9-0692e0332c38,Mimic Surgeonfish,Acanthurus pyroferus,pending_review,account transcription confidence is not high; identification descriptions are not high-confidence transcriptions,True,SRC-3C5BE699,46,47,tr,high,100,medium,,,ID: Brown; curving black band from chin to upper edge of gil cover; orange patch above pectoral fin base. Usually solitary. Lagoon and seaward reefs in 4- 60 m.
40,c3d73387-fd24-5bac-ba2c-4a740966e03c,Tennent's Surgeonfish,Acanthurus tennenti,pending_review,identity confidence is below the inclusion threshold; account transcription confidence is not high,True,SRC-B998C0E0,49,50,br,low,,low,,,"1D: Brownish ot aoa black streaks bebiad appr ‘edge of il gill cra Hurt tect hove vel patch emuud tat Seward esa i —_Inetfaii Odean: . Afrion to Anidantan 904 and Ball in indontisia, 49"
41,7866cead-7761-5da5-aa44-75d434cdeecf,Whitetail Surgeonfish,Acanthurus thompsoni,pending_review,account transcription confidence is not high; identification descriptions are not high-confidence transcriptions,True,SRC-8FBF85D1,48,49,tr,high,100,medium,,,"ID: Dark brown changeahle to pale bhuish gray, white tail base may display stripe pattem: body more slender than most surgeonfishes. Form groups; feed on zooplankton high above the bottom. Seaward reef slopes and steep drop-offs in 4-75 m."
42,2ac7a63e-58ee-5e5b-a222-40e638be8fc6,Convict Tang,Acanthurus tniostegus,pending_review,account transcription confidence is not high,True,SRC-DC62A7D1,50,51,mr,high,100,medium,,,ID: White with 5-6 black bats on head and boity. Often feed ‘in lenge groupe: Usually on shallow rests to 5 mi
43,ca1f8cd6-e40b-54ec-97d2-7d40e425c304,Indian Mimic Surgeonfish,Acanthurus tristis,included,,True,SRC-AE2AACC6,46,47,bl,high,100,high,,,"ID: Gray face and tan to dark brown body; curving black band from chin to upper gill cover, black patch above pectoral fin base, white margin on tail, Usually solitary. Lagoon and outer reefs in 2-30 m."
44,dbdc05f5-8caa-5647-b256-e3f8ab249254,Yellowfin Surgeonfish,Acanthurus xanthopterus,pending_review,account transcription confidence is not high; identification descriptions are not high-confidence transcriptions,True,SRC-04380013,48,49,tl,high,100,medium,,,"ID: Blue to grayish brown, yellow to yellowish pectoral fins yellow band passes through eye, frequently a white ring around tail base. The largest surgeonfish. Solitary or form groups. Sandy areas near reefs in 15-90 m."
45,aa94b0d9-fa51-5bde-96a4-0330dbdb0ad7,Mangrove Goby,Acentrogobius janthinopterus,pending_review,account transcription confidence is not high; identification descriptions are not high-confidence transcriptions,True,SRC-774A302A,316,317,bl,high,100,medium,,,"ID: Light gray-brown with dark brown spots and gold flecks; sub-marginal band on tail. Mole - Elongate 1st dorsal fin filaments. Solitary. Estuaries and brackish lakes, often in Mangroves to 5 m."
46,c21fc700-43e7-5b1a-a1ea-6196688ca3de,Short-bodied Pipefish,Acentronura breviperula,pending_review,account transcription confidence is not high; identification descriptions are not high-confidence transcriptions,True,SRC-31112E15,425,426,ml,high,100,medium,,,"ID: Brown to nearly black with white speckling; slightly expanded seahorse-like “chest,” pale snout, skin flaps of various sizes and shapes on head and body. Solitary or in pairs. Sparse seagrass near sheltered reefs to 20 m."
47,3286df61-f679-5760-8440-d5e94b5805a2,Radial Filefish,Acreichthys radiatus,pending_review,account transcription confidence is not high; identification descriptions are not high-confidence transcriptions,True,SRC-C5141041,414,415,tr,high,100,medium,,,ID: Mottled brown and gray with irregular white line markings numerous short skin laps on bedy and first dorsal fin. Solitary frequently near soft corals. Coastal and lagoon reefs in 2-12 m.
48,7c4956f2-2a9a-5551-9d3d-a86b30525176,Blue-spotted Puffer,Acreichthys tomentosus,pending_review,identity confidence is below the inclusion threshold; account transcription confidence is not high; identification descriptions are not high-confidence transcriptions,True,SRC-FDC1786E,414,415,ml,low,53.4,medium,,,"Mlee-Spatiod - Variation ID: Brown with only a few biue-spots, except.on fing; alternating light and dark rings around eye, network of line uadkings on back, Hack patch with white spots om pactoral | a tore eye, black patch with white spots on pectoral fin base. Solitary. ‘Seaward reef slopes in §-36 m."
49,75eecdb7-acca-5f5d-bf6c-8cf1916ff670,Trumpetfish,Aeoliscus strigatus,pending_review,identity confidence is below the inclusion threshold; identification descriptions are not high-confidence transcriptions,True,SRC-350F1CA3,401,402,tl,low,54.5,high,,,"1 trampet-like snout; commonly gray to ongate body with hyleiper teeter bearer ted ‘blackish tail base with white spots, ‘tail with 2 black ‘spote. Solitary. Insbore and seaward reefs to 122 m."
50,7185ade9-5a22-59e8-926a-016eb22ba6d2,Redmouth Grouper,Aethaloperca rogaa,pending_review,account transcription confidence is not high; identification descriptions are not high-confidence transcriptions,True,SRC-4F9D907B,163,164,mr,high,100,medium,,,"ID: Dark brown to black, occasionally with orangish cast frequently with pale bar across abdomen; inside mouth red. Solitary. Usually inside or near caves or under ledges in coral- Tich areas of seaward reefs in 3-50 m."
51,9ce9fe05-f68a-590e-8726-dce87e9af7c4,Spotted Eagle Ray,Aetobatus narinan,included,,True,SRC-0B5ACD6A,457,458,ml,high,100,high,,,"ID: Gray-brown to neaity black with numerous white spots and white underside; nearly tiangular disc or “wings” with protruding head and long slender tail with single spine, Solitary. Open water of coastal, lagoon and outer reefs in 1-80 m."
52,30ea96d8-1c04-56d4-9e48-3b7c6aab034e,Rao’s Dartfish,Aioliops megastigma,pending_review,account transcription confidence is not high; identification descriptions are not high-confidence transcriptions,True,SRC-C5558740,284,285,tr,high,100,medium,,,"ID: Yellowish head, mauve back and brown lower side bluish belly: black stripe along back and large black spot on tail. Form groups that hover over coral thickets. Sheltered shoreline and lagoon reefs in 2-10 m."
53,f1f54683-f254-5017-a4e9-47b8392d65d8,African Pompano,Alectis ciliaris,pending_review,identity confidence is below the inclusion threshold; account transcription confidence is not high; identification descriptions are not high-confidence transcriptions,True,SRC-0AF2BD23,124,125,tl,high,84.7,medium,,,"ID: Silver, often have bluish or greenish tints; deep body with steep head profile and deeply forked tail; scales not obvious. Young form schools, large adults often solitary. Pelagic; often near dropoffs to 100 m."
54,3f2ead80-021b-57cf-a231-4acaf7367b56,White-belly Damsel,Altrichthys azurelineatus,pending_review,identity confidence is below the inclusion threshold; account transcription confidence is not high,True,SRC-2CAA6712,63,64,bl,low,,low,,,"ID: Whitish with narrow silver streak on oadk scale, joitting to form narrovs lines; black margin on dorsal fin and borders of ‘tail, Adults in pains; guard broods of 20-100 babies; yorng forma groupe. Shelkared neefs. coral in.2-8 im."
55,64bb45ea-b8cb-51f5-b127-144bbc4cc6f2,Guardian Damsel,Altrichthys curatus,pending_review,account transcription confidence is not high; identification descriptions are not high-confidence transcriptions,True,SRC-A73528AF,63,64,br,high,100,medium,,,ID: Whitish to pale green or olive; narrow silver streak on each scale join to form narrow lines. Aduits in pairs; guard broods of 20-100 babies; young form groups. Sheltered reefs in 2-10 m.
56,3b47f5bb-0165-5c72-87eb-c2ed3aa6d937,Unicorn Filefish,Aluterus monoceros,pending_review,account transcription confidence is not high; identification descriptions are not high-confidence transcriptions,True,SRC-EC5A7FA0,409,410,mr,high,100,medium,,,"ID: Gray with faint spotting; tall slender 1st dorsal spine. Juvenile - Reticulate pattern of pale lines and gray blotches. Solitary; usually in open water, often around floating debris. Outer reefs to 80 m."
57,931c4cf3-78fd-5699-9127-c683934f30d0,Scrawled Filefish,Aluterus scriptus,included,,True,SRC-4A1CDDBA,409,410,ml,high,100,high,,,"ID: Mottled to nearly uniform shades of gray to brown to olive; irregular blue spot and line markings and black spots tall slender first dorsal spine. Solitary. Coastal, lagoon and outer reefs in 2-80 m."
58,5e8bbbf9-aed7-530e-894d-58494fbef5ec,Broom Filefish,Amanses scopas,included,,True,SRC-9B617BBB,409,410,tr,high,100,high,,,ID: Dark brown with black tail; several blackish bars on mid- side. Males - Patch of long black spines in front of tail hase. Females - Patch of short bristles in front of tail base. Solitary or in pairs. Seaward reefs in 3-18 m.
59,ce4fb4a5-400a-5df6-a564-6209fb322131,Largespined Glassfish,Ambassis macracanthus,included,,True,SRC-CB839772,267,268,br,high,100,high,,,ID: Translucent with narrow dark scale margins and silvery reflections on head and belly region. Form aggregations. Near stream mouths of coastal waters to 4 m.
60,836e7a55-0a3a-502c-992f-b07d94c075f7,Twinspot Hawkfish,Amblycirrhitus bimacula,pending_review,account transcription confidence is not high; identification descriptions are not high-confidence transcriptions,True,SRC-3FE335B8,167,168,tl,high,100,medium,,,ID: Whitish undercolor with imegular brown bars; pale-edged black spots under rear dorsal fin and on gill cover. Solitary and cryptic. Caves and crevices of seaward reefs in 2-20 m.
61,22f6fb26-42df-5301-8e88-0a193795c0d2,Arcfin Shrimpgoby,Amblyeleotris arcupinna,pending_review,account transcription confidence is not high; identification descriptions are not high-confidence transcriptions,True,SRC-614545A5,303,304,tl,high,100,medium,,,"ID: Tan with 5 brown bars with diffuse edges; arc-shaped mark on first dorsal fin, dark wedge-shaped mark below eye often dark brown speckling on back. Share burrow with alpheid shrimp. Sand bottoms of lagoons and sheltered reefs in 10-30 m."
62,5b8e4033-b73d-55a8-97d8-f50feb237262,Eyebrow Shrimpgoby,Amblyeleotris diagonalis,pending_review,identity confidence is below the inclusion threshold; account transcription confidence is not high,True,SRC-6AB0A42A,302,303,br,low,60.8,medium,,,sp: Palo ten with Sreddish brown bars; hewn apocting oo Sesceusameaar on. 1 wa shrimp. Coastal sand slopas in 7-25 m. reali rin areas
63,6c97e514-395d-5f01-a4b1-d11e0cc60de4,Red-banded Shrimpgoby,Amblyeleotris fasciata,pending_review,account transcription confidence is not high; no identification description,True,SRC-FA557E9B,304,305,tl,high,100,medium,,,
64,14548b26-3ece-526f-ab9c-ab5293546dbf,Giant Shrimpgoby,Amblyeleotris fontanesii,included,,True,SRC-57FEF4B5,303,304,ml,high,100,high,,,"ID: Large, about twice the length of similar species; white with 5 brown bars; small orange spots on head. Share burrow with alpheid shrimp. Sand bottoms of lagoons and sheltered reefs in 5-30 m."
65,859c9526-abb0-518f-a3f4-62883e31fd67,Nakedhead Shrimpgoby,Amblyeleotris gymnocephala,pending_review,account transcription confidence is not high; identification descriptions are not high-confidence transcriptions,True,SRC-1A0A75F8,302,303,bl,high,100,medium,,,"ID: Tan with 5 brown diffuse bars on side; dark markings on back between bars, may display dark brown stripe behind eye and thin brown bar below eye. Share burrow with alpheid shrimp. Lagoons and seaward slopes in 5-35 m."
66,368ce0a4-9c3f-59e7-96e0-7fce888df4a6,Wide-barred Shrimpgoby,Amblyeleotris latifasciata,included,,True,SRC-2FA1D0BA,304,305,mr,high,100,high,,,"ID: Brown, may have 3-4 broad dark bars; bluish spots on head, orange spots on body, pale-edged orange spots on Ist dorsal fin and on tips of 2nd. Share burrow with alpheid shrimp. Sand bottoms of lagoons and seaward reefs in 5-40 m. | ID: Brown, may have 3-4 broad dark bars; bluish spots on head, ale-edged orange spots on: 1st stainap. Sand bottoms of lagoons and seaward reefs in 5-40 m,"
67,47231fc4-5ce8-50ef-9c76-33e00a6e107a,Broad-banded Shrimpgoby,Amblyeleotris periophthalma,pending_review,account transcription confidence is not high; identification descriptions are not high-confidence transcriptions,True,SRC-7FEDE745,303,304,br,high,100,medium,,,"ID: Tan with six dark brown bars on head and side; irregular brown blotches between bars, dark-ringed orange spots on head. Share burrow with alpheid shrimp. Sand bottoms of Jagoons and seaward slopes in 3-35 m."
68,4d6ab6cf-33e7-53fc-8d1a-d019f60f25f5,Volcano Shrimpgoby,Amblyeleotris rhyax,pending_review,no identification description,True,SRC-4CE53DBA,304,305,tr,high,100,high,,,
69,66b2de30-4554-5954-a71d-5f4abb7519f9,Redbarred Shrimpgoby,Amblyeleotris steinitzi,pending_review,identity confidence is below the inclusion threshold,True,SRC-E52A49C4,302,303,ml,low,58,high,,,"‘WD: Tan with 5 reddish brown tail; black Iodide wth ng spc oro ce a dompal fins. Share burrow with alpheid shilimp, Send’bottams of lagouis and sheltered coastal reets in 12-96 rm,"
70,c916c581-d440-53dc-84f3-82f5f9af7d49,Gorgeous Shrimpgoby,Amblyeleotris wheeleri,pending_review,account transcription confidence is not high; identification descriptions are not high-confidence transcriptions,True,SRC-C5807C98,304,305,ml,high,100,medium,,,"ID: Six dark red bars with yellowish spaces between scattered red spots on head and blue spots on body, blue- edged red stripe on anal fin. Share burrow with alpheid shrimp. Lagoon and outer reef slopes in 2-28 m."
71,7ddc13bb-135a-5678-a105-67e3ceb4120f,Staghorn Damsel,Amblyglyphidodon curacao,pending_review,account transcription confidence is not high; identification descriptions are not high-confidence transcriptions,True,SRC-05746223,62,63,ml,high,100,medium,,,"ID: Pale greenish to whitish with three wide, dark green bars mid-body may be yellow. Usually form groups. Commonly shelter among branches of staghom Acropora coral on coastal reefs, lagoons and outer slopes to 15 m."
72,0ed08b3f-ca79-51f3-9a4e-d945c0201e84,Green Damsel,Amblyglyphidodon indicus,included,,True,SRC-0A3D2741,63,64,tr,high,100,high,,,"ID: Green upper body gradating to gray or yellowish below Rartow dark borders on tail. Long considered a variation of White-belly Damsel, but is an undescribed species. Solitary or form small groups. Near shore and outer reefs in 5-45 m."
73,4932a8c9-6671-585a-b0e9-5d5b6f21d28e,White-belly Damsel,Amblyglyphidodon leucogaster,pending_review,account transcription confidence is not high; no identification description,True,SRC-83F3E042,63,64,tl,high,100,medium,,,
74,505cecfb-d43f-549a-986a-02da898f604e,Ternate Damsel,Amblyglyphidodon ternatensis,pending_review,account transcription confidence is not high; identification descriptions are not high-confidence transcriptions,True,SRC-1AFE8DCD,62,63,mr,high,100,medium,,,ID: Whitish often with yellow hue and silvery reflections on j forehead and back; upper edge of tail base blackish and yellow ventral fins. Usually form groups. Shelter within branching corals of protected coastal reefs to 12 m.
75,f6107014-2815-50ab-94e5-a90faf5a394e,Buan Goby,Amblygobius buanensis,included,,True,SRC-9E86D1C5,314,315,mr,high,100,high,,,"ID: Pale gray with 3 reddish to dark stripes on upper body 5 diffuse dark gray blotches on mid to lower side, pair of white spots on tail base. Solitary or in pairs. Silty shores often near mangroves ta 3-25 m."
76,f71a60ad-7332-55cb-8088-ffc5adbae130,Freckled Goby,Amblygobius bynoensis,pending_review,no identification description,True,SRC-669CE579,315,316,bl,high,100,high,,,
77,86d21865-e1bd-56c8-a7e1-dcca1ddbf9b1,Crosshatch Goby,Amblygobius decussatus,included,,True,SRC-62CDDB84,314,315,ml,high,100,high,,,"ID: Pale bluish gray: about 9 orange body bars intersect about 5 orange stripes, 2 of the stripes extend onto head with dark borders, orange spot on tail base. Silt and mud and fine-sand bottoms of lagoons and sheltered bays in 3-25 m."
78,b15ce03b-3f0c-5f85-83bc-0f58a23f2bee,Snoutspot Goby,Amblygobius esakiae,pending_review,account transcription confidence is not high; identification descriptions are not high-confidence transcriptions,True,SRC-A1032697,315,316,br,high,100,medium,,,"ID: Dull brownish to blue-gray; dark spots on snout, broken black stripe behind eye and another from gill cover through pectoral base onto body. In pairs. Silt or sand bottoms of estuaries and sheltered bays in 2-15 m."
79,54ff8265-8dd3-561f-ac8b-3c94d57cd24c,Yellowstripe Goby,Amblygobius hectori,pending_review,account transcription confidence is not high; identification descriptions are not high-confidence transcriptions,True,SRC-5C39A0C9,314,315,tl,high,100,medium,,,"ID: Dark brown with 4 bright yellow stripes; black spot on 1st dorsal fin, yellow-edged black spot on 2nd dorsal fin and black spot on upper tail base. Solitary. Sand bottoms near base of reef formations in 3-30 m."
80,5ff62de6-cf73-5610-abbb-56f8ba88bda1,Nocturn Goby,Amblygobius nocturnus,pending_review,identity confidence is below the inclusion threshold; account transcription confidence is not high; identification descriptions are not high-confidence transcriptions,True,SRC-0E4CF18B,314,315,bl,high,94.2,medium,,,ID: Pale gray with orangish stripe from snout through eye and fading onto body. Solitary or in pairs. Silt and mud and fine-sand bottoms of lagoons and sheltered bays in 3-25 m.
81,3f2c4104-972b-5406-8336-5330d6fd1bcc,Banded Goby,Amblygobius phalaena,pending_review,account transcription confidence is not high; no identification description,True,SRC-62A94D4D,315,316,ml,high,100,medium,,,
82,ec0c16ae-cbcb-5b25-8d67-0e07393d0c42,Old Glory Goby,Amblygobius rainfordi,pending_review,account transcription confidence is not high; identification descriptions are not high-confidence transcriptions,True,SRC-D79225EF,314,315,tr,high,100,medium,,,"ID: Charcoal-gray: 5 orange stripes, row of white spots on upper back, yellow-edged black spot on 2nd dorsal fin and black spot on upper tail base. Solitary or form small groups. Sand bottoms near base of reef formations in 3-30 m."
83,0efb6da7-1078-5f70-844b-b1b324969c2b,Sphynx Goby,Amblygobius semicinctus,included,,True,SRC-6666665E,315,316,tr,high,100,high,,,"ID: Dark greenish brown; 6 black-edged white bars on belly irregular white spots on cheek and body, dark spot on upper tail base; filamentous 1st dorsal fin. Sand and rubble bottoms of reef flats and sheltered shores in 1-20 m. | ee fatten “Goniieee D: Sreenioh brown: ; 6 6 bhack- edged Wl oni bey, gegen pens co chad and hoy, Gack spot cn wpe base; filamentous 1st dorsal fin. Sand and rubble Honame al root fess Got sheered shores in 1-20"
84,cad0b06b-183d-5822-a574-c6453e9227ec,Sphynx Goby,Amblygobius sphynx,pending_review,account transcription confidence is not high; identification descriptions are not high-confidence transcriptions,True,SRC-0AE70B73,315,316,tl,high,100,medium,,,ID: Yellowish or greenish brown; 5-6 dark brown bars interspersed with white bar-like markings. Solitary or in pairs. Sheltered sand bottoms or seagrass beds in 1-20 m
85,cef722c3-3ee4-562f-8d80-3a5ce0a1da4e,Black-banded Demoiselle,Amblypomacentrus breviceps,pending_review,account transcription confidence is not high; no identification description,True,SRC-30FE47FF,63,64,ml,high,100,medium,,,
86,5444daae-f71a-5f48-a0f1-7264b6540c54,Banggai Demoiselle,Amblypomacentrus clarus,pending_review,identity confidence is below the inclusion threshold; account transcription confidence is not high; identification descriptions are not high-confidence transcriptions,True,SRC-5BED92A4,63,64,mr,high,99.8,medium,,,"ID: Similar to Black-banded Demoiselle, [previous], but dark bars more intense and not joined by dark dorsal fin margin also lack brownish tones and no yellow on young. Usually form small groups. Silty sand bottoms of sheltered bays and harbors in 15-30 m."
87,510759f2-5e56-5262-898e-4795e443e20f,Ocellated Coralfish,Amphichaetodon howensis,pending_review,account transcription confidence is not high; identification descriptions are not high-confidence transcriptions,True,SRC-DC74DAEE,27,28,bl,high,100,medium,,,"ID: Altemating black and silver-whuite bars; yellow hue on. back. On rocky reefs with some live corals. Typically at least 50 m, but occasionally shallow."
88,8d50cac8-798a-5abd-9bc3-1dcd62554265,Skunk Anemonefish,Amphiprion akallopisos,pending_review,no identification description,True,SRC-A3557FC6,64,65,tl,high,100,high,,,
89,d6236911-480c-5612-a473-a7872f19838c,Barrier Reef Anemonefish,Amphiprion akindynos,pending_review,account transcription confidence is not high,True,SRC-0DD4EF02,66,67,tr,high,100,medium,,,"pait of white or pale bluish bars, 1D; Light to dank brown: Re head. bar often. Sonstiiched ot digcontinuous Gin actoss top of head, Live with at least 6. species in 3-25.m,"
90,87727436-cafc-58b3-8818-f77fcbf554b7,Spinecheek Anemonefish,Premnas biaculeatus,included,,True,SRC-2D889F83,67,68,mr,high,100,high,,,ID: Mole- Brilliant red to brownish red with 3 narrow white to gray bars; pair of long spines on cheek. Live in Bulb-tentacle Anemone to 18 m.
91,fc19506c-26a7-5295-94f9-8ea7392c63a5,Orange-finned Anemonefish,Amphiprion chrysopterus,pending_review,account transcription confidence is not high; no identification description,True,SRC-6ADF46E9,64,65,bl,high,100,medium,,,
92,24e5ea29-f314-5073-b0f1-33cae6aa1dcd,Clark's Anemonefish,Amphiprion clarkii,pending_review,account transcription confidence is not high; identification descriptions are not high-confidence transcriptions,True,SRC-AAFB2325,65,66,tl,high,100,medium,,,"ID: Black to entirely orange with pair of white or pale bluish bars, second bar wide; tai) white or yellow, usually with abrupt. boundary if body dark; other fins variably black to yellow- orange. Live with 10 anemone species to 55 m."
93,ede59589-a226-5d66-abd3-54fe330db542,Red Saddleback Anemonefish,Amphiprion ephippium,pending_review,account transcription confidence is not high,True,SRC-79D368B8,66,67,br,high,100,medium,,,"—_‘ID: Rad toreddish orange with varisble amount of black an rear borty (no pial bast; ae ber Leg Nae, savant sacart anon pwiite bead ial reels ige 16m. Bast Indian Oosan: Andaman Sea to Sumatra and Jaya in"
94,307d119a-c18f-5993-ace3-ade1a5cbfe7e,Tomato Anemonefish,Amphiprion frenatus,pending_review,account transcription confidence is not high; identification descriptions are not high-confidence transcriptions,True,SRC-2AD25F03,65,66,ml,high,100,medium,,,ID: Made - Orange to red with a single white or pale bluish head bar; male considerably smalter than female. Live with Bulb- Tentacle Anemone on reefs to 12 m.
95,204faa4f-48e4-554f-a24a-64711ec1042d,Wide-band Anemonefish,Amphiprion latezonatus,pending_review,account transcription confidence is not high; identification descriptions are not high-confidence transcriptions,True,SRC-910E651B,66,67,bl,high,100,medium,,,ID: Dark brown to black with wide pyramid-shaped white area covering most of side; white bar on head and across tail base. Live most commonly with Leathery Anemone on rocky and inshore reefs in 10-45 m.
96,85db1c57-5a28-50bf-ba36-1715f863256f,White-Bonnet Anemonefish,Amphiprion leucokranos,pending_review,account transcription confidence is not high; no identification description,True,SRC-36476CAF,64,65,mr,high,100,medium,,,
97,8439dc39-4aca-5c2a-84a0-9a4f1b0b1052,McCulloch's Anemonefish,Amphiprion mecullochi,included,,True,SRC-D1717E40,66,67,tl,high,100,high,,,ID: Dark brown to black with whitish snout and tail; white head bar does not cross over head. Lagoons and rocky shoreline reefs. Live most commonly with Bull-Tentacle Anemone in 2-45 m.
98,c059528c-f884-5b96-b67b-d912a33846b1,Red and Black Anemonefish,Amphiprion melanopus,included,,True,SRC-E164A444,65,66,bl,high,100,high,,,ID: Reddish orange with variable amounts of black on sides; a white to pale bluish bar on head. Young are overall reddish orange with 2-3 narrow white bars. Live with 3 anemone species in lagoons and outer reefs to 10 m.
99,7ebe7f91-c40d-5a59-9ba7-ae78b9f3b207,False Clown Anemonefish,Amphiprion ocellaris,pending_review,identity confidence is below the inclusion threshold; account transcription confidence is not high,True,SRC-2CB949C7,67,68,tl,high,97.6,medium,,,"ID: Orange with 3 white bars, middle bar has forward-projecting bulge; variable amounts of black edging on bars and fins. Shoreline reefs to 15m. | WD: Ormnge wt 5. white bars, riche bar ses freee gncieing = Shoveline reefs to 16 1"
100,96286484-6a1a-599a-af20-aa32f53d780a,Big-lip Damsel,Amphiprion percula,pending_review,identity confidence is below the inclusion threshold; identification descriptions are not high-confidence transcriptions,True,SRC-BE86D5BA,67,68,br,low,55.1,high,,,i Brown: ian igwollen Saborsd storing eelove 9
101,5a9d2557-1ac8-5a27-a207-a10cd805a8ed,White-Bonnet Anemonefish,Amphiprion perideraion,pending_review,identity confidence is below the inclusion threshold,True,SRC-790F955E,64,65,ml,high,96,high,,,"ID: Pink to orange; narrow white head bar, and white dorsal stripe from between eyes to tail. Live with 4 anemone species but most commonly with the Magnificent Anemone on reefs in 3-20 m."
102,1a4d2ed5-661e-54ea-babc-90346c70bd83,Saddleback Anemonefish,Amphiprion polymnus,pending_review,identity confidence is below the inclusion threshold,True,SRC-D5629C0E,66,67,ml,high,95.4,high,,,ID: Varying amounts of black to dark brown and yellow- orange; white head bar and broad somewhat forward slanting mid-body bar: white edging on black tail. Usually with Haddon's Anemone on sandy bottoms in 2-36 m.
103,f647c25c-6bf5-53f9-bb4e-1b5694b0f6a6,Northwest Australian Anemonefish,Amphiprion rubrocinctus,pending_review,identity confidence is below the inclusion threshold; account transcription confidence is not high; identification descriptions are not high-confidence transcriptions,True,SRC-EFD49385,67,68,ml,high,95.6,medium,,,ID: Red to orange with variable amounts of black on head and body; white or pale bluish head bar {in larger females often narrow with poorly defined edges). Similar Tomato and Black and Red Anemonefish [previous] distinguished by location. Live with Bulb-tentacle Anemone on reefs to 8 m.
104,c9d72d7b-3fb3-51e0-a77d-71f200cc3f34,Orange Anemonefish,Amphiprion sandaracinos,pending_review,account transcription confidence is not high; no identification description,True,SRC-A7DA3129,64,65,tr,high,100,medium,,,
105,57b0c496-5e62-5c35-ba27-1114cd362637,Sebae Anemonefish,Amphiprion sebae,pending_review,account transcription confidence is not high; identification descriptions are not high-confidence transcriptions,True,SRC-735C3E3C,66,67,mr,high,100,medium,,,1D: Varin amount of Had to dak brown and yor orange; ‘broad somewhat fonvand slanting ithe head bas end) mid-body ber; white on black tail Usually with Haddon's Anemone-on sary’ in2-35m
106,8117323c-8543-56c3-b65c-1754f58c2849,Threeband Anemonefish,Amphiprion tricinctus,pending_review,identity confidence is below the inclusion threshold; no identification description,True,SRC-E7DE3E3A,64,65,br,medium,78.6,high,,,
107,1d3e78d8-05df-5778-af5b-6568f1847926,Bearded Filefish,Anacanthus barbatus,included,,True,SRC-F64F7F5C,413,414,br,high,100,high,,,ID: Elongate with long dark barbel (beard) extending from chin; shades of brown with netted pattern of dark markings and dusky bars. Solitary or small groups in mixed sand-weed areas. Coastal reefs and mangrove estuaries in 3-20 m.
108,e979a8ba-3092-51e7-977c-0c8f3166cd31,Blue-spotted Wormfish,Anampses caeruleopunctatus,pending_review,account transcription confidence is not high,True,SRC-F53137A1,206,207,ml,high,100,medium,,,3D: TP - Green to browmiish green with bine to blue-green veatical stzeak on each scale; yellow to lime-green bar on forebody. ‘Solibary of with one or more females. Solitary or in pairs; bury ‘insend ot right. Shallow coral o¢ rocky reefs to 30:m. Tndo-Pantilc: Rod Sea.and &. Africa to Raster ls. in soutlieastem
109,75f658eb-a4f4-5a43-980c-5d1d0338ea9a,Elegant Wormfish,Anampses elegans,pending_review,identity confidence is below the inclusion threshold; account transcription confidence is not high; identification descriptions are not high-confidence transcriptions,True,SRC-45DFE519,207,208,mr,low,,low,,,—_— TD: Yellowish white vrith pele bine vertical lines or spots on. Stems cevaoe sions a COVST ARG Of Tear. andanal fing. Pa
110,2da89800-d1d6-57b4-b657-f27206abc138,Feminine Wormfish,Anampses femininus,pending_review,no identification description,True,SRC-79E5BC45,206,207,tl,high,100,high,,,
111,767fffe6-58ae-57e8-9002-6c89f4ec5947,Geographic Wormfish,Anampses geographicus,pending_review,account transcription confidence is not high; identification descriptions are not high-confidence transcriptions,True,SRC-BDFE1AF8,207,208,bl,high,100,medium,,,"ID: 1? - Brown to alive with thin dark bluish outlines on scales line markings on head, narrow bluish borders on dorsal, anal and tail fins. Solitary. Mix with algae and soft corals on reef tops and slopes to 25 m."
112,11845ac9-0987-5897-b8a5-8ca18ab86592,Goldstripped Wormfish,Anampses lennardi,pending_review,identity confidence is below the inclusion threshold; account transcription confidence is not high; identification descriptions are not high-confidence transcriptions,True,SRC-E10FF7AF,207,208,tl,low,,low,,,"iD: @ - Blue with dd odeasionally broken stripes ce, Sane yroupe. Coastal rests ia’ 24 +H pelos or i"
113,83fac933-9800-5185-b064-1537dd378d2b,Lined Wrasse,Anampses lineatus,included,,True,SRC-1E2BDA42,205,206,mr,high,100,high,,,ID: TP - Black with white spots or horizontal lines on sides white bar across base of black tail. P - White bar across hase of red tail. Solitary or form small groups; bury in sand at night. Outer reefs and lagoons in 20-45 m.
114,fe218dcc-8fe2-5b85-b91d-9fee5a75a984,Yellowtail Wormfish,Anampses meleagrides,pending_review,identity confidence is below the inclusion threshold,True,SRC-2F0B9314,205,206,bl,high,98.8,high,,,"ID: TP - Reddish to greenish brown with vertical blue streak on each scale; bluish crescent followed by white margin on tail. Usually solitary or form smal! groups with females. Solitary or small groups. Coral, rubble and sand of seaward reefs in 4-60 m."
115,32c1deda-b6b1-5f2a-8435-53ce979791d4,New Guinea Wormfish,Anampses neoguinaicus,pending_review,account transcription confidence is not high; identification descriptions are not high-confidence transcriptions,True,SRC-28CFB3AD,207,208,ml,high,100,medium,,,ID: TP - Yellowish white with pale blue vertical lines on scales; upper head dark with blue line markings. salmon blue and black spot behind edge of upper gill cover. Solitary. Coral-rich seaward slopes in 4-30 m.
116,6568a4f3-a8f9-51d1-9efb-72f328ce7b0c,Yellow-breasted Wormfish,Anampses twistii,pending_review,account transcription confidence is not high,True,SRC-230D9D67,206,207,bl,high,100,medium,,,"‘ID: IP- Purplish brown with horizontal rows of small white ‘spots, yellow Jower head and forshatty;, yellow bar gamit side. Salary ‘or in pairs. Lagoons outer reeisin and i"
117,176416b5-8eae-5711-aac0-b051d20caf07,Long Filament Dragonet,Anaora tentaculata,pending_review,identity confidence is below the inclusion threshold; identification descriptions are not high-confidence transcriptions,True,SRC-EC684F8F,292,293,ml,low,39.7,high,,,on head; 19t 2 domal fin spines.
118,648e1426-7598-5705-9ea2-e0a68ee49f75,Four-fingered Blenny,Andamia tetradactylus,pending_review,identity confidence is below the inclusion threshold; account transcription confidence is not high; no identification description,True,SRC-E5068E35,344,345,ml,high,91.3,medium,,,
119,18a2db4b-5edb-552b-98e3-fb681516609c,Twofin Flashlightfish,Anomalops katoptron,pending_review,account transcription confidence is not high; identification descriptions are not high-confidence transcriptions,True,SRC-ADA9ACEB,401,402,bl,high,100,medium,,,"ID: Dark red-brown with black head and fins; oval-shaped light organ below eye, 2 dorsal fins. Individual to 12 cm form aggregations within caves on slopes to 40 m during moonless nights; larger individuals dwell in 200-400 m."
120,511fd720-d0a1-53f2-be50-5d1006692307,Brackish Frogfish,Antennanius biocellatus,pending_review,no identification description,True,SRC-ED4FF8B9,363,364,bl,high,100,high,,,
121,17532f45-593e-5a9d-8147-f0e6e0072f0c,Freckled Frogfish,Antennanius coccineus,included,,True,SRC-68990319,366,367,ml,high,100,high,,,"ID: Lack tail base (dorsal and anal fins end at start of tail) short lure half height of adjacent dorsal ray; highly variable color from drab shades to red. Solitary and cryptic. Reef crevices or among rubble of coastal, lagoon and outer reefs to 75 m. | 1D: Leck tail base (dorsal and anai fins end at start of tafi), short jure half height of adjacent dorsal ray; highty variable ‘bla fromn drab shades to red. Satary and cryptic. Reet creviogs ‘or among rubble of constal, lagoon and outer reefs to 75 m."
122,1eddfcd4-425d-5bfa-8a5d-b97f12a32213,Giant Frogfish,Antennanius commersoni,pending_review,identity confidence is below the inclusion threshold; account transcription confidence is not high; identification descriptions are not high-confidence transcriptions,True,SRC-E1ED800F,363,364,tl,high,97,medium,,,"ID: Large with few warty projections; highly variable often acquiring color of surroundings. Solitary, frequently on sponges. Coastal, lagoon and outer reefs to 50 m."
123,abfae873-7f7b-571f-a589-773258e6a437,Cryptic Frogfish,Histiophryne cryptacanthus,pending_review,identity confidence is below the inclusion threshold; account transcription confidence is not high; identification descriptions are not high-confidence transcriptions,True,SRC-3C4DAD91,367,368,bl,high,95.8,medium,,,"ID: Lure inconspicuous, dorsal spines embedded in fleshy hump; highly variable coloration that blends with surroundings. Solitary. Often on sponges in reef crevices of coastal reefs in 4-130 m. '"
124,2bf576a9-3639-5588-a8e9-719e9df5b221,Banatail Frogfish,Antennanius dorehensis,included,,True,SRC-0F1AE77E,365,366,bl,high,100,high,,,"ID: Smail; color highly variable, but usually drab shades often bands on tail. Solitary and cryptic. Wedge in cracks and crevices of sheltered reefs. usually in less than 1 m."
125,aba9fa80-8926-5837-aa46-ae4d6d663715,Hispid Frogfish,Antennanius hispidus,included,,True,SRC-FF9C10C6,365,366,br,high,100,high,,,"ID: Pom-pom like tip on lure and scattered filamentous skin appendages; variable beige, yellow, orange, white or black often display zebra-like banding, Solitary. Often among leaf debris of coastal reefs to 69 m. | TDi Foes-poan His tip on he and soutteeedt flarnontrts abn appendages; variable beige, yellow, otange, white: ‘bigok, often display zebra-like banding, Solitary. Often among leaf abuts. of coastal roefs to 69 m,"
126,6550b446-9594-5409-b24c-da46b4ce705a,Warty Frogfish,Antennanius maculatus,pending_review,account transcription confidence is not high; no identification description,True,SRC-2CBCC73C,365,366,tl,high,100,medium,,,
127,f7c796ba-9c90-51d6-b1c3-1553c14b0e8e,Spotfin Frogfish,Antennanius nummifer,pending_review,account transcription confidence is not high; identification descriptions are not high-confidence transcriptions,True,SRC-B5116356,366,367,tl,high,100,medium,,,"ID: Short angling rod, definite peduncle “stem” between dorsal and tail fins: variable coloration depending on background pale-ringed dark spot at base of rear dorsal fin. Solitary wedge in reef crevices. Inshore and offshore reefs to 176 m."
128,a95f783f-3346-5ba0-9c6a-c38b5523cb24,Painted Frogfish,Antennanius pictus,pending_review,no identification description,True,SRC-9FAB7F03,364,365,tl,high,100,high,,,
129,822152d8-2761-549b-a5be-130b7eb52812,Randall's Frogfish,Antennanius randalli,pending_review,identity confidence is below the inclusion threshold; account transcription confidence is not high,True,SRC-FE771894,367,368,tl,high,94.2,medium,,,"ID: Small; highly variable in shades of yellow to red to brown. and black; consistently marked with small white spot behind eye, another above pectoral fin and a 3nd on upper edge of tail. Solitary. Seaward reefs in 8-30 m. | ick sms ha ain SEE ar ee te sat cigent a Solan Seaveard roots ih 8-20 m. Danifles Tndinnccia and Dhilinninad tn Linrohell Yo in Mirenania"
130,a12c27b5-d840-5fc0-b824-9ab60284670a,Striped Frogfish,Antennanius striatus,pending_review,account transcription confidence is not high,True,SRC-B0A602A2,366,367,bl,high,100,medium,,,ID: Long lure with worm-like tip; highly variable coloration usually with dark zebra-like banding and often with filamentous skin appendages. Solitary. Frequently on sand or mud bottoms in depths to 218 m. | a ee aT areas win feud foes bent HO. Eedo-Pactfic: Red Sen pred Aftica to Hawn and Socisty 8. K in French Polynesia: - Japan to New Zealand.
131,19cfd51a-0241-57a4-9c1d-6266c0cb4d3c,Bandfin Frogfish,Antennanius tuberosus,pending_review,account transcription confidence is not high; identification descriptions are not high-confidence transcriptions,True,SRC-3B4EE7D1,367,368,mr,high,100,medium,,,"ID: Small; tan to brownish with reticulum of dark lines, may display patches of color to enhance camouflage, dark bar on pectoral and tail fins. Solitary. Stony coral branches in coral teefs to 73 m."
132,3bb9809f-a231-5b93-89ec-9225690bfdd8,Slender Grouper,Anyperodon leucogrammicus,included,,True,SRC-77D1BC76,154,155,tl,high,100,high,,,"ID: Slender body; greenish to brownish gray with red- orange spots covering head and body; usually 3-4 pale stripes of variable intensity depending on mood. Solitary fish predators. Sheltered coastal and outer reefs in 5-80 m. | to brownish gray with red- 1: Sunder body, og a aly 3 4 pale hw a, mood. Solitary; Sel ndasore Soeteerad piles en pre themes ‘80m."
133,44773a33-ac23-5c9f-bf7c-14de597e5840,Smalltooth Jobfish,Aphareus furca,included,,True,SRC-6167451E,110,111,tl,high,100,high,,,"ID: Blue-gray: slender body with large mouth and strongly forked tail, pectoral fins long; dark outline on rear edge and bar on gill cover. Solitary or form small groups. Lagoons and seaward reefs in 5-100 m."
134,c4332c44-4b8e-50d7-b792-7174fb600089,Longfin Waspfish,Apistus carinatus,pending_review,account transcription confidence is not high; identification descriptions are not high-confidence transcriptions,True,SRC-9D9F3AA9,378,379,br,high,100,medium,,,"ID: Shades of brown; elongate black area on mid-dorsal fin large wing-like pectoral fins, chin “whiskers”. Solitary or form groups, sometimes partly bury. Fine sand or mud bottoms of estuaries and offshore trawl grounds in 10-45 m."
135,2ea4bdac-4ec4-5f2e-affc-5ce389bb62b2,Ambon Cardinalfish,Apogon amboinensis,included,,True,SRC-677D18C7,255,256,bl,high,100,high,,,"ID: Light brown, dark mid-lateral stripe and thin dark stripe following lateral line, dark leading edge on first dorsal fin black spot on tail base. Rarely on reefs, usually in fresh or brackish water of river mouths to 3 m."
136,cdbc6f03-86f2-5960-a21e-36875f9fd47e,Striped Cardinalfish,Apogon angustatus,pending_review,account transcription confidence is not high; identification descriptions are not high-confidence transcriptions,True,SRC-EF420147,248,249,bl,high,100,medium,,,ID: White with 5 dark brown stripes; dark mid-lateral stripe enlarges into black spot on tail base. Solitary or form small groups. Inside caves and crevices of clear water seaward reefs in 5-65 m.
137,2e3b85f7-7393-50ee-aac3-fdfcaaaffd33,Goldbelly Cardinalfish,Apogon apogonides,pending_review,account transcription confidence is not high; identification descriptions are not high-confidence transcriptions,True,SRC-295AB448,251,252,mr,high,100,medium,,,ID: Mauve back gradating to yellow-orange below: scattered blue spots on side. Form aggregations. Shelter among branching corals of coastal reefs and outer slopes in 3-40 m.
138,6fb30177-eb66-56c6-8f83-9d61b9bc8fae,,Apogon aureus,pending_review,identity confidence is below the inclusion threshold; printed identity is incomplete; no identification description,True,SRC-9C10F51B,247,248,,low,51.6,high,,,
139,17ae0d04-6f6b-5f88-973a-8f7b63c12e43,Anda Cardinalfish,Apogon bandanensis,pending_review,account transcription confidence is not high; identification descriptions are not high-confidence transcriptions,True,SRC-583B47B9,253,254,ml,high,100,medium,,,"ID: Brown with 3-4 narrow indistinct bars, wedge-shaped dark mark below eye. whitish tail base with dark bar. Solitary or form small groups. Shelter among branching corals of protected reefs to 12 m."
140,a19c20ac-24e8-5869-b445-be9d1204d9ad,Ruby Cardinalfish,Apogon capricornis,pending_review,identity confidence is below the inclusion threshold,True,SRC-24F2A114,246,247,bl,medium,80.4,high,,,"ID: Yellowish undercolor; pink to blue scale margins form wavy vertical lines, pair of blue stripes from eye, black spot on tail base. In pairs or small groups. Coral and rocky reefs in 2-20 m."
141,bc837f0a-e7ac-5a9f-aa00-2b325fb78b69,Caviti Cardinalfish,Apogon cavitiensis,pending_review,account transcription confidence is not high; identification descriptions are not high-confidence transcriptions,True,SRC-9DF3257C,250,251,br,high,100,medium,,,"ID: Pinkish; bronze mid-lateral stripe with silvery white margins and narrow yellow stripe on back, small dark spot on front middle of tail. Solitary or form small groups. Silty coastal reefs to 20 m."
142,8c86603a-d15b-5f21-aaf9-0e607be2a63c,Mangrove Cardinalfish,Apogon ceramensis,included,,True,SRC-24434973,255,256,ml,high,100,high,,,ID: Semitransparent with silver to gold sheen; black spot on mid- tail base. Form aggregations in mangroves to 3 m. Distinguished from similar Coastal Cardinalfish [next] by habitat. Form aggiegations. Mangroves and sheltered bays to 3 m.
143,4931e611-9940-55af-9903-7c4fde8d89b6,Spotgill Cardinalfish,Apogon chrysopomus,pending_review,account transcription confidence is not high; identification descriptions are not high-confidence transcriptions,True,SRC-9FE8166C,252,253,tl,high,100,medium,,,"ID: Pale yellow; pair of brown stripes on upper side. small dark spot on mid-tail base, yellow spots on lower gill cover. Form aggregations. Often shelter among branching corals of protected reefs in 2-25 m."
144,176c8c3c-69f0-5c6a-9896-a39cb42670e2,Yellowlined Cardinalfish,Apogon chrysotaenia,included,,True,SRC-07969D68,250,251,tl,high,100,high,,,"ID: Pinkish yellow with indistinct bronze stripes; pair of silvery streaks through eye, blue stripe across lower cheek very tall 2nd dorsal fin. Solitary. Reef flats, lagoons and outer slopes to 10 m."
145,fbd7be94-6c5a-554a-9897-dd13eea9f7e9,Gorgonian Cardinalfish,Apogon cladophilus,pending_review,account transcription confidence is not high; identification descriptions are not high-confidence transcriptions,True,SRC-3BA5F024,255,256,tr,high,100,medium,,,"ID: Whitish to translucent; tapering dark brown often fragmented mid-lateral stripe, large black spot on tail base. Form groups. Shelter among urchin spines, black coral and gorgonian branches of protected reefs in 20-35 m_"
146,a13969e5-6aa5-599a-8110-73fca8272939,Split-banded Cardinalfish,Apogon compressus,pending_review,account transcription confidence is not high; identification descriptions are not high-confidence transcriptions,True,SRC-00089167,248,249,tl,high,100,medium,,,"ID: Pinkish with reddish brown stripes and blue eye, short stripe from upper eye to above pectoral fin. Form aggregations. Shelter within branching corals or inside ctevices of protected lagoon and seaward reefs to 10 m."
147,4f11f1fd-cf4f-547f-84a4-e469ff48e3fb,Shortstripe Cardinalfish,Apogon cookii,pending_review,identity confidence is below the inclusion threshold; account transcription confidence is not high,True,SRC-1AD55880,249,250,tl,low,,low,,,1D: Atternsting dark and white sttipes; dark mid-letetal wiripe enlarges fa Dierk Cece pelang upper eye to mid-body. or groupe. Shallow teahore roota and seovouted iagoowie 10.10
148,d0d1a86a-5291-5a7c-88ff-9a4f3327fb9f,Ruby Cardinalfish,Apogon crassiceps,included,,True,SRC-2AF4CB9A,247,248,bl,high,100,high,,,"ID: Reddish, translucent; may display diffuse dusky mid-lateral stripe. Solitary and cryptic; rarely in open except at night. Coastal and offshore reefs in 1-20 m."
149,a4014aa3-38d4-59d8-9332-6f3ec38c40ab,Yellowstriped Cardinalfish,Apogon cyanosoma,included,,True,SRC-7D82AD2E,250,251,bl,high,100,high,,,"ID: Bluish silver to mauve to pinkish white; 6 orange-yellow stripes {stripe behind eye short). Solitary, in pairs or aggregations. Around coral heads of sheltered coastal and lagoon reefs and seagrass beds to 40 m."
150,1a8b0b91-5616-5fa3-ac31-0c08685bad36,Whitespot Cardinalfish,Apogon dispar,pending_review,no identification description,True,SRC-5F4EEC24,254,255,br,high,100,high,,,
151,e3974038-c981-53df-90cf-58a884cfece3,Obliquebanded Cardinalfish,Apogon emiornatus,pending_review,identity confidence is below the inclusion threshold; account transcription confidence is not high; identification descriptions are not high-confidence transcriptions,True,SRC-804D4B74,247,248,mr,high,94.9,medium,,,"ID: Pinkish, translucent; broad reddish to dark brown and whitish bicolor band from eye to anus, broad brownish stripe on rear body. Solitary and cryptic. Inside caves and recesses of coastal reefs and seaward slopes in 3-30 m."
152,96013223-6792-5aa5-9067-af1ca7bea345,Sixstripe Cardinalfish,Apogon endekataenia,included,,True,SRC-3318B58A,249,250,ml,high,100,high,,,"ID: Whitish; 6 red-brown stripes with incomplete stripes or rows of spots between, large black spot on tail base. Form small to large aggregations. Sheltered inshore reefs, often in silty areas, to 15 m."
153,6c2d1bc6-17a3-53b9-afaf-9929e92a96eb,Oddscale Cardinalfish,Apogon evermanni,pending_review,account transcription confidence is not high; identification descriptions are not high-confidence transcriptions,True,SRC-A00439FE,247,248,tl,high,100,medium,,,"ID: Red with hint of 3-4 broad pale bars on side; dark stripe from snout to gill cover edge, dark-edged white spot at base of last dorsal rays. Solitary or in pairs: cryptic. Shelter inside caves of outer slopes in §-70 m."
154,20fb663d-92f7-5e53-bbeb-95213268048b,Mangrove Cardinalfish,Apogon exostigma,pending_review,account transcription confidence is not high,True,SRC-199A52E4,254,255,tl,high,100,medium,,,"Merrowstipe Carden - Might Phase i: Feat itm ripe ordre below wi desomnt Esdeooat yelow fmt doce fin. Feed at hight over open send Dottome next to reefs, | ‘solid unidJatazal stripe, dark spot centered road bage. et Lack yeRow leading edige on firet dorsal ena ike noes intlesoent end eigen Cextinaltah of lagen (next) Soitary ‘oc groupe. Near sonwand reais i 9-20m. | — Manrewstrige Carilnalfish - Variation ID: Same as “normal” pattem, except lack spot on tail base or spot is wory fait, Formety betisred to be separate species, A abrogramma. ‘"
155,fe89378e-a014-50d0-8f89-8e687822fcfb,Flower Cardinalfish,Apogon fleurieu,included,,True,SRC-55649B01,251,252,tr,high,100,high,,,"ID: Yellow-orange gradating to pale upper back and tail base; pair of blue stripes through eye, black bar on tail base maintains uniform width. Form aggregations. Sheltered coastal, lagoon and outer reefs to 30 m."
156,10a7c776-4c9c-5f5d-8e08-2a97bc5938a8,Spurcheek Cardinalfish,Apogon fraenatus,pending_review,account transcription confidence is not high; identification descriptions are not high-confidence transcriptions,True,SRC-B837C045,255,256,tl,high,100,medium,,,"ID: Pinkish silver; tapering solid mid-lateral stripe, dark spot centered on tail base. Solitary ot form groups. Near base of coral heads or under ledges of lagoon and seaward reefs in 3-25 m"
157,a237199d-8d10-55a3-9b11-311f7b340c81,Fragile Cardinalfish,Apogon fragilis,pending_review,account transcription confidence is not high; identification descriptions are not high-confidence transcriptions,True,SRC-E0DF98F0,256,257,mr,high,100,medium,,,"ID: Translucent with silvery reflections: scattered blue spots and markings on head and front of body, small black spot on mid-tail base, often black spot on tips of tail lobes. Solitary of in pairs. Sheltered reefs to 15 m."
158,cee4bdd1-330d-52db-a516-fcd8a4cd61ba,Faintbanded Cardinalfish,Apogon franssedai,pending_review,account transcription confidence is not high; identification descriptions are not high-confidence transcriptions,True,SRC-DC96CFD5,256,257,bl,high,100,medium,,,"ID: Pinkish, translucent; 3 dark stripes on head, thin brown mid-lateral stripe black spot on mid-tail base, may display an additional thin stripe on upper back. Form groups. Inside crevices and caves of seaward reefs in 12-40 m."
159,f9d21a43-1b8e-558b-99c0-667e4f944646,Samoan Cardinalfish,Apogon fuscus,pending_review,account transcription confidence is not high; identification descriptions are not high-confidence transcriptions,True,SRC-081E5DB3,253,254,bl,high,100,medium,,,"ID: Brown, darker on back, usually with coppery or silvery teflections; wedge-shaped bar helow eye, dark saddle on upper tail base. Form aggregations. Often shelter within staghorn corals of protected seaward slopes to 20 m."
160,bf91801f-2440-57b5-bf5e-65d1a5dc5c89,Gilbert's Cardinalfish,Apogon gilberti,pending_review,identity confidence is below the inclusion threshold; account transcription confidence is not high; identification descriptions are not high-confidence transcriptions,True,SRC-F9CA965B,259,260,tl,high,95.1,medium,,,"ID: Pale brown to mauve with bluish belly; blue spots on head and front of body, often black marks on tips of tail lobes. Form large aggregations. Shelter among branching corals of protected reefs in 2-10 m."
161,e66a114e-a8ac-5bf6-9faa-58942493061f,Hookfin Cardinalfish,Apogon griffini,pending_review,identity confidence is below the inclusion threshold; account transcription confidence is not high; identification descriptions are not high-confidence transcriptions,True,SRC-2486512B,253,254,mr,high,90.1,medium,,,"ID: Golden brown head, pinkish to purplish mid-body with dark scale margins and pale tail base, orange to yellowish fins; first rays of 2nd dorsal fin elongate. Around rock and weed areas with scattered coral to 10 m."
162,91224400-e35c-57d1-9d48-7742728b5fe0,Guam Cardinalfish,Apogon guamensis,pending_review,account transcription confidence is not high; identification descriptions are not high-confidence transcriptions,True,SRC-9C216976,253,254,br,high,100,medium,,,"ID: Pale brown; narrow dark band below eye, may display dark bar on tail base. Solitary or in pairs; cryptic, ventures in the open at night. Reef flats and shallow lagoons to 3m."
163,c9adaaba-1736-5217-909f-09e6c2d45f89,Hartzfeld’s Cardinalfish,Apogon hartzfeldii,pending_review,account transcription confidence is not high; identification descriptions are not high-confidence transcriptions,True,SRC-2AAFF18F,257,258,tl,high,100,medium,,,"ID: Purplish brown; pair of silver-white stripes through eye and thin white stripes on upper head and back, black spot on mid-tail base. Form smal! groups. Shelter among sea urchin spines on coastal reefs and lagoons to 12 m."
164,4e5fbed6-f99a-57c1-b1a1-1448befb9b5f,Frostfin Cardinalfish,Apogon hoevenii,pending_review,account transcription confidence is not high,True,SRC-A13E3090,251,252,br,high,100,low,,,"ID: Pale yellowish brown head and manye body; white-cdged. ‘et dorsal fin, small white spot below hase of lext darsal ray. Form groups, Shelter near corals, weeds and sea urchins of sheltered reef elopes to 30 m."
165,71900f5c-65a6-5f89-a4e6-4d8f3d20024d,Copperstriped Cardinalfish,Apogon holotaenia,included,,True,SRC-9F7791AB,249,250,tr,high,100,high,,,"ID: Pinkish; 6 copper-brown stripes, mid-lateral stripe extends onto tail, short stripe from upper eye to mid-body; row of pearly spots on lower head and helly. Form aggregations. Coastal reefs and silty areas in 15-35 m."
166,e0a21650-1c07-5add-8f94-e8f194f60d3e,Humpbacked Cardinalfish,Apogon hyalosoma,pending_review,identity confidence is below the inclusion threshold,True,SRC-6DE5FF36,258,259,ml,low,21.8,high,,,‘3D: Whitieh to light pinkish brown; black lending: onfiet ana atredrn miouthe to 3m.
167,571cf93b-0359-5486-82c7-27dcca499bad,Iridescent Cardinalfish,Apogon kallopterus,included,,True,SRC-6E5F466D,254,255,mr,high,100,high,,,"ID: Pale pinkish brown; dark mid-lateral stripe of uniform width, black spot centered above mid-tail base, yellow leading edge on first dorsal fin. Solitary or form small groups. Lagoon and seaward reefs in 3-45 m."
168,439b85d7-e784-5a22-ac4e-85c85b666b0d,Anda Cardinalfish,Apogon kiensis,included,,True,SRC-205D9A5D,252,253,mr,high,100,high,,,"ID: Silvery white: pair of narrow dark stripes and adjacent white stripes on upper body, the mid-lateral stripe extends onto tail. Solitary or form small groups. Sandy slopes of coastal reefs and lagoons in 8-39 m."
169,ee1e1a26-f633-5278-8c41-68473dcaa011,Coastal Cardinalfish,Apogon lateralis,pending_review,account transcription confidence is not high; identification descriptions are not high-confidence transcriptions,True,SRC-F7246B2A,255,256,mr,high,100,medium,,,"ID: Semitransparent with silvery reflections; narrow dark mid-lateral stripe, small spot on mid-tail base. Form aggregations. Coastal reefs to 15 m. Distinguished from similar Mangrove Cardinalfish [previous] by reef habitat. Form aggregations. Coastal reefs to 15 m."
170,b97b5ab6-7da6-528f-916d-0bdb5854c15b,Threadfin,Apogon leptacanthus,included,,True,SRC-2BB42BF3,259,260,tr,high,100,high,,,"ID: Whitish, translucent with frosty iridescence on back blue iris; yellow-edged blue bands and bars on rear head and front of body; long first dorsal-fin tip. Form groups. Shelter among branching corals of protected reefs in 2-12 m."
171,643f23eb-9752-5d49-a7a4-096e38cbe2f5,Linespot Cardinalfish,Apogon lineomaculatus,included,,True,SRC-AC8191BA,254,255,bl,high,100,high,,,"ID: Pinkish sliver; thin dark stripe fram eye to black spot on tail base with pearly white leading edge, black tip on 1st dorsal fin. Solitary or form small groups in crevices: ventures over open sand at night. Seaward slopes in 8-32 m."
172,e4aa0d64-4005-5f09-9319-40248fe943e1,Yellow Cardinalfish,Apogon luteus,included,,True,SRC-9C32BB4D,251,252,bl,high,100,high,,,"ID: Yellow-orange with 1-2 somewhat indistinct dusky stripes on back; pair of silver-blue stripes through eye. Form aggregations. Hide under ledges, inside holes or among sea urchin spines in sheltered lagoon and seaward reefs in 1-50 m."
173,1fe0efc9-aee1-50d4-9060-ce8fc6fbbf25,Black Cardinalfish,Apogon melas,included,,True,SRC-43B2C89A,259,260,bl,high,100,high,,,ID: Dark brown; tall rounded dorsal and anal fins and broad tounded tail lobes: black ocellated spot on base of second dorsal fin. Solitary. Sheltered coastal reefs and bays to 15 m.
174,5c1f347e-d67f-5406-be55-e2941a7640c8,Moluccan Cardinalfish,Apogon moluccensis,pending_review,account transcription confidence is not high; identification descriptions are not high-confidence transcriptions,True,SRC-F14CAA5A,252,253,bl,high,100,medium,,,"ID: Reddish brown; pair of pearl-white stripes through eye and white stripes on upper head, often narrow white to brown bars on iower side. Solitary. Sheltered reefs in 1-25 m."
175,8a288bf4-36fe-502e-b265-d5bd0c5b5688,Yelloweyed Cardinalfish,Apogon monospilus,included,,True,SRC-C0ABDC5B,258,259,mr,high,100,high,,,"ID: Reddish brown, yellow iris; pair of pearl-white stripes through eye and bluish stripe below eye. In pairs or groups. Weedly areas of sheltered coastal reefs to 30 m."
176,d2a07a1c-c9a9-5008-859a-a96dd9d1f25b,Manylined Cardinalfish,Apogon multilineatus,included,,True,SRC-CF3D1678,249,250,bl,high,100,high,,,"ID: Brown head with white stripes, whitish body with numerous narrow dark brown stripes; may have faint dark spot on tail base. Solitary or form small groups. Around large coral heads of coastal reefs and lagoons in 2-25 m."
177,4cbd0d26-2e92-53ab-a19a-ec204550563d,Tiny Cardinalfish,Apogon nanus,included,,True,SRC-1F4D5311,256,257,tr,high,100,high,,,"ID: Silvery mauve, translucent to golden brown, mid-lateral stripe extends onto tail with pearly white stripe below. Form mid-water aggregations. Sheltered areas of silty coastal reefs and lagoons in §-20 m."
178,d5553b11-8b22-5531-accc-cc6de9add6bc,Larval Cardinalfish,Apogon neotes,included,,True,SRC-86ED95BE,256,257,tl,high,100,high,,,"ID: Silvery mauve, translucent; black stripe intermittently bordered with yellow or silver runs from above eye to black spot on mid-tail base. Form aggregations. Shelter in soft corais and sea fans of coastal, lagoon and seaward reefs in 15-25 m."
179,3ba21389-15ba-55a2-b0f7-11ab6e3731c9,Blackstripe Cardinalfish,Apogon nigrofasciatus,included,,True,SRC-690E5F3B,248,249,ml,high,100,high,,,"ID: Alternating black and yellow stripes, dark mid-lateral stripe does not extend onto tail. Solitary or in pairs. Under ledges or inside caves of lagoon and seaward reefs and along steep dropoffs in 3-50 m."
180,bbdba186-6dd1-5897-825e-2fe73889000a,Norfolk Cardinalfish,Apogon norfolcensis,pending_review,account transcription confidence is not high; identification descriptions are not high-confidence transcriptions,True,SRC-D2421417,258,259,bl,high,100,medium,,,"ID: Brown with darker scale margins; silvery stripe through eye, faint bar on side, black spot on mid-tail base; tall 2nd dorsal fin. Solitary or form groups. Lagoon and outer reefs in 3-25 m."
181,a3dc10da-1ee9-52ab-9031-abd54ecd51f9,Redstriped Cardinalfish,Apogon notatus,included,,True,SRC-EDAA4926,246,247,br,high,100,high,,,"ID: Purplish brown: black stripe from snout through eye and another on base of dorsal fin, black spot on side of nape and larger black spot on tail. Form aggregations. Coastal, lagoon and seaward reefs in 8-45 m."
182,f17a3663-3369-57be-9e54-e72b4d3f8b0a,Sevenstripe Cardinalfish,Apogon novemfasciatus,pending_review,account transcription confidence is not high; identification descriptions are not high-confidence transcriptions,True,SRC-3C84AD9A,247,248,br,high,100,medium,,,ID: Altemating dark and light stripes; dark mid-lateral stripe extends onto tail and dark stripes immediately above and below diagonal extends onto tail. Form small groups. Reef flats and lagoons to 4 m.
183,84296c05-84bc-5fc6-807b-efe819219aa7,Ocellated Cardinalfish,Apogon ocellatus,pending_review,account transcription confidence is not high; identification descriptions are not high-confidence transcriptions,True,SRC-2CF64BB4,259,260,br,high,100,medium,,,ID: Dark brown; 3 dark brown bands radiate from rear eye large ocellated black spot on first dorsal fin. Solitary and cryptic. Exposed reef flats arid sheltered lagoons to 3 m.
184,b7e9eb16-3191-5785-8c5d-045a5d30b5b8,Tailspot Cardinalfish,Apogon ocellicaudus,pending_review,account transcription confidence is not high; identification descriptions are not high-confidence transcriptions,True,SRC-E9F3934A,256,257,br,high,100,medium,,,"ID: Pinkish, translucent; narrow brown, orange or yellow mid-lateral stripe, white-edged black spot on mid-tail base. In pairs or small groups. Under ledges or around coral outcroppings of sheltered coastal reefs in 15-30 m."
185,13c144f2-d192-5105-860c-309da8601078,Narrowstripe Cardinalfish,Apogon oederleini,pending_review,account transcription confidence is not high; identification descriptions are not high-confidence transcriptions,True,SRC-985ACB0C,249,250,mr,high,100,medium,,,ID: Whitish with 4 narrow black stipes: pupil-sized black spot on mid-tail base. In pairs or small groups. Sheltered coastal teefs and kelp beds in 3-30 m.
186,c0154476-6ced-501b-a26d-bd0a8be313a9,Redspot Cardinalfish,Apogon parvulus,pending_review,account transcription confidence is not high; identification descriptions are not high-confidence transcriptions,True,SRC-3BB31812,256,257,ml,high,100,medium,,,"ID: Silvery, translucent; thin dark mid-lateral stripe often bordered with silvery or golden streaks, bright red spot on mid-tail base. Commonly form large mid-water aggregations. Coastal and jagoon teefs in 2-12 m."
187,d474b044-d582-572b-8862-132f38c30352,Pearly Cardinalfish,Apogon perlitus,pending_review,account transcription confidence is not high; identification descriptions are not high-confidence transcriptions,True,SRC-D7C4EAC2,259,260,ml,high,100,medium,,,"ID: Light brown with blue and yellow belly; blackish stripe along anal fin base, dusky area and small spot on tail base. Form aggregations. Shelter among branching corals of protected reefs in 3-12 m."
188,5c4647ba-2339-5075-9d81-759852cc6616,Coral Cardinalfish,Apogon properupta,included,,True,SRC-786C8A7E,250,251,mr,high,100,high,,,"ID: Yellow orange; 5 narrow pale gray stripes, lower stripe only on head. In pairs. Sheltered rocky areas and coral reefs to 14 m, often in silty conditions."
189,24882309-158b-5d73-8759-9013448c19e1,Fourlined Cardinalfish,Apogon quadrifasciatus,included,,True,SRC-DA70D32A,252,253,br,high,100,high,,,"ID: Pink to whitish; brown mid-lateral stripe darkens and extends onto tail and another on back, both bordered by thin white lines, white spots and marks lower body. Sand/mud bottoms, sometimes far from reefs in 8-80 m."
190,c939e05e-b24b-5f1c-9538-227a8446f4e0,False Threespot Cardinalfish,Apogon rhodopterus,included,,True,SRC-C7E88553,257,258,bl,high,100,high,,,"ID: Pale with darkish scale centers: spot on rear tail base (ack spot on gill cover); ragged band below 1st and 2nd dorsal fins often with saddle between. Solitary. Crevices of lagoon and seaward reefs in 8-25 m. | ID: Pale with darkish scale centers; spoton rear tail base Gack spect on afl cover): Tagged band below 1st and 2nd dorsal fins often with seddlle berwean. Solitary. Crevioke of: lagoon and seawerd teefe in 8-25 m. Pegg Pectin Malayan Penton and Inclonesia to Marshall is, north to SW, Japan | — Thwesspet Cardinalliah - Juvenile pols Fay, markings simbar to those of aul, —_—ID: Whitish to pals: §=—_ but: much darker side. Solitary, Both adults and javeniles feed at over sand or rabbie ‘Dear reefs; lurk inside reef recesses day."
191,014d038e-a327-5ea4-8d25-5f3b75f9e9e1,Orangespot Cardinalfish,Apogon rubrimacula,included,,True,SRC-A457DE28,252,253,ml,high,100,high,,,"ID: Bluish silver to mauve to pinkish white; 5-6 orange-yellow stripes (stripe behind upper eye short); orange spot on mid-tail base displayed at night, Form groups. Clear water lagoon and seaward reefs to 33 m."
192,a0be6ab8-c653-5c0f-8e9d-46364464279c,Gobbleguts Cardinalfish,Apogon rueppellii,pending_review,identity confidence is below the inclusion threshold; account transcription confidence is not high; identification descriptions are not high-confidence transcriptions,True,SRC-562D1489,258,259,br,high,87.7,medium,,,"ID: Light silvery brown to mauve; row of dark spots along lateral tine and another row on second dorsal fin, narrow brown band below eye. Form aggregations. In weedy areas of coastal reefs and estuaries to 10 m."
193,fb3a1fe3-cffa-509d-bad7-78e2db5dfdca,Sargill Cardinalfish,Apogon sealei,pending_review,identity confidence is below the inclusion threshold; account transcription confidence is not high,True,SRC-F584491D,252,253,tr,low,,low,,,"1D: Fale yollowr; pair of thin brown stripes on upper side, smell Sack spot on ea cat aoe in 2,ghort ‘crange bars bluish white.patch on gill cover. Form aggregations; A shelter emg ‘ranches of Acropora corals. Protected reefs in 2-25."
194,396e2d8e-ad37-5cd1-beea-64a470ee09d8,3andspot Cardinalfish,Apogon selas,included,,True,SRC-FE128FD1,255,256,br,high,100,high,,,"ID: Mauve-back; brown mid-lateral stripe with yellowish borders and dusky to reddish belly with speckles, large black spot on tail base. Form small groups. Inside or near caves and crevices of sheltered coastal reefs in 3-45 m."
195,cef76ddd-4a80-52cf-b168-7a87876ae243,Reef-flat Cardinalfish,Apogon taeniophorus,pending_review,account transcription confidence is not high; identification descriptions are not high-confidence transcriptions,True,SRC-DEC685D3,248,249,br,high,100,medium,,,ID: Alternating dark and light stripes; dark mid-lateral stripe does not extend onto tail. Habitat useful in distinguishing from Blackstripe Cardinalfish [above]. Shallow reef flats usually in surge areas to 3 m.
196,2a89ac4f-f13e-587b-bab0-34536086dbc9,Talbot's Cardinalfish,Apogon talboti,pending_review,account transcription confidence is not high; identification descriptions are not high-confidence transcriptions,True,SRC-7154884B,247,248,tr,high,100,medium,,,ID: Bright red with dusky brownish scale margins and no distinctive markings. Solitary and cryptic. Inside deep caves and crevices of seaward reef slopes and dropoffs in 8-35 m.
197,032b02e4-2890-5c76-bd77-80435e3e5ee1,Sangi Cardinalfish,Apogon thermalis,pending_review,account transcription confidence is not high; identification descriptions are not high-confidence transcriptions,True,SRC-50E807FD,258,259,tl,high,100,medium,,,"ID: Brown except pale lower head and belly; broad black stripe through eye, black leading edge on first dorsal fin, 3 tiny black spots along dorsal-fin base. Form aggregations. Sheltered. silty coastal reefs to 12 m."
198,e72ca87f-f569-558b-938d-5882ffcfc4eb,Timor Cardinalfish,Apogon timorensis,pending_review,account transcription confidence is not high; identification descriptions are not high-confidence transcriptions,True,SRC-7EDAD624,260,261,tl,high,100,medium,,,"ID: Shades of brown, fins yellowish; short pale band behind eye with dark borders, usually dark brown bar extends below 1st dorsal fin and another below 2nd dorsal fin. Solitary. Shallow reef flats and sea grass beds to 12 m."
199,409d2c07-0e03-540c-9be9-2263636e855e,Threespot Cardinalfish,Apogon trimaculatus,included,,True,SRC-537CA610,257,258,ml,high,100,high,,,"ID: Pale with darkish scale centers; darkish spot on gill cover and 2 more on fore and rear tail base, ragged band below 1st and 2nd dorsal fins with saddle between. Solitary or in pairs. Lagoons and outer slopes in 3-15 m."
200,ace2b384-4984-5c46-b47a-97a641933a52,Onespot Cardinalfish,Apogon uninotatus,included,,True,SRC-61FCF23E,260,261,tr,high,100,high,,,"ID: Pale pinkish brown: faint spoke-like marks radiate from Tear half of eye, large dark brown spot on mid-body. Solitary. Dead reefs and mangrove fringed estuaries and brackish lakes to 10 m."
201,a068da4b-0b3e-5712-9ac1-cae939ebcf29,Wassinki Cardinalfish,Apogon wassinki,pending_review,account transcription confidence is not high; identification descriptions are not high-confidence transcriptions,True,SRC-A8D77713,250,251,ml,high,100,medium,,,"ID: Dusky yellow orange: 5 silver-gray stripes, lower stripe extends from head onto lower body. Solitary, in pairs or small groups. Coastal reefs in 2-15 m, often in silty conditions."
202,e0075899-d88a-54c9-a34f-38cde8c1d370,White-belted Angelfish,Apogon xanthopunctatus,pending_review,identity confidence is below the inclusion threshold; account transcription confidence is not high; identification descriptions are not high-confidence transcriptions,True,SRC-3A4420A6,31,32,ml,low,,low,,,"foal anal and an tail tall fins fins ens lack ct spot pnp, on nape. Solitary Suny or oc form ‘small groups. Lagoons, passages and outer siopes in 3-40 m."
203,9c4faae8-ea59-560e-bb00-61f3a284dfc4,Narrowlined Cardinalfish,Archamia fucata,pending_review,identity confidence is below the inclusion threshold; account transcription confidence is not high; identification descriptions are not high-confidence transcriptions,True,SRC-9AE6E2B5,260,261,bl,medium,72.5,medium,,,"ID: Mauve undercolor with orange head; numerous narrow orange bars, pair of blue stripes through eye, black spot on tail base. Form aggregations. Inside caves or above branching corals of coastal and lagoon reefs in 2-60 m."
204,cb0389f0-c3fe-5dda-bd3d-476b2f7249ee,Yellowmouth Cardinalfish,Archamia goni,pending_review,identity confidence is below the inclusion threshold,True,SRC-AC8A6923,261,262,ml,high,92.9,high,,,"ID: Whitish with silvery reflections, translucent, yellowish snout; black spot on mid-tail base. Form aggregations. Hover above rocky outcroppings of coastal reefs in 10-30 m. typically in silty areas."
205,35e4b688-429d-5279-8987-d65113c88f35,Selted Cardinalfish,Achamua leai,pending_review,identity confidence is below the inclusion threshold; no identification description,True,SRC-FAE94F32,261,262,mr,high,90.8,high,,,
206,53f3966c-0c78-534b-8d42-caa1af7871ca,Duskytailed Cardinalfish,Archamia macroptera,pending_review,identity confidence is below the inclusion threshold; account transcription confidence is not high; identification descriptions are not high-confidence transcriptions,True,SRC-8D8295FF,260,261,br,medium,77.9,medium,,,ID: Pale gray with numerous close-set narrow orange bars blackish tail base. Form dense aggregations. Hover above beds of Porites or other branching corals of sheltered coastal reefs and lagoons in 2-20 m.
207,80c3fe3b-e488-55cc-beb9-f7f6d80e1b8c,Twinspot Cardinalfish,Archamia melasma,pending_review,identity confidence is below the inclusion threshold; account transcription confidence is not high; identification descriptions are not high-confidence transcriptions,True,SRC-3F101C58,260,261,mr,high,87.1,medium,,,ID: Mauve to pinkish with narrow orange bars; black spot above upper edge of gill cover with diffuse bar below dusky bar under eye. Form small aggregations. Shelter among branching corals of protected coastal reefs in 2-12 m often in silty areas.
208,898fa51c-dbb2-5fa1-8e95-ad69a9395323,Girdled Cardinalfish,Archana zosterophora,included,,True,SRC-96DA7D1C,261,262,tl,high,100,high,,,"ID: Pale gray; pair of narrow reddish bars on gill cover ‘broad dark-brown bar on mid-side, small black spot on mid-tail base. Form aggregations. Shelter among branching corals of protected bays and lagoons in 2-15 m."
209,c5c35e73-5a99-5868-bb94-81fa7c2a8a89,White-spotted Puffer,Arothron hispidus,included,,True,SRC-9245CDC1,414,415,bl,high,100,high,,,"ID: Gray to greenish brown upper body, paler below covered with white spots; white ring around eye, large white-edged black spot around pectoral-fin base. Solitary. Mixed coral sand, rubble and weed bottoms in 1-50 m."
210,a931ef27-ae4e-5dae-891e-8dfe24c7e3ea,Immaculate Puffer,Arothron immaculatus,included,,True,SRC-EB88E2D5,415,416,mr,high,100,high,,,ID: Brown gradating to white underside; large yellowish brown spot around pectoral fin base (may be edged in black} black-edged yellowish tail. Solitary. Coastal mangroves seagrass and weedy and silt bottoms near reefs in 3-30 m.
211,3abf10bf-e10f-5636-a16b-4a55e780f85e,Striped Puffer,Arothron manilensis,pending_review,account transcription confidence is not high; identification descriptions are not high-confidence transcriptions,True,SRC-257B1F43,415,416,bl,high,100,medium,,,"ID: Brown with dark brown to yellowish stripes; large dark spot around pectoral fin base, may display darkish blotches. Coastal mangroves, seagrass beds, weedy areas and sand and silt bottoms near reefs in 2-20 m."
212,4b600390-b99c-58fb-8ab5-c336a1ea303c,Map Puffer,Arothron mappa,pending_review,account transcription confidence is not high; identification descriptions are not high-confidence transcriptions,True,SRC-F4792FBA,415,416,br,high,100,medium,,,"ID: Gray with black maze markings, white to yellowish belly spoke-like lines radiate from eye, irregular black botch around pectoral fin base and another on belly. Solitary. Lagoon and seaward reefs in 4-30 m."
213,23ea1ba0-8770-5942-afac-4656fd60440c,Guineafowl Puffer,Arothron meleagris,pending_review,identity confidence is below the inclusion threshold; account transcription confidence is not high,True,SRC-4A48AC39,416,417,tl,high,88.6,medium,,,"ID: Black covered with small white spots. Solitary; feeds mainly on live tips of branching corals. Coral-rich areas and rocky bottoms of coastal, lagoon and outer reefs to 20 m. | eat oem can) Paftiers'- Totraodontidae Black covered with small white spots, Solitary; feeds mainte of branching corals. Corabrich arees and Tocky bottoms of coastal, lagoon and outer reefs to 20 m."
214,3994805f-494f-5c71-9f2f-7105615c6a27,Blackspotted Puffer,Arothron nigropunctatus,included,,True,SRC-6440C572,416,417,mr,high,100,high,,,"ID: Highly variable in wide combination of colors; consistent markings include black lips, black pectoral fin base and a few scattered black spots. Solitary. Coral-rich areas of lagoons to seaward reefs in 3-25 m. | 1D: Highly variable in wide combination of colors; consistent ‘tnatkings include black lins, black pectoral fin base anda | Dinckepetied Polar - Variation TD; Olive back and orange below; dark patch round oye and another around mouth are commonly displayed: the ere less common: Feed howvlly on ving corals, , ‘Occasionally o7 other: , Crustacdans and: 416"
215,3be85af1-64f9-5129-9ea2-cc52b669e3a8,Reticulated Puffer,Arothron reticularis,pending_review,identity confidence is below the inclusion threshold; account transcription confidence is not high; identification descriptions are not high-confidence transcriptions,True,SRC-17100F71,414,415,br,medium,81.2,medium,,,"ID: Brown with white spots on back and rear body and tail white bands encircle eye and pectoral fin base, white curved bands run from head to belly. Solitary. Mangrove estuaries. tidal creeks and open sand or mud bottoms to 20 m."
216,ceb10510-41b3-57ad-97d0-b2030f268137,Star Puffer,Arothron stellatus,pending_review,account transcription confidence is not high,True,SRC-6DBE2013,415,416,tl,high,100,medium,,,ID: Pale gray with dense covering of black spots; larger black spots or irregular blotches around pectoral fin base. Soatitary. Lagoon and seaward reefs in 3-58 m. | ID: Pale gray with dense covering of black: spats; larger Diack or bbtches fin base. Solitary. Lagoon ad seawardveotsia 601m. Todo: Pesifte: Red Sen.and &. Attica to Tamota Ie French i
217,06e0c162-cc10-57ea-a765-f8b356a29210,Blackspotted \dierfish,Aseraggodes melanostictus,pending_review,identity confidence is below the inclusion threshold,True,SRC-A321940D,387,388,br,high,93.5,high,,,"ID: Dirty white to pale brown or gray with thinly outlined white spots, black speckles and brown blotches on head body and fins. Solitary. Protected sand bottoms of lagoons and around reefs in 1-73 m."
218,3d115e37-06cb-5b9d-9c25-544e7fe27e95,False Cleanerfish,Aspidontus taeniatus,pending_review,identity confidence is below the inclusion threshold; account transcription confidence is not high; no identification description,True,SRC-D7FA31CE,339,340,tr,high,86,medium,,,
219,ba3cc581-f7a0-5add-980c-b45c035a2351,Blue Devilfish,Assessor macneilli,pending_review,identity confidence is below the inclusion threshold; no identification description,True,SRC-B68CE590,278,279,tr,medium,80.4,high,,,
220,0c8de9d0-1b2c-5403-a82f-d68148e3905c,Randall's Devilfish,Assessor randalli,pending_review,identity confidence is below the inclusion threshold; account transcription confidence is not high; identification descriptions are not high-confidence transcriptions,True,SRC-42E962D6,278,279,ml,high,99.1,medium,,,"ID: Dark blue to bluish green; forked tail. Form small cryptic groups; often swim upside down orienting to the ceiling of caves; brood eggs in mouth. Caves, recesses and under ledges of coastal reefs and outer slopes in §-25 m."
221,61c2e589-525c-5505-9681-458f3f13cad1,Bluedot Goby,Asteropteryx ensiferus,pending_review,identity confidence is below the inclusion threshold; account transcription confidence is not high; identification descriptions are not high-confidence transcriptions,True,SRC-5D4E201B,316,317,ml,high,96.8,medium,,,"ID: Dark brown (appears blackish underwater) with rows of small blue spots. Commonly form large aggregations that perch on, or hover above, extensive areas of rubble. Slopes exposed to currents on seaward reefs in 6-40 m."
222,f5ff564f-2f69-5f4a-99ce-734f9274d416,Starry Goby,Asterropteryx semipunctatus,pending_review,identity confidence is below the inclusion threshold; account transcription confidence is not high; identification descriptions are not high-confidence transcriptions,True,SRC-591FD1EB,316,317,tr,high,97.5,medium,,,"ID: Greenish brown; dark brown blotches and scribbling especially on back: rows of small blue spots on head, body and anal fin, Solitary or form small groups. Algal-covered tocks and rubble of sheltered inshore reefs to 15 m."
223,00d6cdd7-ccfb-5c54-9f7d-c7f369078524,Twinspot Goby,Apogon striatus,pending_review,identity confidence is below the inclusion threshold; account transcription confidence is not high; identification descriptions are not high-confidence transcriptions,True,SRC-E7953EB6,316,317,tl,medium,66,medium,,,"ID: Brown upper body and witite below; diffuse dark brown to blackiah: ie et tall, gaveal row of sl Mia ‘spots on side. ‘form small groups, Rubbte bottoms Or sbwlered comntal sests in 10-30-00 Bei ee PR i"
224,6d1342dd-fd9a-5cc2-bbba-a7637b571fb7,Striped Silverside,Athennomorus endrachtensis,pending_review,account transcription confidence is not high; identification descriptions are not high-confidence transcriptions,True,SRC-E61CA113,137,138,br,high,100,medium,,,ID: Silvery; slender with two dorsal fins and ventrals below and behind pectorals; several longitudinal rows of small dark spots on sides. Form schools. Usuaily at surface in sheltered waters of mangroves and coastal reefs.
225,44ec3f2d-afe0-5523-97ee-6564ca95e9bd,Robust Silverside,Atherinomonis lacunosus,pending_review,identity confidence is below the inclusion threshold; account transcription confidence is not high; identification descriptions are not high-confidence transcriptions,True,SRC-6B5FC689,137,138,bl,high,93.3,low,,,ID: Robust body: greenish silver often with blue reflections on gill cover; two dorsal fins with ventrals below and behind pectorals; narrow silver mid-body stripe. Form schools. Near surface in sheltered waters of mangroves and coastal reefs.
226,712b8243-65e6-53eb-9ccc-4ce59b520c10,Arrowhead Soapfish,Jelonoperca chabanaudi,included,,True,SRC-FAD16F85,165,166,bl,high,100,high,,,"ID: Long slender body and elongate pointed head; dark bluish gray with black speckling; yellow spot on tail base, blue- timmed black blotches on dorsal and ventral fins. Solitary. Caves and crevices on steep outer reef slopes in 4-50 m."
227,19693f3a-233b-5e40-81ce-bbdcf7bfe523,Dashed-line Blenny,Blenniella interrupta,pending_review,identity confidence is below the inclusion threshold; account transcription confidence is not high; identification descriptions are not high-confidence transcriptions,True,SRC-1EF1CD27,344,345,mr,high,84.2,medium,,,"ID: Pale to medium gray, olive or brown: A- or H-shaped dark bars and dark maroon dash lines on side, dark maroon line markings on upper head. Solitary or form groups. Rocky shores and intertidal flats to 2m."
228,f1e9fd46-5083-5303-a5f9-a018063b102c,Bluedashed Rockskipper Blenny,Blenniella paula,pending_review,identity confidence is below the inclusion threshold,True,SRC-074717D3,344,345,bl,high,92.9,high,,,"ID: Pale to medium gray, olive or brown; 8 H-shaped dark bars each containing one or more pale blue dark edged dashes or spots, Solitary; rest on bottom or in holes with only head protruding. Intertidal reef flats with cracks and reefs to § m_"
229,77c438fe-27cd-534f-baa2-778913fb465c,Redspotted Blenny,Blennielia periophthalmus,pending_review,identity confidence is below the inclusion threshold; account transcription confidence is not high; identification descriptions are not high-confidence transcriptions,True,SRC-0F550650,345,346,tl,high,83.3,medium,,,"ID: Tan; red spots on head, dark brown “ear” spot, H-shaped bars on side with double row of silvery-blue streaks or spots. Solitary or form groups; rest on bottom or in holes with only heads exposed. Rocky shores and intertidal flats with waves."
230,cb58722e-00ea-59e6-87d2-927674ba66b3,Saddleback Hogfish,Bodianus bilunulatus,pending_review,identity confidence is below the inclusion threshold,True,SRC-B807BDD9,229,230,ml,high,96.3,high,,,ID: TP - Pale undercolor with numerous dark reddish to greenish or grayish brown thin stripes; large dark or pale spot below rear dorsal fin. Solitary; feed on benthic invertebrates. Lagoons and outer reef slopes in 8-108 m.
231,cd6ef643-d050-53f7-a815-c54df420e16b,Twospot Slender Hogfish,Bodianus bimaculatus,pending_review,identity confidence is below the inclusion threshold; account transcription confidence is not high; identification descriptions are not high-confidence transcriptions,True,SRC-2A78ECA2,230,231,bl,high,96.9,medium,,,"ID: Small and slender; variable from yellowish upper body and pink below to pink upper body and white below; may have thin red stripes, black spot on rear gil! cover and often another on tail base. Form small groups. Steep outer reef slopes in 30-60 m."
232,9c7b6ff3-de3e-547c-a046-ca834105abc0,Diana's Hogfish,Bodianus diana,pending_review,identity confidence is below the inclusion threshold,True,SRC-F36F62F5,230,231,tl,high,93.7,high,,,"ID: Purple to red head and back, yellow to whitish below 4-5 white spots on back, large black spots on ventral and anal fins. Solitary or in pairs. Outer reef slopes in 6-26 m."
233,6c7d9f95-e2c9-54ed-8c31-04016f6e4283,Blackfin Hogfish,Bodianus loxozonus,pending_review,identity confidence is below the inclusion threshold,True,SRC-9A2D2E43,229,230,br,high,96.3,high,,,"ID: Red to yellow upper head and back, pale below; numerous pale thin stripes run from head to tail, large diagonal black area actoss tai} base; ventral fin and border of anal fin black. Solitary. Lagoon and seaward reef slopes in 3-40 m."
234,509997eb-eed8-5c79-b75f-a2769e003311,Blackbelt Hogfish,Bodianus mesothorax,pending_review,identity confidence is below the inclusion threshold; account transcription confidence is not high; identification descriptions are not high-confidence transcriptions,True,SRC-AB8D9BAE,229,230,tl,high,96.6,medium,,,"®: Purplish brown head. ‘bend on forebody, ibe tD pabOn Yor bods Mack ape eu pact ean ‘Axilspot Hogfish (previous). Solkary ot amall groupe, Optet reel slopes and paases in 5-30 m."
235,bc8c6eea-2116-5e44-b488-8c55b71ea9f4,Crescent-tail Hogfish,Jelonoperca opercularis,pending_review,identity confidence is below the inclusion threshold; identification descriptions are not high-confidence transcriptions,True,SRC-65BB57F9,231,232,tl,medium,66.9,high,,,ID: Sender body; bokd red and white q Hack spot cn rear edge of gill cover. Slleary ot form stall ‘on oF adjacent to: outer Hopes in 35 70m. seep
236,6d51e5e5-6167-53e4-90da-f423a054da19,Goldspot Hogfish,Bodianus perditio,pending_review,identity confidence is below the inclusion threshold,True,SRC-237769A9,230,231,br,high,95.9,high,,,"ID: JP - Yellow; large black patch on rear back preceded by white bar. TP - Reddish; same markings as JP except bar is yellowish, to 80 cm (27/: ft.}, Solitary. Sand and rubble patches of seaward reefs in 13-40 m."
237,e8d2d4e7-1168-50f5-b100-776ba6937539,Longnose Hogfish,Bodianus prognathus,pending_review,identity confidence is below the inclusion threshold,True,SRC-35578FA0,230,231,ml,high,96.6,high,,,"ID: Red upper body, paler below, 4-5 white spots on back and several pale spots on body; black spots on many scales elongate snout. Solitary. Outer reefs in 7-20 m, juveniles usually below 30 m."
238,45a1cacd-5b4e-5fdc-a5a4-f9dfb62bb669,Leopard Flounder,Bothus pantherinus,pending_review,identity confidence is below the inclusion threshold; account transcription confidence is not high; identification descriptions are not high-confidence transcriptions,True,SRC-005D8F5B,386,387,tr,medium,74.1,medium,,,"ID: Brown to gray with dark-edged pale spots and florets, large diffuse dark blotch on mid-rear body; eyes about equal to ane eye diameter apart and lower eye nearly aligns with upper Taale has elongate pectoral fin. Solitary. Sand bottoms to 250m."
239,153bb679-4036-503c-bdf5-660e99f1afb7,Stargazer,Jelonoperca cirrocheilos,pending_review,identity confidence is below the inclusion threshold; account transcription confidence is not high; identification descriptions are not high-confidence transcriptions,True,SRC-9CD45125,443,444,bl,low,59.7,medium,,,"lgiuorganhe pu ica bapwcn wich tae ues on back andl mint 0 Thad ‘cunous fibe ‘sottary, Bary bane only bende peu vob ry Set 10, e"
240,f8c6be7e-7f94-53e1-9239-b1986fd8bdb9,Sharpsnout Snake Eel,Jelonoperca crocodilinus,pending_review,identity confidence is below the inclusion threshold; account transcription confidence is not high; identification descriptions are not high-confidence transcriptions,True,SRC-4379011D,443,444,mr,medium,67.1,medium,,,"TDr Winltiah 19 brown chen with dat fleck; bead Dettonsd, deaply depressed behind eyes; syesset far forward ‘gn soot; branched skin flaps along upper lip. Solitary, bury Sued patches in 15m fa sand with only heads protruding."
241,f6f6e451-24be-5a3f-9351-f973e97dc350,Reptilian Snake Eel,Brachysomophis henshawi,pending_review,identity confidence is below the inclusion threshold; account transcription confidence is not high; identification descriptions are not high-confidence transcriptions,True,SRC-285E8BEB,443,444,ml,medium,79.3,medium,,,"ID: Variable from mottled red to yellowish or whitish; head flattened except for an abrupt depression behind eye. Solitary, bury in sand with only heads protruding to ambush prey. Lagoons and seaward sand patches in 1-30 m."
242,bf78b90a-59d8-5266-8341-08c65543c41b,,Sryaninops amplus,pending_review,identity confidence is below the inclusion threshold; account transcription confidence is not high; printed identity is incomplete; no identification description,True,SRC-7CEA8CE2,335,336,,low,,low,,,
243,93317fb5-735b-5605-ace6-86fe62635d65,Translucent Coral Goby,Sryaninops erythrops,pending_review,account transcription confidence is not high; identification descriptions are not high-confidence transcriptions,True,SRC-1F4AF2D0,334,335,br,high,100,medium,,,"ID: Translucent grayish with dark speckles, red and white iris. On branching forms of fire coral, branching and massive forms of Porities. Shallow lagoons and protected reefs in 1-10 m."
244,0d5576eb-5a1c-561b-97f2-648ac640c9dd,,Sryaninops loki,pending_review,identity confidence is below the inclusion threshold; account transcription confidence is not high; printed identity is incomplete; no identification description,True,SRC-CB6CFE19,335,336,,low,,low,,,
245,eae7c107-fd95-5535-8b2b-05f02ef42f11,Redeye Hovering Goby,Sryaninops natans,pending_review,account transcription confidence is not high,True,SRC-458ADE61,334,335,bl,high,100,medium,,,"biuteh head and pellowish belly to Shove enal belies lnveniet to cad ny ‘Form groups. doar hover ahart claus ahove Acropora tres 12 :25m, a"
246,098cb8cb-624f-5788-91bc-eef649356522,Black Coral Goby,Sryaninops tigris,pending_review,identity confidence is below the inclusion threshold,True,SRC-5306E105,335,336,bl,medium,75.5,high,,,ID: Elongate; translucent body with red to dark brown stripe (may be interrupted by white) from snout to lower tail base. Solitary. Only on branches of black coral Antipathes in 15-53 m.
247,bec9a7f8-7dc0-57e3-8a89-73d59a8de823,Wire Coral Goby,Sryaninops yongei,pending_review,no identification description,True,SRC-A7F7E4AA,335,336,br,high,100,high,,,
248,e52e42ed-4497-5ea0-9858-cdcea4520cff,Yellowtail Fusilier,Caesio cuning,included,,True,SRC-04DF541C,141,142,tl,high,100,high,,,"ID: Silvery blue to blue-green with yellow forked tail; deeper body than other fusiliers. Form large aggreganons. Upper edge of steep slopes and around coastal patch reefs, often in silty areas with reduced visibility to 30 m."
249,a16f184c-995b-5b19-9835-11b3d1f63e22,Lunar Fusilier,Sryaninops lunaris,pending_review,identity confidence is below the inclusion threshold; account transcription confidence is not high; identification descriptions are not high-confidence transcriptions,True,SRC-E94C7BFC,141,142,mr,medium,69.1,medium,,,"Foals aioe 1D; Silvery blue; blak tip on tail: lobes, row ep on arching Jaterdll ling. oY ta Fn latge aggregations, often mix with other fusiliers. Upper edge ‘of steep slopes, coastal patch end senward reefs to 30m."
250,95357c8f-eb35-58d8-868a-0273c698e5ae,Variable-lined Fusilier,Caesio varilineata,pending_review,account transcription confidence is not high; identification descriptions are not high-confidence transcriptions,True,SRC-B62D721C,141,142,bl,high,100,medium,,,"ID: Silvery blue with 2-6 yellow stripes; black streak near tip of each tail lobe. Form aggregations, often mix with other fusiliers. Upper edge of steep slopes and around coastal patch reefs and outer reefs in 2-25 m."
251,3ecd3903-c9b4-5920-9377-79c62f4d5674,Yellowback Fusilier,Caesio xanthonota,included,,True,SRC-CD222AEF,141,142,ml,high,100,high,,,"ID: Silvery blue with yellow nape, back: and tail. Form large aggregations often mix with other fusiliers. Upper edge of steep slopes and around coastal patch reefs and seaward teefs to 30 m."
252,35df9947-a1b2-5cc0-8d24-fbcc712a2d06,Marbled Snake Eel,Callechelys marmorata,pending_review,identity confidence is below the inclusion threshold; account transcription confidence is not high; identification descriptions are not high-confidence transcriptions,True,SRC-B2312C70,444,445,tr,high,95.3,medium,,,"ID: Yellowish with numerous black spots and blotches overhanging snout with prominent tubular nostrils, no pectoral fins. Solitary, bury in sand with only head protruding. Inhabit lagoon and seaward sand patches in 1-15 m."
253,de64ccca-726f-5143-9c66-5ef16dbb2467,Little Sand Dragonet,Callionymus parvus,pending_review,identity confidence is below the inclusion threshold; account transcription confidence is not high; identification descriptions are not high-confidence transcriptions,True,SRC-BEF7C89A,292,293,mr,high,99.9,medium,,,ID: Male - Spotted shades of brown; omately marked 1st dorsal fin has elongate orange rear edge. In pairs or small groups. Sand and rubble bottoms near coastal reefs to 10 m.
254,1c357276-b569-5bf7-86f0-11b20716cffb,Superb Dragonet,Callionymus superbus,pending_review,identity confidence is below the inclusion threshold,True,SRC-85C3A00F,292,293,tr,high,99.8,high,,,ID: Femele - Blotchy brown with numerous small pale spots of variable size; 1st dorsal fin low and triangular. Mele - Similar but with long filamentous rays on 1st dorsal fin. Solitary or in pairs. Sand and rubble in 2-15 m.
255,120c9b09-274e-5a34-9a35-9efe54395805,Banded Flap-head Goby,Callogobius hasseltii,pending_review,identity confidence is below the inclusion threshold; account transcription confidence is not high; identification descriptions are not high-confidence transcriptions,True,SRC-84B41B79,317,318,tl,medium,79.7,medium,,,ID: Tan to light brown; 3 brown bands: behind pectoral fin under 2nd dorsal and on base of tail; large brown spot on belly black spot upper front of tail. Solitary. Sand and rubble areas of lagoons and inshore reefs to 12 m. also tide pools.
256,ed8162d7-4091-5db0-b457-b3db464f0f3b,Raggedtooth Parrotfish,Calotomus spinidens,pending_review,identity confidence is below the inclusion threshold,True,SRC-03AF4316,178,179,mr,high,99.3,high,,,ID: TP/IP - Small; brown or greenish brown; broken stripe of Tose spots runs below dorsal fin. Usually form groups: often camouflaged. Seagrass beds and dense patches of sea weed to25m.
257,8af7f7e7-8b30-510e-a177-a21849092027,Spectacled Filefish,Canthethines fronticinctus,pending_review,identity confidence is below the inclusion threshold; account transcription confidence is not high; identification descriptions are not high-confidence transcriptions,True,SRC-23803E7F,410,411,ml,high,84.6,medium,,,"ID: Mottled light to dark gray and yellowish brown: black band between dark blotches around eyes, white band on tail base. Solitary: shy remain close to cover. Outer reefs to 40 m, usually below 15 m."
258,04ede08f-8c59-5bd3-af68-243d6ff8af78,Wirenet Filefish,Cantherhines pardalis,pending_review,account transcription confidence is not high; identification descriptions are not high-confidence transcriptions,True,SRC-CF75962E,410,411,mr,high,100,medium,,,ID: Bluish gray to bluish brown with bluish stripes on head and pale blue netted pattem on body; usually white spot on upper tail base. Solitary. Outer reefs in 2-20 m.
259,ffc4d713-4bb5-5f27-9858-aec92b7fb900,Whitebelly Toadfish,Canthigaster bennetti,pending_review,identity confidence is below the inclusion threshold; account transcription confidence is not high; identification descriptions are not high-confidence transcriptions,True,SRC-ABCD68FB,417,418,tl,medium,76.2,medium,,,"ID: Brown upper body, whitish below; blue lines radiate from eye often interspersed with orange, blue-edged black spot at base of dorsal fin. Solitary or form groups. Sand and mbbie bottoms of sheltered coastal reefs, reef flats and lagoons to 15 m."
260,12e6e6b6-4996-5ad5-a182-7a8cfd656423,Clown Toadfish,Sryaninops callisterna,pending_review,identity confidence is below the inclusion threshold; identification descriptions are not high-confidence transcriptions,True,SRC-BED70790,419,420,tl,medium,71.3,high,,,"Puffer -Tetmaodontiine emanate upper body with bluish striped and spotssepansted Ty Block ee ee aes anne aps sperma detow. Solitary or in pairs. Rocky bottoms of coastal and offshore reefs in 10-40.m, CeianSTrenieisinh Pi atl PL Knee Diane EAR Nae bee OD A arith"
261,ee50cd9f-4a7f-5869-895b-d0b666867c74,Fingerprint Toadfish,Sryaninops compressa,pending_review,identity confidence is below the inclusion threshold; account transcription confidence is not high; identification descriptions are not high-confidence transcriptions,True,SRC-A1B2FD28,417,418,bl,low,32.1,medium,,,"—_-Fiagurpetol Toby - Variation ID: Brown, paler underside, yellow tall with bluish bars; ‘pumeroug smal white fo blue to greeo vpots cover body 417 | 1D: Brown, paler tadl with bluish bare; black: barboure, often wtound whatf pilings in 2-26 mi."
262,c3d9d1ca-8c2e-55b9-bce5-691e23592c5f,Crown Toadfish,Canthigaster coronata,pending_review,identity confidence is below the inclusion threshold,True,SRC-DD24BC05,419,420,bl,high,91,high,,,"ID: White with dark brown bar between eyes and 3 wedge- shaped, dark brown saddles on back outlined with yellow- orange spots. Similar Blacksaddle Toby |next]), saddles extend onto side. Solitary. Sand and rubble of seaward reefs in 10-80 m."
263,40d469d0-f328-5baa-a832-bde7fc04696f,Lantern Toadfish,Canthigaster epilampra,pending_review,identity confidence is below the inclusion threshold,True,SRC-8A65A8A3,418,419,ml,high,91,high,,,"ID: Whitish except darkish upper back, blue streaked yellow tail; yellowish around eye with blue radiating lines, blue lines on snout, tiny blue spots on body. Solitary, usually in caves and under ledges. Steep outer reefs slopes in 9-60 m."
264,882df870-a332-5000-9b5f-293ce7f488c7,Honeycomb Toadfish,Canthigaster janthinoptera,pending_review,identity confidence is below the inclusion threshold; account transcription confidence is not high; identification descriptions are not high-confidence transcriptions,True,SRC-F80CDBB1,418,419,mr,high,93.2,medium,,,"1D; Brown with dense covering of white Spots, Soiery or in peire; udually close to shelter or in caves and Lagoon and seaward reefs to 30 m."
265,583b891f-95b0-5a6d-be70-993eca33c302,Leopard Toadfish,Canthigaster leoparda,pending_review,identity confidence is below the inclusion threshold,True,SRC-88BC5EFA,418,419,bl,high,91.5,high,,,"ID: Pale brown; blue lines on snout and nape, blue-ringed brown spot on upper nape, clusters of brown blotches and small blue spots on side. Solitary or in pairs; usually in caves or under ledges. Steep outer reefs in 30-50 m."
266,e1c27448-b8b0-5b8c-a6c5-7eb45e55b52c,Shy Toadfish,Canthigaster ocellicincta,pending_review,identity confidence is below the inclusion threshold; account transcription confidence is not high; identification descriptions are not high-confidence transcriptions,True,SRC-FDD96F67,419,420,mr,high,91.2,medium,,,"feet on Gar browen to Hak sel co keag 2 dcop tn ouves and crevices Soop by tore Pec ngoneia to Boa m. od a + Philippines to Great Barrior Reef, EEE"
267,8b9b6ef3-f98c-5086-8bed-0516cea26d45,Rivulated Toadfish,Sryaninops rivulata,pending_review,identity confidence is below the inclusion threshold; identification descriptions are not high-confidence transcriptions,True,SRC-1CE22859,419,420,ml,medium,68.4,high,,,"Soiy wih deck aepe team pectat Gakesescod salsa, Primarily Sound on focky reefs to 100 m. Iodo-North Asian Pact: , Aftce, Seychelles and W. Autenlia to Talwen, Korea and Japan, alsn Hawnil {mainly confined to subtropical locatiaas), a"
268,fd96d730-4eda-57e5-af5d-f6bd5541c6c6,Bicolored Toadfish,Canthigaster smithae,pending_review,identity confidence is below the inclusion threshold,True,SRC-AED9F9CA,419,420,tr,high,91.6,high,,,"ID: Brown back with white below; brown to yellowish stripe from chin to lower tail base, yellow iris with blue “spokes.” dark margins on tail. Solitary. Seaward reefs slopes in 20-40 m."
269,6d4a2074-200f-5d94-ba72-c056ff076d24,Spotted Toadfish,Canthigaster solandni,pending_review,identity confidence is below the inclusion threshold; no identification description,True,SRC-80FF19D3,417,418,tr,medium,76,high,,,
270,540c40cc-f54b-5224-9efc-5fb22a49cd18,Tyler's Toadfish,Sryaninops tyleri,pending_review,identity confidence is below the inclusion threshold; account transcription confidence is not high; identification descriptions are not high-confidence transcriptions,True,SRC-026AC680,418,419,br,medium,63.5,medium,,,"«ID: Pale brown-te orange; blue lines on snout and large bow body. Boltary; usualy in o2ves OF ‘cover body. under ledges, ‘outer reat siopas in 6-40 m."
271,43d11fbf-af3e-5ed9-959f-d88f601878c6,Black-saddled Toadfish,Canthigaster valentini,pending_review,identity confidence is below the inclusion threshold; account transcription confidence is not high; identification descriptions are not high-confidence transcriptions,True,SRC-9A89B45A,419,420,br,medium,74.5,medium,,,"ID: White with light brown spots and 4 dark brown to blackish saddles, the middle two extend onto lower side. Mimicked by Mimic Filefish. Solitary or form smal] groups. Lagoon and seaward reefs to 50 m."
272,2120786b-bcb6-5418-83b9-5e3447239900,African Pompano,Sryaninops fulvoguttatus,pending_review,identity confidence is below the inclusion threshold; account transcription confidence is not high; identification descriptions are not high-confidence transcriptions,True,SRC-8DF66A13,124,125,tr,low,,low,,,ID: Fore lobes of rear dorsal andl anal fins of young tall dag: fBamentous rays that are lost with age.
273,fc42484c-3289-5368-b899-37f69e802384,Gold-spotted Trevally Jack,Carangoides gymnostethus,pending_review,identity confidence is below the inclusion threshold; account transcription confidence is not high; identification descriptions are not high-confidence transcriptions,True,SRC-F9EED037,124,125,br,high,94.2,medium,,,"ID: Silvery with a few brown or yellow spots scattered on sides. Juveniles and young adults form schools, adults usually solitary. Sheltered coasts and over deeper offshore reefs to at least 70 m."
274,c16a34c5-46df-52fe-8115-c8311dc6e7aa,Yellow-spotted Trevally Jack,Carangoides oblongus,pending_review,identity confidence is below the inclusion threshold,True,SRC-2D56AB2D,125,126,bl,high,92.7,high,,,"ID: Silvery, jower lobe of tail, anal and pectoral fins occasionally yellowish: fore lobe of rear dorsal fin elongate. Solitary or form small schools. Coastal reefs and lagoons, usually over sandy bottoms to 50m"
275,56dce2f2-d6e9-59a2-9ed5-b142313b4f42,Barcheek Trevally Jack,Carangoides orthogrammus,pending_review,identity confidence is below the inclusion threshold; account transcription confidence is not high; identification descriptions are not high-confidence transcriptions,True,SRC-E94C2655,125,126,br,high,93.2,medium,,,"ID: Silvery with elliptical yellow spots or blotches on sides bluish fins; occasionally faint darkish bars on side. Solitary or form small schools. Commonly over sand in lagoons, passes. and around outer reefs in 3-160 m."
276,aa6ac8ab-58bc-5cda-a24f-0e253c840abb,Barcheek Trevally Jack,Carangoides plagiotaenia,pending_review,identity confidence is below the inclusion threshold,True,SRC-B37320AF,125,126,tl,high,87.3,high,,,ID: Silvery; narrow dark bar on gill cover. Solitary or form small groups. Most common along edge of steep outer reef slopes in 2-200 m.
277,c51a3ea1-4c82-58da-8fcf-b0fde5a62fa3,Bluefin Trevally Jack,Caranx melampygus,pending_review,identity confidence is below the inclusion threshold; account transcription confidence is not high; identification descriptions are not high-confidence transcriptions,True,SRC-F79A91F9,126,127,mr,high,95.1,medium,,,"ID: Silvery iridescent blue to green with dense spotting on ! upper two-thirds of body, blue to bluish fins. Solitary or form 7 schools. Inhabit a variety of reef habitats, but most common on outer reefs to 190 m; can be locally abundant."
278,f632fa7a-877f-582d-9cab-839181656efd,Brassy Trevally Jack,Caranx papuensis,pending_review,identity confidence is below the inclusion threshold,True,SRC-3E28D1E8,126,127,bl,high,94.8,high,,,"ID: Silver, often with bronze to greenish tints, tower tail lobe yellowish with white margin; dark speckles above lateral Ine; white spot behind upper edge of gill cover. Solitary or form schools. Over lagoon to seaward reefs to 30 m."
279,f81ad581-62df-5c60-9e08-2782f19b7dfc,Bigeye Trevally Jack,Caranx sexfasciatus,pending_review,identity confidence is below the inclusion threshold; account transcription confidence is not high; identification descriptions are not high-confidence transcriptions,True,SRC-856EB157,126,127,br,high,95.5,medium,,,"Dae tam black when courting); small bse spc On, omeacwe"
280,6e83fd74-4f15-5b01-a901-3c09025c2948,Black Jack,Caranx ugubnis,pending_review,identity confidence is below the inclusion threshold; account transcription confidence is not high; identification descriptions are not high-confidence transcriptions,True,SRC-77489DD8,126,127,ml,medium,77.4,medium,,,"ID: Silvery gray to brown to nearly black; small dark spot at upper end of gill cover; scutes, rear dorsal, anal and rear of tail fins dark. Solitary or form smail schools. Mainly offshore reefs in 20-70 m."
281,ed61516f-5319-5a43-a81f-83781958741c,Gray Reef Sergeant,Carcharhinus amblyrhynchos,pending_review,identity confidence is below the inclusion threshold,True,SRC-D2183780,453,454,ml,high,95.5,high,,,"ID: Gray with white underside; broad black tail margin 2nd dorsal, anal and underside of pectoral fins usually black. Solitary or form aggregations; occasionally aggressive and dangerous. Outer reef slopes in 1-274 m."
282,37b37357-b011-51c4-9ddd-d9465184bd4f,Silky Sergeant,Carcharhinus falciformis,pending_review,identity confidence is below the inclusion threshold,True,SRC-D7DBB44E,454,455,tl,high,94.1,high,,,"ID: Gray with white underside; lack distinctive markings except often with black tips on underside of pectoral and dusky tail fin Jobe tips; Ist dorsal fin low rounded and starts behind pectoral fin, long trailing edge on 2nd dorsal. Solitary. Usually in open water to 500 m."
283,35adda80-b44b-502b-97f0-ac33ad86aa56,Galapagos Sergeant,Carcharhinus galapagensis,pending_review,identity confidence is below the inclusion threshold,True,SRC-103F31B0,453,454,bl,high,95.3,high,,,"ID: Gray with white underside; fin tips often dusky especially underside of large pectoral fins; tall dorsal fin pointed or sharply rounded. Solitary or form groups in mid- water, at times aggressive and dangerous. Primarily around islands in 2-180 m."
284,8f1a0584-f050-519e-83e3-e6d665b90cbe,Shark,Carcharhinus leucas,pending_review,identity confidence is below the inclusion threshold,True,SRC-E1B6BC1A,454,455,tr,high,93.1,high,,,"ID: Large stout body, very short bluntly rounded snout and small eyes; gray gradating to white underside, no markings on fins. Solitary or form groups in mid-water; considered dangerous. Coastal reefs and estuaries to 152 m."
285,7ea81c52-592f-5bb0-bcfc-725520a8d7ae,Shark,Carcharhinus limbatus,pending_review,identity confidence is below the inclusion threshold; account transcription confidence is not high; identification descriptions are not high-confidence transcriptions,True,SRC-B5840C9E,454,455,mr,high,92,medium,,,"ID: Gray with white underside; anal fin pale to white, black tips on 2nd dorsal, pectoral and ventral fins and lower tail lobe, silyver-white streak on flank. Solitary. Lagoons, inshore waters and reef channels to 50 m."
286,21d05aa9-f12e-594a-9da2-f07d8e1e2fa6,Blacktip Reef Sergeant,Carcharhinus melanopterus,pending_review,identity confidence is below the inclusion threshold; account transcription confidence is not high; identification descriptions are not high-confidence transcriptions,True,SRC-B83993C9,454,455,ml,high,96,medium,,,"‘1D: Brownish gray with white undeuside; bieck tip om 1st dorsal, 220 dorsal, pectoral, anal sn lower lobe of sail Tagoon, and outer slopes, ualiyin 1-20 m2"
287,4b97abba-5171-5ebf-8e3e-d8604112d175,Dusky Sergeant,Carcharhinus obscurus,pending_review,identity confidence is below the inclusion threshold,True,SRC-CFE5F976,453,454,mr,high,93.4,high,,,"ID: Gray with pale underside; fin tips often dusky, especially underside of large pectoral fins; dorsal fin pointed and slightly shorter than Galapagos Shark [next]. Solitary or form groups in mid-water; occasionally aggressive and dangerous. Primarily along continental coastlines to 400 m."
288,19ebab8a-258b-5199-be92-e50a5cd83ba2,Sandbar Sergeant,Carcharhinus plumbeus,pending_review,identity confidence is below the inclusion threshold,True,SRC-6DAD57B7,453,454,br,high,94,high,,,"ID: Gray to grayish brown with pale underside; no dusky markings on fins, very tall pointed dorsal fin, ridge between 1st and 2nd dorsal fins; short snout. Salitary to large schools, usually over sand or mud bottoms, occasionally near reefs to 280 m."
289,83f6c479-9307-5d29-9591-de5cf6027e69,Rigid Shrimpfish,Yentriscus scutatus,pending_review,identity confidence is below the inclusion threshold; account transcription confidence is not high; identification descriptions are not high-confidence transcriptions,True,SRC-CA7EC717,401,402,mr,high,92.1,medium,,,"ID: Very similar to Razorfish [previous], but 1st dorsal spine is rigid and straight lacking a hinge and mid-lateral stripe brown to red. Form head down schools or shelter among urchins. Sheltered reefs in 1-25 m."
290,4a55c530-d080-5b0d-a05e-59ddafff9e3c,Bicolor Angelfish,Centropyge bicolor,pending_review,identity confidence is below the inclusion threshold,True,SRC-8428EDE7,33,34,bl,high,84,high,,,"ID: Bright yellow head and forebody, deep blue behind with yellow tail; blue saddle across nape extends to eyes. Solitary, =. i pairs or small groups. Coral-rich and rubble areas of seaward reefs and lagoons, usually in 10-25 m. ."
291,29dae23e-479e-54b6-90d8-3fee3c59f28b,Blueback Pygmy Angelfish,Centropyge colini,pending_review,identity confidence is below the inclusion threshold; account transcription confidence is not high; identification descriptions are not high-confidence transcriptions,True,SRC-A2B08BBB,32,33,tr,high,84.9,low,,,ID: Pale yellow except for broad patch of blue on upper body extending from nape to soft dorsal fin. Usually solitary: shy. rarely observed. Caves and ledges of steep outer teef slopes in 25-75 m.
292,5bbcb84a-d744-5f56-b22e-cd19d018f429,Blacktail Angelfish,Centropyge eibli,pending_review,no identification description,True,SRC-BB6CCE19,34,35,bl,high,100,high,,,
293,d4efa718-46af-55b9-803c-bb10f4a41f4e,Rusty Angelfish,Centropyge ferrugatus,included,,True,SRC-99FE811F,35,36,bl,high,100,high,,,ID: Rusty color with numerous brown spots; dorsal and anal fins edged with bright blue. Solitary or form small groups usually close to reef crevices. Rocky reefs and rubble in 6-30 m. ‘
294,9dd85b0c-3361-59b4-a87d-45b8ac6db4c5,White-tailed Pygmy Angelfish,Centropyge flavicauda,pending_review,account transcription confidence is not high; identification descriptions are not high-confidence transcriptions,True,SRC-D8065CD3,34,35,tr,high,100,medium,,,"ID: Dark blue with translucent to white tail; dorsal, anal and ventral fins edged in bright blue, black marks on rear edge of dorsal and anal fins. Solitary or form loose aggregations. Coral rubble of lagoons, passages and outer slopes in 10-60 m."
295,5c571cab-4b1e-537b-bb2e-4871d3212bac,Yellowfin Pygmy Angelfish,Centropyge flavipectoralis,pending_review,no identification description,True,SRC-E7FC4238,34,35,ml,high,100,high,,,
296,d57e2c37-6d4a-50f3-add6-871de33cc8e0,Lemonpeel Angelfish,Centropyge flavissimus,included,,True,SRC-AB2746B2,33,34,ml,high,100,high,,,ID: Bright yellow; blue edge on gill cover and usually blue ring around eye. Usually in harems. Mimicked by juvenile Mimic Surgeonfish. Coral-rich lagoons and seaward reefs to 25 m.
297,242f7a02-1f84-5817-88b6-565b9d9bc164,Yellow Pygmy Angelfish,Centropyge heraldi,pending_review,identity confidence is below the inclusion threshold; account transcription confidence is not high; identification descriptions are not high-confidence transcriptions,True,SRC-D75FDD03,33,34,mr,low,,low,,,5 Ba Ea) enter of side; na rue teamed blac ee
298,65a2bc6f-f09d-53a8-aa73-97bf0212bdd3,Orangehead Pygmy Angelfish,Centropyge hotumatua,included,,True,SRC-8D2A57FF,32,33,br,high,100,high,,,"ID: Yellow-orange head and deep blue to nearly black body yellow-orange tail; blue ring around eye, small dark spot near gill cover. Solitary or form small aggregations. Rock or coral reefs in 14-45 m."
299,377c6eca-55a5-5f65-ac1b-47c4be25180e,Japanese Pygmy Angelfish,Centropyge interruptus,pending_review,account transcription confidence is not high; identification descriptions are not high-confidence transcriptions,True,SRC-DE3B3067,32,33,bl,high,100,medium,,,"ID: Orangish red head and forebody with blue spotting and blue behind, yellow tail. Males have stronger blue spotting on head and heavy blue lines on cheeks. Rocky shores and coral patches in 15-60 m"
300,c08df5d7-9271-5e9f-a27e-89bdb8389fd7,Flame Angelfish,Centropyge loricula,pending_review,identity confidence is below the inclusion threshold,True,SRC-4AD806DC,35,36,mr,medium,78.5,high,,,ID: Brilliant red to red-orange with about 5 black bars; biue markings on rear edge of dorsal and anal fins. Solitary or form small groups; shy. Seaward reefs and lagoons in 5-60 m.
301,f6301949-0651-5d93-9f50-48a2822842c6,Multicolor Pygmy Angelfish,Centropyge multicolor,pending_review,identity confidence is below the inclusion threshold; account transcription confidence is not high; identification descriptions are not high-confidence transcriptions,True,SRC-7BA63254,32,33,ml,high,93.7,medium,,,"ID: White upper body, yellow face and lower body, dark blue dorsal and anal fins, yellow tail: blue patch on nape with black barring. Usually solitary; shy. Under ledges on steep outer reef dropoffs in 20-90 m."
302,b3b8bd1d-63f0-5da6-bb33-ba933dbcc9b9,Brown Pygmy Angelfish,Centropyge multispinis,pending_review,no identification description,True,SRC-1E40C644,34,35,mr,high,100,high,,,
303,c3f85ee6-9c42-5aea-810e-dab98bcafb09,Ocellated Pygmy Angelfish,Centropyge nigriocellus,pending_review,account transcription confidence is not high; identification descriptions are not high-confidence transcriptions,True,SRC-0281FBA6,32,33,mr,high,100,medium,,,"ID: Pale yellowish or whitish; prominent black spot at base of pectoral fin base, ocellated spot on rear dorsal fin. Shy rarely observed. Coral rubble areas in lagoons and along outer reefs in 4-15 m."
304,88cd9255-cc97-5464-aa1e-0b4c23010f1e,Midnight Angelfish,Centropyge nox,pending_review,account transcription confidence is not high; identification descriptions are not high-confidence transcriptions,True,SRC-EF842BEC,34,35,tl,high,100,medium,,,"ID: Entirely black. A secretive fish usually alone, occasionally in small groups; hide in crevices and ledges. Coral-rich areas or rubble bottoms, most commonly on sheltered outer reefs but also lagoons and passes in 10-70 m."
305,2bc7b96e-5cd4-5968-872b-ba8e4427f15d,Orangepeel Angelfish,Centropyge shepardi,included,,True,SRC-742904E6,35,36,br,high,100,high,,,"ID: Red-orange with narrow dark bars, rear dorsal and anal fins also black. Exposed outer reefs on mixed live and dead coral bottoms in 10-56 m."
306,dcc3a51e-5f01-5934-8938-ee6d60b9ec3d,Keyhole Angelfish,Centropyge tibicen,pending_review,account transcription confidence is not high; identification descriptions are not high-confidence transcriptions,True,SRC-FCAFD718,33,34,br,high,100,medium,,,"ID: Dark blue; oval-shaped white spot on side, margin of anal fin broadly yellow. Solitary or form small groups. Coral and rubble areas of lagoons and seaward reefs in 4-35 m."
307,33a50405-b707-59a1-9148-57dd04f0c46c,Pearl-scaled Angelfish,Centropyge vroliki,pending_review,no identification description,True,SRC-178049A2,34,35,br,high,100,high,,,
308,97214ac4-75e7-5e62-b323-739e4721b846,Yellow Bannerfin Angelfish,Centropyge woodheadi,pending_review,account transcription confidence is not high; identification descriptions are not high-confidence transcriptions,True,SRC-E4AFD4CA,33,34,tr,high,100,medium,,,ID: Bright yellow; elongate black patch on rear dorsal fin. Species status is controversial because captive specimens apparently transform to normal Yellow Pygmy Angelfish [previous| coloration. Solitary or form small groups. Rubble areas in 9-20 m.
309,690b118a-38ec-53ff-9890-1e88a85c14cd,Peacock Grouper,Cephalopholis argus,pending_review,no identification description,True,SRC-1AA3846A,154,155,ml,high,100,high,,,
310,c9812414-91f9-5969-982c-0bbff8c5b1df,Chocolate Grouper,Cephalopholis boenak,included,,True,SRC-AA623299,155,156,ml,high,100,high,,,"ID: Brown; usually display 7-8 dark bars on side, tail with dark corners edged in blue. Solitary; feed primarily on crustaceans. Dead silty reefs in sheltered waters and coastal teefs in 4-30 m."
311,7e2f0ac3-b76a-5f88-bd0f-28856a003446,Bluespotted Grouper,Cephalopholis cyanostigma,included,,True,SRC-319AAA7B,154,155,bl,high,100,high,,,"ID: Brown to reddish brown, often lightly mottled; covered with numerous black-edged blue spots. Solitary. Coastal lagoon and seaward reefs in 1-50 m."
312,da1bf0b1-6735-528c-b8bc-d4d131ba7536,Bluelined Grouper,Cephalopholis formosa,pending_review,account transcription confidence is not high,True,SRC-8B086282,155,156,tl,high,100,medium,,,"WD: Dazk brown to yellowish brown vith dark bing, pritnadily horjsontal, ines on head, hody and fins. Solitary, Dead sity. reels in shottered waters and eoestal reefs in 1-15 m1."
313,a9860c43-98af-5c69-919b-117dc9190340,Leopard Grouper,Cephalopholis leopardus,included,,True,SRC-71ACF22B,155,156,mr,high,100,high,,,"ID: Mottled reddish brown with numerous red-orange to pinkish red spots; dark brown saddle on tail base, dark brown streak on upper corner of tail, less intense streak below. Solitary. Coastal, lagoon and outer reefs to 35 m."
314,aacb3585-3b8a-50b5-bf4d-b155bf5abde4,Surge Grouper,Cephalopholis microprion,pending_review,identity confidence is below the inclusion threshold; account transcription confidence is not high; identification descriptions are not high-confidence transcriptions,True,SRC-AB332117,157,158,tl,high,95.2,medium,,,ID: Completely dark brown or display whitish area covering much of body: dark-edged blue spots cover head and breast. Solitary. Dead silty reefs in sheltered coastal waters in 2-20 m.
315,f732a274-9cad-53c1-b200-96fb90a9494a,Saddle Grouper,Cephalopholis miniata,pending_review,identity confidence is below the inclusion threshold; account transcription confidence is not high; identification descriptions are not high-confidence transcriptions,True,SRC-76A87030,156,157,mr,low,,low,,,"1D: Similar spatvertiue to eh, spuuing bt with ana King hie snckdlos tines of etoroen heed nianit D: dood cuves nel Tessevenordy fn Open."
316,f8e011d0-9a73-5f18-98ab-8e85de595d10,Harlequin Grouper,Cephalopholis polleni,pending_review,account transcription confidence is not high; identification descriptions are not high-confidence transcriptions,True,SRC-317B7150,155,156,tr,high,100,medium,,,"ID: Yellow to greenish yellow; bright blue or violet stripes on head, body and fins. Solitary. Clear water of outer reefs and steep slopes, seldom in less than 30 m."
317,447e46ea-e05d-512d-b33c-530c8c55063f,Coral Grouper,Cephalopholis sexmaculata,included,,True,SRC-5CBA4CA5,156,157,ml,high,100,high,,,"ID: Orange-red with numerous small blue spots; often lines on head, 6-7 pale saddles on back that commonly extend into bars on sides. Solitary or form groups. Caves on outer reef slopes in 10-150 m."
318,f4832552-4c73-5fbc-a304-7abfdcc0a4d8,Tomato Grouper,Cephalopholis sonnerati,pending_review,account transcription confidence is not high,True,SRC-0AB1214A,156,157,bl,high,100,medium,,,"ID: Orange-red to reddish brown with dense network of red spots on head; more loosely scattered, fainter spots on body and fins. Solitary; frequent shrimp cleaning stations. Lagoon and outer reefs in 10-150 m. | ID: Orange-rad to reditteh brown with dense network ofrea saz on hon: sogn Lonely scatter fox son Doty fing. Solitary; frequent shrimp cleaning stations. Lagoon. bel outer roofs 10c180m,"
319,b5173597-6ae9-5941-9a76-20df2c7bc93e,Strawberry Grouper,Cephalopholis spiloparaea,included,,True,SRC-8ADD6EE2,155,156,br,high,100,high,,,"ID: Red to pale reddish orange with dark red to brownish red mottling; commonly covered with faint pale spots, blue to pale submarginal outline on tail. Solitary. Common on steep outer slopas in 15-108 m."
320,2d50e30a-7fe1-5b0c-8e0c-76fdb6748db1,Flagtail,Cephalopholis urodeta,pending_review,account transcription confidence is not high; identification descriptions are not high-confidence transcriptions,True,SRC-1C6363E9,155,156,bl,high,100,medium,,,"ID: Brown to reddish, darker toward tail: occasionally display faint pale bars, diagonal white lines across corners of tail. Indian Ocean variation lacks these lines and has a dark spot on upper gill cover. Solitary. Variable reef habitats in 1-60 m."
321,30637b74-1523-588e-ab54-462eb4186ba6,Blotchy Swell Sergeant,Cephaloscyllium umbratile,pending_review,account transcription confidence is not high; identification descriptions are not high-confidence transcriptions,True,SRC-08FB433C,452,453,tr,high,100,medium,,,"ID: Pale brown with darker saddles and widely scattered dark brown spots; stout body with relatively small dorsal anal and tail fins, no barbels or flaps on head. Solitary. Rock or sand bottoms of primarily continental shelf waters in 18- 220 m."
322,8f33c8ca-d427-5747-a4a1-66354e9027d9,Helen's Triplefin,Ceratobregma helenae,pending_review,account transcription confidence is not high; identification descriptions are not high-confidence transcriptions,True,SRC-6965963D,357,358,bl,high,100,medium,,,"ID: Reddish brown head; 14-16 dark bands on side (poorly 1 defined in photo), orange scale margins. Solitary. Lagoon and ( outer reef slopes to 40 m. ]"
323,7aa220b0-3eaf-5b77-8341-8d40273e21ff,Solitary Cardinalfish,Cercamia eremia,pending_review,account transcription confidence is not high; identification descriptions are not high-confidence transcriptions,True,SRC-E3BC2FDB,261,262,bl,high,100,medium,,,"ID: Slender; whitish, translucent with silvery reflections pinkish brown gill cover. Solitary. During day shelter inside deep caves and crevices of clear water seaward reefs in 2-40 m."
324,5b3b4e3b-c92f-53d5-8c06-5f73f5ad68e4,Bicolor Parrotfish,Cetoscarus bicolor,pending_review,account transcription confidence is not high; identification descriptions are not high-confidence transcriptions,True,SRC-2A2C8B0C,179,180,tl,high,100,medium,,,"ID: 1? - Green with pinkish red spots and lines on head; band from mouth to belly, stripes or bands on fins. Usually with group of IP. Lagoon and seaward reefs to 30 m."
325,ef6a57e6-a2aa-534a-9f6b-82720acf1c30,Leafy Filefish,Chaetodermis penicilligera,pending_review,account transcription confidence is not high; identification descriptions are not high-confidence transcriptions,True,SRC-410B1787,411,412,ml,high,100,medium,,,"ID: Brown to brownish yellow; shaggy, covered with fumerous skin-flaps; wavy brown lines on side, black dots on transparent dorsal anal and tail fins. Solitary. Weed- covered bottoms of coastal reefs in 2-25 m."
326,b2e7836d-de7d-5937-942d-8aa9b8f93b87,Panda Butterflyfish,Chaetodon adiergastos,pending_review,identity confidence is below the inclusion threshold; account transcription confidence is not high; identification descriptions are not high-confidence transcriptions,True,SRC-E2B8D383,18,19,mr,medium,78.5,low,,,"ID: Whitish with darker gray bands, fins yellow-orange ] (except pectoral): oval-shaped black eye bar, and small black f spot on nape. Usually in pairs or small groups. Silty inshore reefs and clear outer reefs in 3-25 m."
327,7cd78fa6-71cf-51c8-b533-29274bdfa53a,Asian Butterflyfish,Chaetodon argentatus,pending_review,account transcription confidence is not high; identification descriptions are not high-confidence transcriptions,True,SRC-393EA17D,22,23,tl,high,100,medium,,,"ID: White with net pattem; broad black bars or saddle marlangs on rear head and mid-body, black bar across rear body. In pairs or smal] aggregations. Rock or coral reefs in 5-20 m."
328,d3eb361d-82cb-5321-88b0-92fa744eeb3c,Nest Australian Butterflyfish,Chaetodon assarius,pending_review,identity confidence is below the inclusion threshold,True,SRC-FB64AF5D,17,18,mr,medium,78.5,high,,,ID: Beige with vertical rows of dark spots; rear body rimmed in brown with narrow white margin on rear dorsal and anal fins; ocellated spot on rear dorsal fin. Form aggregations. Coastal reefs to 40 m.
329,8e962497-3581-537f-87e0-97b84629e148,Golden-striped Butterflyfish,Chaetodon aureofasciatus,pending_review,account transcription confidence is not high; no identification description,True,SRC-D7A463CA,27,28,tr,high,100,medium,,,
330,f25338e2-6c9b-5241-935c-1f878790e2ad,Threadfin,Chaetodon auriga,pending_review,identity confidence is below the inclusion threshold,True,SRC-06E6C94C,17,18,bl,medium,74.6,high,,,"ID: Podfic Voriation - White with chevron pattern; rear body and tail yellow; spot on rear dorsal fin {except Red Sea); dorsal fin usually trails a thread-like filament. Solitary, in pairs or small groups. Coastal and outer reefs to 40 m."
331,42568672-09aa-500f-8f5c-fc128679fe78,Oriental Butterflyfish,Chaetodon auripes,pending_review,account transcription confidence is not high; identification descriptions are not high-confidence transcriptions,True,SRC-F647E77D,21,22,mr,high,100,medium,,,ID: Brown to golden brown with numerous thin dark stripes prominent black eye bar with white bar behind. Solitary or form aggregations. Rocky reefs with some coral and algal growth to 30 m. Juveniles in tide pools.
332,b1bb4a01-e9a0-5698-a778-7f8190845cb4,Eastern Triangular Butterflyfish,Chaetodon baronessa,pending_review,account transcription confidence is not high; identification descriptions are not high-confidence transcriptions,True,SRC-3028970B,19,20,ml,high,100,medium,,,"ID: Body roughly triangular: gray with many chevron markings, pale yellow tail. Similar Triangular Butterflyfish {next| has dark triangle marking on tail. In pairs. Near Acropora piate coral to 10 m."
333,bc7db92b-8edf-53dc-92c2-668966505882,Eclipse Butterflyfish,Chaetodon bennetti,pending_review,identity confidence is below the inclusion threshold; account transcription confidence is not high; identification descriptions are not high-confidence transcriptions,True,SRC-07EB2DF7,20,21,bl,high,85.9,medium,,,"ID: Bright yellow; large blue-edged black spot on middle of back, pair of diagonal blue lines on lower body. Solitary or in pairs. Coral-rich areas of lagoons and on outer reefs in 5-30. m."
334,ad0164c4-f8d1-567b-a11b-7c54e8e2042a,Black & White Butterflyfish,Chaetodon burgessi,pending_review,identity confidence is below the inclusion threshold; account transcription confidence is not high; identification descriptions are not high-confidence transcriptions,True,SRC-474D3594,22,23,tr,high,91.6,medium,,,"ID: White, black band from nape to pectoral region, broad black diagonal area across rear of body. Solitary or in pairs. Vertical or undercut dropoffs on outer reefs in 20-80 m usually below 40 m."
335,a0a0f6cc-4d9c-50f2-a4c4-c7686bbb7062,Speckled Butterflyfish,Chaetodon citrinellus,pending_review,account transcription confidence is not high,True,SRC-776CA341,24,25,tl,high,100,low,,,"‘1: Pele yellow to whitish with many rows of faint bluish apote; anal fin. Solitary, in smal groups. Moers exposed io sur) feat bes aid seared tects namadte in 1-2 wn trendy tn 2m,"
336,a2fdeb4b-8609-514a-95f0-469e095a497e,Eight-banded Butterflyfish,Chaetodon collare,pending_review,identity confidence is below the inclusion threshold; account transcription confidence is not high; identification descriptions are not high-confidence transcriptions,True,SRC-A385BA65,26,27,tr,low,,low,,,"«1D: Brown with similar head markings a9 adit; algo black ‘spot on rear dorsal fin; tail cléar. Folvpe and pelyebaotes but ao congue Feeds primarily eles, om coral"
337,af5d8ff5-b2f6-52dd-aac4-9ced1d3293a0,Nrought Iron Butterflyfish,Chaetodon daedalma,pending_review,identity confidence is below the inclusion threshold; account transcription confidence is not high; identification descriptions are not high-confidence transcriptions,True,SRC-F97F0BED,23,24,br,high,93.8,medium,,,"ID: Blackish with whitish biotch or spot on each scale; rear edge of dorsal, anal and tail fins yellow. Form large aggregations forage widely. Rocky reefs in clear water to 7 m."
338,dc0a196c-63da-51e3-bed2-f932f86222d2,Marquesan Butterflyfish,Chaetodon declivis,pending_review,identity confidence is below the inclusion threshold; account transcription confidence is not high; identification descriptions are not high-confidence transcriptions,True,SRC-3A855A82,22,23,bl,high,97.9,medium,,,"ID: White with dark spots, fins yellowish; broad diagonal area across rear body gradating orange to black, orange eye bar and snout tip. Rocky reef slopes and steep walls adjacent to sand bottoms below 20 m."
339,9a5235f8-bef0-53e0-9f69-e0ff4be79a9c,Indian Vagabond Butterflyfish,Chaetodon decussatus,pending_review,account transcription confidence is not high; identification descriptions are not high-confidence transcriptions,True,SRC-7AF54C49,17,18,ml,high,100,medium,,,ID: Yellowish white with chevron pattern of narrow lines wide black band across rear body covers rear dorsal fin. Usually alone or in pairs: home ranging. Rubble or coral-rich habits to 30 m. often in turbid conditions.
340,17c4dd40-21b9-51ae-bef0-f8e93a4b7c0c,Saddled Butterflyfish,Chaetodon ephippium,pending_review,account transcription confidence is not high; identification descriptions are not high-confidence transcriptions,True,SRC-67ECE0A5,24,25,ml,high,100,medium,,,"ID: Blue-gray with blue lines on lower body: large white- bordered black patch upper rear body, orange area from snout to ventral fins. Solitary or in pairs. Coral-rich areas in lagoons and seaward reefs to 30 m."
341,411358b2-5f51-5b95-ac3b-7ab2806440d2,Hes,Chaetodon falcula,pending_review,identity confidence is below the inclusion threshold; account transcription confidence is not high; identification descriptions are not high-confidence transcriptions,True,SRC-521D5EBE,25,26,bl,high,91.6,medium,,,"ID: White becoming bright yellow on back and rear body pair of black saddles across back, black band on tail base. Solitary, in pairs or groups. Coral-rich areas of lagoons and seaward reefs to 15 m."
342,7d3609ed-a299-5fb5-b7ec-2166e45afec7,Black Butterflyfish,Chaetodon flavirostris,pending_review,identity confidence is below the inclusion threshold; account transcription confidence is not high; identification descriptions are not high-confidence transcriptions,True,SRC-24F03D9D,23,24,ml,medium,73.8,medium,,,ID: Dark with yellow rim that is most prominent around rear edge of body and tail; dark blotch on nape; large adults develop hump on forehead. Usually in pairs. Coral and rocky teefs in 2-20 m.
343,42230a6b-4a16-5b24-8af2-f90c163af695,Yellow-crowned Butterflyfish,Chaetodon flavocoronatus,included,,True,SRC-B48D10E5,22,23,mr,high,100,high,,,"ID: White with numerous dark dots, yellow tail: broad black diagonal area across rear of body, yellow band on nape. Solitary or in pairs. Shelter in black corals and sea fans on steep slopes in 35-75 m."
344,2aaa2237-b9c3-58e1-adea-15828d877ed0,Yellowrimmed Butterflyfish,Chaetodon guentheri,pending_review,identity confidence is below the inclusion threshold; account transcription confidence is not high,True,SRC-A0EAFD18,18,19,tr,high,97.3,low,,,Siveny ete wh meron 2 dark spots; upper and rear ‘immed! in yellow. Rocky reefs and coral-rich outer slopes teal Ota: meer tool nuraliage
345,a3a6f0ae-99e7-5ee0-aeb9-ec15db93711a,Spotted Butterflyfish,Chaetodon guttatissimus,pending_review,account transcription confidence is not high; identification descriptions are not high-confidence transcriptions,True,SRC-BD4C40B1,24,25,tr,high,100,medium,,,"ID: Beige with distinctive brown to purplish speckling; broad yellow margin on dorsal fin extends across tail base. Solitary or in pairs. Coral reefs, lagoons and seaward slopes in 5-30 m."
346,d8e05a1e-758d-55ad-b221-136480bea362,Indian Butterflyfish,Chaetodon interruptus,pending_review,identity confidence is below the inclusion threshold; account transcription confidence is not high; identification descriptions are not high-confidence transcriptions,True,SRC-4368024E,20,21,mr,medium,80.2,medium,,,"ID: Bright yellow; black tear-shaped spot on back, thin black bar from rear dorsal to rear anal fin; adults develop a large bulbous snout. Solitary or form small groups. Lagoon and seaward reefs in areas of hard and soft corals in 10-40 m."
347,25f01e79-56b6-5630-94dc-928081547f16,Blacklip Butterflyfish,Chaetodon kleinii,pending_review,account transcription confidence is not high; identification descriptions are not high-confidence transcriptions,True,SRC-42DE5D13,21,22,bl,high,100,low,,,"ID: Light brown with “dirty” white head and diffuse central bar, black lip and ventral fins. Solitary to large aggregations. Rocky reefs and coral-rich areas of lagoons, channels, outer reef slopes in 2-61 m, usually below 10 m."
348,951b82a5-a48b-53ef-86e7-937b9d285fe8,Lined Butterflyfish,Chaetodon lineolatus,pending_review,identity confidence is below the inclusion threshold; account transcription confidence is not high; identification descriptions are not high-confidence transcriptions,True,SRC-CD7C3F6E,25,26,tl,high,94.1,medium,,,ID: White with vertical black lines; broad black band rear body. wide black eye bar encloses a white spot on nape. The largest butterflyfish. Solitary or in pairs. Lagoons and seaward reefs from shallows to 171 m.
349,1040d730-f310-50db-954c-d67f5c3714b8,Easter Island Butterflyfish,Chaetodon litus,pending_review,account transcription confidence is not high; identification descriptions are not high-confidence transcriptions,True,SRC-B600EFAE,23,24,bl,high,100,medium,,,ID: Dusky brownish gray with large whitish patch on back fins dusky brown edged with white. Form aggregations. Rocky reefs composed of volcanic boulders with prolific growth of brown algae to 25 m.
350,c6feeed6-b698-5ec1-bbdb-4649e3d5d1fb,Redfin Butterflyfish,Chaetodon lunulatus,pending_review,account transcription confidence is not high; identification descriptions are not high-confidence transcriptions,True,SRC-AD97A047,19,20,br,high,100,medium,,,"ID: Pale with oblique purplish stripes, anal fin red, base of tail pale; yellow-edged black band across base of anal fin. Usually in pairs. Coral-rich areas to 20 m."
351,f1e711cc-651e-5a89-acdf-eff12d916b03,Black-backed Butterflyfish,Chaetodon melannotus,pending_review,account transcription confidence is not high; identification descriptions are not high-confidence transcriptions,True,SRC-E1334924,18,19,bl,high,100,medium,,,"ID: Whute body with many diagonal black lines, black on upper back; black saddle on base of tail. Solitary or in pairs; feed on live soft and hard corals. Coral-rich areas of lagoons, reef flats and seaward reefs in 2-20 m."
352,2f5aec4d-8b59-5903-804a-af13e0305e3f,Yellowback Butterflyfish,Chaetodon mertensii,pending_review,identity confidence is below the inclusion threshold; account transcription confidence is not high; identification descriptions are not high-confidence transcriptions,True,SRC-AD7A1D65,19,20,tr,high,99.5,low,,,"ID: White with chevron markings, outer tail yellow to orange broad yellow to orange bar across rear body, black eye bar and spot or smudge on nape. Solitary or in pairs. Lagoons and outer slopes in 10-120 m. Indo-Pacific; E. Africa, Maldives, Indonesia, Philippines and New Guinea to French Polynesia. - S.W. Japan to E. Australia."
353,c70d97ae-cd42-5b22-ae93-5fb6f6c5e813,Meyer's Butterflyfish,Chaetodon meyersi,pending_review,identity confidence is below the inclusion threshold; account transcription confidence is not high; identification descriptions are not high-confidence transcriptions,True,SRC-013749C9,26,27,ml,high,94.2,medium,,,"ID: White to bluish white; curving black bands converging near pectoral fin, yellowish nm encircles body. Solitary or in pairs. Coral-rich areas of clear lagoons and seaward reefs in 2-25 m."
354,a2f42d9d-0428-5661-ba8d-770795d5a35e,Brown-banded Butterflyfish,Chaetodon modestus,pending_review,identity confidence is below the inclusion threshold; account transcription confidence is not high; identification descriptions are not high-confidence transcriptions,True,SRC-CFFEED93,27,28,ml,high,96.4,medium,,,ID: Silvery white with pair of broad brown body bars ocellated spot on rear dorsal fin. Deep water from 40-250 m. usually below 110 m.
355,59943aa2-6bef-5da4-8470-f9c98271cab0,Japanese Butterflyfish,Chaetodon nippon,pending_review,account transcription confidence is not high; identification descriptions are not high-confidence transcriptions,True,SRC-EDBC4313,23,24,tr,high,100,medium,,,"ID: Yellowish or brassy with dark gray to brownish head and rear body; black spot on rear dorsal fin. Solitary, in pairs or groups. Rocky coastal reefs in 5-30 m."
356,11d7defd-4ebe-5ba1-aeba-81eef1aa1526,Spot-tail Butterflyfish,Chaetodon ocellicaudus,pending_review,identity confidence is below the inclusion threshold; account transcription confidence is not high,True,SRC-C84BEC2C,18,19,br,high,96.4,medium,,,"‘1D: White boriy with diagonal blackiines; black spot om base stall Salbary ot pairs. Coralcch arses of lagoons, reat in and seaward reais in 3-60 m. Most common on cuter Siped ani in tool cree ehasuale"
357,3ef033eb-f0ba-5ed8-83ab-5d77f5632ce6,Ornate Butterflyfish,Chaetodon ornatissimus,pending_review,identity confidence is below the inclusion threshold,True,SRC-C5859E84,26,27,mr,high,90.2,high,,,"ID: Bluish white with orange bands; narrow yellow margin on dorsal and anal fins, yellow-edged black eye bar. Usually in pairs. Coral-tich areas in clear water lagoons and seaward teefs to 36 m."
358,8c44a6cd-355a-541e-95b1-1c8bd3532b39,Spot-Nape Butterflyfish,Chaetodon oxycephalus,pending_review,account transcription confidence is not high; identification descriptions are not high-confidence transcriptions,True,SRC-B0C8384E,25,26,mr,high,100,medium,,,"ID: White with vertical black lines; broad black band rear body, black eye bar with separated black patch on nape. Usually solitary or in pairs. Coral-rich areas, including both coastal and seaward reefs in 10-40 m."
359,9235aca5-8d9b-515f-9d94-dbb33e7721d2,Tahiti Butterflyfish,Chaetodon pelewensis,pending_review,account transcription confidence is not high; identification descriptions are not high-confidence transcriptions,True,SRC-364DB9A8,24,25,br,high,100,medium,,,"ID: Yellowish tan with diagonal rows of dark spots becoming solid bands on upper body; orange eye bar. black spot on nape. Usually in pairs, sometimes with Spot-banded Butterflyfish (occasionally hybridize). Outer reefs to 30 m."
360,4676447f-2fb2-5379-bcff-bc8237d7a200,Blue-spot Butterflyfish,Chaetodon plebeius,pending_review,account transcription confidence is not high; identification descriptions are not high-confidence transcriptions,True,SRC-36125655,20,21,tl,high,100,medium,,,"ID: Bright yellow with numerous faint stripes: blue patch on side, ocellated spot on base of tail and blue-edged eye bar. Solitary or in pairs. Shallow coastal waters including lagoons and seaward reefs to 10 m."
361,96201986-6584-56f6-a8f6-1e170ac79e56,Spot-banded Butterflyfish,Chaetodon punctatofasciatus,pending_review,account transcription confidence is not high; identification descriptions are not high-confidence transcriptions,True,SRC-5ADE2491,24,25,bl,high,100,medium,,,"ID: Yellowish tan to yellow; 7 gray bars on upper body and tows of dark spots below, orange eye bar and black spot on nape. Usually in pairs, sometimes with Dot & Dash Butterftyfish {next]. Lagoons and outer reefs to 45 m."
362,c54b8b1f-6144-5089-ad46-e46305b5a49a,Fourspot Butterflyfish,Chaetodon quadrimaculatus,pending_review,account transcription confidence is not high; identification descriptions are not high-confidence transcriptions,True,SRC-6231DB3C,25,26,br,high,100,medium,,,ID: Yellow-orange with brown upper body; pair of white spots on back. Solitary or in pairs; feed almost exclusively on Pocillopora corals. Exposed rocky reefs with scattered coral growth in 2-15 m.
363,cb7d0a9f-ce52-5229-b1a5-46dd18934983,Latticed Butterflyfish,Chaetodon rafflesi,pending_review,identity confidence is below the inclusion threshold; account transcription confidence is not high; identification descriptions are not high-confidence transcriptions,True,SRC-A6E0E825,21,22,br,high,92.6,medium,,,"ID: Yellow with network of gray lines; broad dark submarginal band on soft dorsal fin and tail. Solitary or in pairs. Primarily coral-rich areas of sheltered coastal reefs, lagoons and outer slopes to 15 m."
364,c4d659ee-1f40-53e5-9119-a869c50208d9,Golden-striped Butterflyfish,Chaetodon rainfordi,pending_review,identity confidence is below the inclusion threshold; account transcription confidence is not high; identification descriptions are not high-confidence transcriptions,True,SRC-F630FA3B,27,28,tl,high,94.2,low,,,ID: Yellow: pair of broad bluish gray bars with orange margins and orange eye bar. Solitary or in pairs; easy to appreach. Coastal and offshore reefs areas of sparse coral growth to 15m.
365,57e56d45-c750-569a-ba9c-bea5fc73cb2f,Reticulated Butterflyfish,Chaetodon reticulatus,pending_review,identity confidence is below the inclusion threshold; account transcription confidence is not high; identification descriptions are not high-confidence transcriptions,True,SRC-2FC233EB,23,24,mr,medium,75.9,medium,,,"ID: Black with pale gray scale centers becoming whitish on back and forebody: yellow-edged black eye bar, margin of tail yellow with black-edges. Solitary, in pairs or aggregations. Exposed outer reefs to 30 m."
366,d32455d7-c91b-5471-b5b5-fd88622b3a6b,Yellow-dotted Butterflyfish,Chaetodon selene,pending_review,account transcription confidence is not high; identification descriptions are not high-confidence transcriptions,True,SRC-CCF58F25,18,19,ml,high,100,medium,,,"ID: White with numerous faint yellow spots arranged in diagonal rows, fins yellow (except pectorals); blackish rim on rear body, Solitary or in pairs. Rubble or sand bottoms of coastal reefs in 8-50 m."
367,ca044660-d1a4-596c-8d7f-96da7d1d292e,Dotted Butterflyfish,Chaetodon semeion,pending_review,account transcription confidence is not high; identification descriptions are not high-confidence transcriptions,True,SRC-4BBBF4D4,21,22,ml,high,100,medium,,,ID: Yellow with horizontal rows of smail black spots; blue marking on rear snout and nape; dorsal fin trails a thread-like fulament. Usually in pairs. Coral-rich areas of lagoons and outer slopes in 2-50 m.
368,76fa3230-6554-5b6b-a70f-64f41c9ca2cc,Black & Yellow Butterflyfish,Chaetodon smithi,pending_review,identity confidence is below the inclusion threshold; account transcription confidence is not high; identification descriptions are not high-confidence transcriptions,True,SRC-1D4E1251,22,23,br,high,95.1,low,,,"ID: Dark brown head and forebody, yellow rear body and tail. Commonly in large mid-water feeding aggregations. Rocky aigal-covered reefs with scattered coral in 10-30 m."
369,963e8b58-2834-5f5c-a668-af3ade719497,Oval-spot Butterflyfish,Chaetodon speculum,included,,True,SRC-BEA5A59C,20,21,br,high,100,high,,,ID: Bright yellow: large black oval-shaped spot on middle of back. Usually solitary or in pairs; shy. Coral-rich reefs in lagoons and on outer reefs in 8-30 m.
370,ba6d45dd-84c1-56c3-9285-b17540da0e7a,Tinker's Butterflyfish,Chaetodon tinkeri,pending_review,identity confidence is below the inclusion threshold; account transcription confidence is not high,True,SRC-9CF791CB,22,23,ml,low,58.3,medium,,,"‘TD: White with mumexous dark dots; broad black diagonal area. across Year of body. Solitary, in pairs ot email éggregations: Penal shelter in black corals and ova fans on steep slopes {27-160 m. ‘Localined; Marehall Is., Johnaton Atoll and Hawaii. _ oo —"
371,5d8f27c0-6408-5fd0-8cfd-57ebd447a602,Triangular Butterflyfish,Chaetodon triangulum,pending_review,account transcription confidence is not high; identification descriptions are not high-confidence transcriptions,True,SRC-B5687A17,19,20,mr,high,100,medium,,,ID: Body roughly tnangular; gray with many pale yellow chevron markings: dark triangle on tail. Similar Easter Triangular Butterflyfish [previous] lacks this marking. In pairs. Near Acropora plate coral to 10 m.
372,aa2b301b-f777-5319-9615-482735c7dead,Tahiti Butterflyfish,Chaetodon trichrous,pending_review,identity confidence is below the inclusion threshold; account transcription confidence is not high; identification descriptions are not high-confidence transcriptions,True,SRC-CE36C0CE,23,24,tl,medium,79.7,medium,,,"ID: Head and forebody white gradating to dark brown with pale scale centers forming grid pattern, yellow tail; black eye bar. Solitary, in pairs or small groups. Primanily in sheltered lagoons in 3-25 m."
373,23392b01-0646-5da6-9f33-f309da812014,Three-stripe Butterflyfish,Chaetodon tricinctus,pending_review,identity confidence is below the inclusion threshold; account transcription confidence is not high; identification descriptions are not high-confidence transcriptions,True,SRC-338B1C14,18,19,tl,high,93.8,medium,,,"ID: White with pair of wide black bars on body: black eye bar, dorsal and anal fins broadly rimmed with yellow. In pairs or small groups. Coral-rich areas of lagoons and outer reefs in 3-15m"
374,18f447e6-6ccb-5fe7-8e42-53fd93ce0e8d,Chevroned Butterflyfish,Chaetodon trifascialis,pending_review,account transcription confidence is not high,True,SRC-6A13E5CC,17,18,br,high,100,medium,,,"‘TD: White with numerous black chevron markings; black tail with yellow margin. Territorial; defend coral patches against © other butterfiyfinhias, Coral-xich areas to 12 1p. tado- Pact: Rad Bu and] B. Aftice to Ixioneia, Palipiaes, ‘Micronesia, Hawaii and French Polynesia. - 8.W. Japan to"
375,e339fd91-9e0c-5fb4-9208-3164a4c339e0,Indian Redfin Butterflyfish,Chaetodon trifasciatus,pending_review,identity confidence is below the inclusion threshold; account transcription confidence is not high; identification descriptions are not high-confidence transcriptions,True,SRC-34644917,19,20,bl,high,96,medium,,,"ID: Pale, becoming bluish toward rear with oblique purplish stripes, anal fin and base of tail red; yellow-edged black band across base of anal fin. Usually in pairs. Coral-rich areas to 20 m."
376,423996bc-f90c-576a-a4dc-1ebbf6ec9a35,Pacific Double-saddle Butterflyfish,Chaetodon ulietensis,pending_review,identity confidence is below the inclusion threshold; account transcription confidence is not high; identification descriptions are not high-confidence transcriptions,True,SRC-88713258,25,26,ml,high,96.7,medium,,,"ID: White fore and mid-body, bright yellow rear; pair of diffuse dark saddles across back, black spot an tail base. Solitary, in pairs or groups. Coral-rich areas of lagoons and seaward reefs to 30 m."
377,bb0d2bfd-f805-591c-b168-de940b4dc04f,Teardrop Butterflyfish,Chaetodon unimaculatus,pending_review,identity confidence is below the inclusion threshold; account transcription confidence is not high; identification descriptions are not high-confidence transcriptions,True,SRC-B4C07D0D,20,21,ml,high,90.2,medium,,,"ID: White with bright yellow dorsal, anal and ventral fins; black tear-shaped spot on back; adults develop a large bulbous snout. Solitary or form small groups. Lagoons and seaward reefs in 10-60 m."
378,1e597d16-a5bd-5305-b531-a82d8066d757,Jagabond Butterflyfish,Chaetodon vagabundus,pending_review,account transcription confidence is not high; identification descriptions are not high-confidence transcriptions,True,SRC-95D317B3,17,18,tl,high,100,medium,,,ID: Yellowish white with chevron pattern of narrow lines narrow black band across rear body does not cover entire rear dorsal fin. Usually solitary or form groups; home ranging. Coastal reefs and outer slopes to 30 m.
379,093cefad-cf93-547e-bd71-9053b6f5f163,Blackcap Butterflyfish,Chaetodon wiebeli,pending_review,account transcription confidence is not high; identification descriptions are not high-confidence transcriptions,True,SRC-FCE60694,21,22,tl,high,100,medium,,,"ID: Golden with thin reddish brown bands; black eye bar with prominent white bar behind, and black saddle across upper nape; tail margin black. Solitary or in pairs. Mixed rock and coral reefs in 4-25 m."
380,950e5808-62de-5ae0-ad2f-ca3e9885a2a8,Srosshatch Butterflyfish,Chaetodon xanthurus,pending_review,identity confidence is below the inclusion threshold; account transcription confidence is not high,True,SRC-67FFB593,19,20,tl,high,99.7,low,,,"ID: White with net pattern, outer tall yellow; broad yellow ‘bar across rear body, black eye bar and spot on nape. Solitary or in paits. Ower reef. and drop-offe, usually ‘atnong socks or coral in 12-50:m."
381,71f30fb7-c651-5b1c-90e6-c54fedbc5837,Ballina Angelfish,Chaetodontoplus ballinae,pending_review,identity confidence is below the inclusion threshold; account transcription confidence is not high; identification descriptions are not high-confidence transcriptions,True,SRC-D173061D,39,40,mr,high,95.6,medium,,,"ID: White with black upper body, tail and pectoral fins yeliow to orange, dark snout tip and triangular eye mask. Solitary or form small groups. Coral or rock reef in 10-80 m."
382,514ed812-d0e8-568f-beea-6638e170f4f9,Blue-spotted Angelfish,Chaetodontoplus caeruleopunctatus,pending_review,identity confidence is below the inclusion threshold; account transcription confidence is not high; identification descriptions are not high-confidence transcriptions,True,SRC-E2286A08,38,39,tr,high,89,medium,,,"ID: Gray head, body gray gradating to faded bluish brown with numerous small blue spots, yellow tail. Rarely observed. Nothing is known about the habits and ecological preferences of this species"
383,eba081b8-b191-523e-a92f-01c3c91b3e69,Orange-faced Angelfish,Chaetodontoplus chrysocephalus,pending_review,account transcription confidence is not high; identification descriptions are not high-confidence transcriptions,True,SRC-F0F26EFC,38,39,tl,high,100,medium,,,"ID: Orangish head grading to brown then black toward rear tail yellow; maze of blue markings on head, blue stripes on body. Possible male, variant or hybrid of Blue-stripe Angelfish [previous]. Coral and mubble in 15-25 m."
384,dd55dd5f-8a17-5291-aeac-6118b9d7b167,Conspicuous Angelfish,Chaetodontoplus conspicillatus,pending_review,account transcription confidence is not high; identification descriptions are not high-confidence transcriptions,True,SRC-5D22DCE1,38,39,br,high,100,medium,,,"ID: Gray body rimmed in black, orange face with blue eye ting; bluish white margin on dorsal and anal fins, band of orange on pectoral and tail fins. Solitary, in pairs or small groups. Outer reefs in 20-40 m."
385,459fc72f-14d1-56f2-9afb-99c3f31713a9,Pewter Angelfish,Chaetodontoplus dimidiatus,pending_review,account transcription confidence is not high; identification descriptions are not high-confidence transcriptions,True,SRC-810A30FF,39,40,tr,high,100,medium,,,"ID: Light gray head and back, black below, dorsal and anal fins black with yellow margin, yellow tai]; maze of yellow markings on snout and nape. Solitary or in pairs. Inshore and outer rock and coral reefs in §-30 m."
386,f383ce69-4f02-5095-a7b8-9253d39ba821,Scribbled Angelfish,Chaetodontoplus duboulayi,pending_review,identity confidence is below the inclusion threshold; account transcription confidence is not high; identification descriptions are not high-confidence transcriptions,True,SRC-80A5A802,38,39,bl,high,99.3,medium,,,"ID: Dark blue with yellow snout; broad bar on rear head and forebody, yellow stripe under dorsal fin continues to include tail. In pairs or small groups: feed on sponges. Coastal reefs in §-20 m."
387,73a903ae-9475-5188-9636-87fd4db52b72,Black Velvet Angelfish,Chaetodontoplus melanosoma,included,,True,SRC-DCC8CBB2,39,40,tl,high,100,high,,,"ID: Light gray head and back, dark gray below, dorsal, anal and tail fins black with yellow margin; maze of yellow Inarkings on snout and nape. Solitary or in pairs. Inshore and outer rock and coral reefs in 5-30 m."
388,64d8739d-95a1-51fc-91fe-9339990d894c,Queensland Yellowtail Angelfish,Chaetodontoplus meredithi,pending_review,identity confidence is below the inclusion threshold; account transcription confidence is not high; identification descriptions are not high-confidence transcriptions,True,SRC-66D217ED,38,39,ml,low,,low,,,"TD: Blackish , head blue (yellow-spotted. in male bar behind; yallow breast and bright {picrare wi yellow tail; yellow biotch on nape. Solitary or in pairs. Flat. jbottanas with rocky anrel patohes in #-46.m,"
389,1e742610-0e6d-5610-8be7-a3cd4f6b1936,Vermiculated Angelfish,Chaetodontoplus mesoleucus,pending_review,account transcription confidence is not high; identification descriptions are not high-confidence transcriptions,True,SRC-030274CF,39,40,ml,high,100,medium,,,"ID: Purplish gray with white vermiculations, tail yellow or gray (possibly two species); white to yellowish patch behing head, black eye bar. Solitary or in pairs. Coral-rich areas of shore reefs to 20 m."
390,5eb2be4c-61f3-596c-b14a-2bcb20449c30,Western Yellowtail Angelfish,Chaetodontoplus personifer,pending_review,account transcription confidence is not high; identification descriptions are not high-confidence transcriptions,True,SRC-87B9A231,38,39,mr,high,100,medium,,,"ID: Blackish body, blue head (yellow-spotted in male [pictured]) with white bar behind, orange breast, tail orange with black bar; blotch on nape. Flat bottoms with rocky coral patches in 6-30 m."
391,13ca035f-c683-500d-baae-727c6953f294,Blue-stripe Angelfish,Chaetodontoplus septentrionalis,pending_review,identity confidence is below the inclusion threshold; account transcription confidence is not high; identification descriptions are not high-confidence transcriptions,True,SRC-33D06ED0,37,38,br,high,97.1,medium,,,"ID: Brownish orange with bold blue stripes, tail yellow. Uncertain status: possibly the female Blue-stripe Angelfish Or male Orange-faced Angelfish |next}. Rock or coral reefs in 5-60 m."
392,cd0c51f1-b075-5b35-a11e-605c5f4b339f,Ilkfish,Chanos chanos,pending_review,account transcription confidence is not high; identification descriptions are not high-confidence transcriptions,True,SRC-3711EFC4,129,130,br,high,100,medium,,,"ID: Silvery gradating to bluish green on back; single dorsal fin, large dark deeply forked tail, ventral fins at mid-body below dorsal fin. Form schools. Near surface of lagoons and seaward reefs."
393,15280cc8-8b36-5c84-8870-a8765b4d4d4e,Floral Wormfish,Cheilinus chlorourus,pending_review,account transcription confidence is not high; identification descriptions are not high-confidence transcriptions,True,SRC-2E51ECF7,193,194,tl,high,100,medium,,,"ID: Highly variable from orange-brown to green-brown: usually prominent horizontal rows of pink or white dots, often white to whitish blotches on back and tail. Solitary. Mixed sand Tubble and coral areas of lagoons and coastal reefs in 2-30 m."
394,9c8fe317-aafb-52c3-9dbb-350a74ef8a5e,Redbreasted Wormfish,Cheilinus fasciatus,included,,True,SRC-0027AFBF,193,194,tr,high,100,high,,,ID: Red-orange rear head and forebody; alternating white and blackish bars on body and tail. Solitary. Mixed sand rubble and coral areas of lagoons and outer reefs in 3-40 m.
395,6ac4111e-e38f-5d2b-84e1-cbe39f129a26,Snooty Wrasse,Cheilinus oxycephalus,pending_review,account transcription confidence is not high; identification descriptions are not high-confidence transcriptions,True,SRC-D163F788,193,194,br,high,100,medium,,,"ID: Variable from greenish brown to red; black spot on front of dorsal fin, often a trio of small black spots on tail base, may have some red or white spots and/or whitish bars . Solitary or in pairs; secretive. Corals of lagoons and outer reefs to 40 m."
396,d2214e51-cbab-5552-adbd-173d6d88ca7d,Tripletail Wormfish,Cheilinus trilobatus,pending_review,identity confidence is below the inclusion threshold; account transcription confidence is not high; identification descriptions are not high-confidence transcriptions,True,SRC-5CF6ABA9,192,193,bl,high,88.4,medium,,,"ID: T?- Shades of green; omate pattern of pink lines and spots cover head, two white to whitish bars on tail base; rounded tail fin with protruding upper and lower lobes. Solitary and wary. Lagoons, passes and outer reefs to 30 m."
397,df57dff8-1619-540c-b7d6-3121654cca34,Humphead Wormfish,Cheilinus undulatus,included,,True,SRC-BC0C3362,193,194,ml,high,100,high,,,"mr Hig Dead with mace Une onrking, Grown body wah vertical streaks; pronounced hump shove Solitary: conanaly in pai Lagoon ane oulerreetrin 0 60 a, pales; vary."
398,042547cf-2420-5eae-8135-f513b3e6bdf8,Candystripe Wormfish,Conmella apterygia,pending_review,identity confidence is below the inclusion threshold,True,SRC-6F56F809,210,211,mr,high,94.8,high,,,ID: TP- White and red stripes; unique among wrasees in lacking ventral fins. Solitary or form groups of up to 10 individuals. Rubble bottoms with scattered coral heads on outer reefs in 25-50 m.
399,91387cef-9e00-514c-8b70-ff5b7d4a5070,Ring Wormfish,Cheilio inermis,pending_review,account transcription confidence is not high; identification descriptions are not high-confidence transcriptions,True,SRC-6261CC3A,210,211,tl,high,100,medium,,,"ID: IP - Elongate; shades of green with several white spots along back. Solitary or with several females; often shadowed by other fish predators. Usually in weedy areas or seagrass beds of lagoons, reef flats and coastal reefs to 30 m."
400,b8d5efee-68ac-5af1-86b9-cee82e54fb46,Allen's Cardinalfish,Cheilodipterus alleni,included,,True,SRC-4C3186E4,261,262,br,high,100,high,,,ID: Silvery gray with 8 red to brown stripes; black upper half of first dorsal fin. Solitary. Hover inside entrances of caves and under ledges of seaward reef slopes in 10-40 m.
401,31ec28d0-9453-5d3b-ae22-3c43a47ce007,Wolf Cardinalfish,Cheilodipterus artus,pending_review,account transcription confidence is not high; identification descriptions are not high-confidence transcriptions,True,SRC-37DDA127,262,263,bl,high,100,medium,,,ID: Pale undercolor with about 8 reddish brown stripes black tail base. Form ioose aggregations. Hover inside caves or just above coral branches of sheltered bays and lagoons in 3-25 m.
402,15c1ab5c-8353-5db2-8787-f7f6025d0dd2,Intermediate Cardinalfish,Cheilodipterus intermedius,included,,True,SRC-7D1F277A,262,263,mr,high,100,high,,,"ID: Slender: pale undercolor with 8 stripes; white tail base with no hint of a bar. Solitary or form small groups. Sheltered coastal, lagoon and outer reefs in 2-15 m."
403,3d149278-1c74-5268-badb-f994d806db52,Toothy Cardinalfish,Cheilodipterus isostigmus,pending_review,account transcription confidence is not high; identification descriptions are not high-confidence transcriptions,True,SRC-F71CB63F,263,264,ml,high,100,medium,,,ID: Light gray to whitish with 5 black stripes; yellow tail base with black spot slightly above line of mid-lateral stripe canine teeth at front of lower jaw. Form groups. Hover among branching corals of sheltered reefs in 4-40 m.
404,c3937d91-8158-5379-bc35-1e53584f3bd1,Tiger Cardinalfish,Cheilodipterus macrodon,included,,True,SRC-4AA49A71,262,263,tl,high,100,high,,,"ID: Pale undercolor with 8 red-brown stripes; whitish tail base with dark to dusky bar; large prominent pointed teeth. Solitary; male shown mouth brooding eggs. Hover inside caves and under ledges of coastal, lagoon and outer reefs to 40 m."
405,9a8103a7-affd-5a15-8a0f-80a4fdde4580,Blackstriped Cardinalfish,Cheilodipterus nigrotaeniatus,pending_review,account transcription confidence is not high; no identification description,True,SRC-C0CBA2A3,263,264,mr,high,100,medium,,,
406,a7b7c22a-2928-595a-ac1c-6d5622243440,Mimic Cardinalfish,Cheilodipterus parazonatus,pending_review,account transcription confidence is not high; identification descriptions are not high-confidence transcriptions,True,SRC-6F4ABE0B,263,264,bl,high,100,medium,,,ID: Light gray to whitish with white-edged black stripe from snout to tail base. Solitary or in pairs; swim with quick darting motion mimicking Blackstripe Fangblenny. Coastal reefs and sheltered lagoons in 2-25 m.
407,aaaad6e8-06bf-50d1-8ba0-89071f195950,Fivelined Cardinalfish,Cheilodipterus quinquelineatus,pending_review,account transcription confidence is not high; identification descriptions are not high-confidence transcriptions,True,SRC-7818754B,263,264,tl,high,100,medium,,,"ID: Light gray to whitish with 5 black stripes; yellow tail base with black spot in line with mid-lateral stripe; lack canine teeth at front of lower jaw. Form aggregations. Coastal, lagoon and outer reefs to 40 m."
408,0fbc3d58-311e-5be0-b61c-f4da9ee649f1,Singapore Cardinalfish,Cheilodipterus singapurensis,included,,True,SRC-ED6E9718,263,264,tr,high,100,high,,,"ID: Pale undercolor with 5 dark stripes with diffuse edges mail black spot at mid-tail base, small white spot below last dorsal fin ray. Solitary: nocturnal feeder. Sheltered coastal and lagoon reefs in 2-10 m."
409,10121d30-981b-5060-b3f1-1d7d1c451251,Yellowbelly Cardinalfish,Cheilodipterus zonatus,pending_review,account transcription confidence is not high; identification descriptions are not high-confidence transcriptions,True,SRC-DDE930E6,263,264,br,high,100,medium,,,ID: Gray back and yellow belly; white stripe above black mid- lateral stripe snout to tail. Solitary or in pairs; swim with quick darting motion mimicking Twin Fangblenny. Coastal reefs and sheltered lagoons in 2-25 m.
410,f2d70d23-a7f7-5fa6-8afd-e112a7785a04,Margined Coralfish,Chelmon marginalis,pending_review,identity confidence is below the inclusion threshold; account transcription confidence is not high; identification descriptions are not high-confidence transcriptions,True,SRC-6297AA3F,29,30,mr,high,93.3,medium,,,ID: Silvery white: black-edged orange forebody bar and eye bar; wide orange bar across rear body including dorsal and anal fins; long snout. Solitary or in pairs. Mainly coastal reefs and near shore islands to 30 m.
411,4505491c-e35f-547f-a47b-62fcf563451c,Beaked Coralfish,Chelmon muelleri,pending_review,identity confidence is below the inclusion threshold; account transcription confidence is not high; identification descriptions are not high-confidence transcriptions,True,SRC-ABAAA049,29,30,br,medium,79.4,medium,,,ID: Silvery white; three orange-brown body bars and narrow orange eye bar; large ocellated spot on rear dorsal fin; short beak-like snout. Solitary or in pairs. Shallow coastal reefs with sandy silt or mud bottoms in 2-10 m.
412,842682ee-77ad-545b-8160-2457c28b74be,Long-beaked Coralfish,Chelmon rostratus,pending_review,account transcription confidence is not high; identification descriptions are not high-confidence transcriptions,True,SRC-9B9FAD01,29,30,bl,high,100,medium,,,"ID: Silvery white; three orange body bars and narrow orange eye bar; ocellated spot on rear dorsal fin; long beak-like snout. Solitary or in pairs. Coastal, inner reefs and estuaries, often 1n turbid water to 25 m."
413,076e6a60-8638-5e4a-95c8-980f2905276b,,Chelonodon patoca,pending_review,identity confidence is below the inclusion threshold; account transcription confidence is not high; printed identity is incomplete; identification descriptions are not high-confidence transcriptions,True,SRC-E896296B,420,421,tl,low,15.3,medium,,,WD: Brown back with:
414,20b90bc2-1db6-53c6-b342-c148addee7f5,Orbicular Goatfish,Cyclichthys orbicularis,pending_review,identity confidence is below the inclusion threshold; account transcription confidence is not high; identification descriptions are not high-confidence transcriptions,True,SRC-2A8F05C8,420,421,br,medium,74,medium,,,ID: Whitish undercolor with close-set brown to red-brown spots; numerous fixed spike-like spines; several large darkish gray to red-brown blotches. Solitary. Sand and Tubble bottoms in 5-30 m.
415,548b5397-a694-5bcd-8b0b-47898df4a675,Spotted Goatfish,Chilomycterus reticulatus,included,,True,SRC-9A753318,420,421,mr,high,100,high,,,"ID: Brown to gray with white underside; numerous fixed triangular spines, body and fins covered with black spots 3 dusky body bars and dusky bar under eye. Solitary. Rocky and coral reefs in 3-25 m."
416,4d30f045-7961-53e9-91a1-36148a78c12c,Yellowspotted Goatfish,Cyclichthys spilostylus,pending_review,identity confidence is below the inclusion threshold; account transcription confidence is not high; identification descriptions are not high-confidence transcriptions,True,SRC-28608F20,420,421,bl,high,94.9,medium,,,ID: Brown to gray with white underside: numerous fixed triangular spines with a yellow or dark spot around base occasionally 3 large dusky blotches on side. Solitary. Coral sand and rubble and weed bottoms in 3-90 m.
417,e2bfe9be-8c8b-5338-83cb-b1b356a3511a,Raja Epaulette Sergeant,Chiloscyllium freycineti,pending_review,account transcription confidence is not high; identification descriptions are not high-confidence transcriptions,True,SRC-20333C69,451,452,mr,high,100,medium,,,"ID: Brown with numerous brown spots on rear head and body, but sparse on snout, poorly defined ocellus-like marking above pectoral fin; long slender body, pair of short nasal barbeis. Solitary. Rest on bottom of sheltered reefs to 4 m."
418,93a1aa51-4223-54e2-8deb-702587eafe1a,Hooded Carpet Sergeant,Chiloscyllium ocellatum,pending_review,identity confidence is below the inclusion threshold; account transcription confidence is not high; identification descriptions are not high-confidence transcriptions,True,SRC-23DACD78,451,452,ml,low,43.1,medium,,,"above pectoral fin: ‘slender hody, 5 1 5 1 1 10 517 978 65 35 11.655434 ‘Dathels, 5 1 5 1 1 11 589 978 55 35 76.666420 Solitary. 5 1 5 1 1 12 654 978 27 35 84.852791 Rest 5 1 5 1 1 13 686 978 18 35 51.117367 ot 5 1 5 1 1 14 712 978 42 35 92.219971 bottom 5 1 5 1 1 15 761 978 16 35 95.383904 of 5 1 5 1 1 16 781 988 163 17 74.903839 sheltered 5 1 5 1 1 17 855 978 33 35 48.768661 reefs 5 1 5 1 1 18 896 978 12 35 90.825729 to 5 1 5 1 1 19 913 978 7 35 77.235008 4 5 1 5 1 1 20 925 978 21 35 77.235008 m. 4 1 5 1 2 0 28 1007 745 30 -1 5 1 5 1 2 1 28 1007 85 30 77.845146 Localized: 5 1 5 1 2 2 120 1007 28 30 16.295151 §.%. 5 1 5 1 2 3 155 1007 43 30 91.503036 Papua 5 1 5 1 2 4 208 1007 28 30 96.540298 New 5 1 5 1 2 5 245 1007 61 30 95.623940 Guinea, 5 1 5 1 2 6 522 1009 251 20 73.079567 Localized: 5 1 5 1 2 7 606 1005 30 32 50.144840 Irian 5 1 5 1 2 8 643 1005 30 32 87.315094 Jaya 5 1 5 1 2 9 678 1005 16 32 95.920166 in 5 1 5 1 2 10 699 1009 74 20 93.401031 Indonesia. 2 1 6 0 0 0 26 1357 945 114 -1 3 1 6 1 0 0 27 1357 944 93 -1 4 1 6 1 1 0 27 1357 943 31 -1 5 1 6 1 1 1 27 1357 73 31 46.867897 EPAILETTE 5 1 6 1 1 2 107 1357 50 31 89.254044 SHARK 5 1 6 1 1 3 284 1358 112 32 22.027786 Herpiscyfitum 5 1 6 1 1 4 406 1358 76 32 60.312309 oceliatum 5 1 6 1 1 5 510 1358 54 32 33.329376 MANE 5 1 6 1 1 6 569 1358 25 32 77.354202 BAY 5 1 6 1 1 7 598 1363 122 18 44.889984 SPAURETTE 5 1 6 1 1 8 676 1358 48 32 52.807594 SHARE 5 1 6 1 1 9 836 1363 134 21 28.114731 Hemiscyliumep. 4 1 6 1 2 0 26 1382 944 30 -1 5 1 6 1 2 1 26 1382 45 30 0.000000 ‘S2B: 5 1 6 1 2 2 76 1382 13 30 78.403030 to 5 1 6 1 2 3 96 1382 25 30 94.181824 107 5 1 6 1 2 4 128 1382 13 30 82.859215 om 5 1 6 1 2 5 151 1387 54 19 23.422157 (22) 5 1 6 1 2 6 245 1382 65 31 45.785454 ‘Bamboo 5 1 6 1 2 7 314 1382 172 31 16.367508 Sharks~Hemiscyilkise 5 1 6 1 2 8 520 1387 167 20 38.537567 ‘SIZE; 5 1 6 1 2 9 573 1382 8 31 59.707905 3 5 1 6 1 2 10 586 1382 39 31 5.354378 77cm 5 1 6 1 2 11 629 1382 32 31 16.200981 (2'/s 5 1 6 1 2 12 666 1382 24 31 56.194145 ft) 5 1 6 1 2 13 736 1384 63 30 92.161461 Bamboo 5 1 6 1 2 14 808 1384 43 30 71.935265 Sharks 5 1 6 1 2 15 858 1396 6 4 89.710793 - 5 1 6 1 2 16 866 1389 104 19 41.328918 Hemiscyitidae 4 1 6 1 3 0 26 1407 944 27 -1 5 1 6 1 3 1 26 1407 27 27 74.624367 3D: 5 1 6 1 3 2 59 1407 26 27 96.061966 Tan 5 1 6 1 3 3 93 1407 57 27 94.140282 patches 5 1 6 1 3 4 156 1407 35 27 96.867592 with 5 1 6 1 3 5 197 1407 32 27 80.781662 pale 5 1 6 1 3 6 235 1407 61 27 73.165382 outlines 5 1 6 1 3 7 302 1407 24 27 85.113953 and 5 1 6 1 3 8 334 1407 73 27 80.679367 numexous 5 1 6 1 3 9 413 1407 70 27 27.199829 scattered 5 1 6 1 3 10 516 1407 28 28 79.401810 ID: 5 1 6 1 3 11 553 1407 45 28 86.079407 White 5 1 6 1 3 12 604 1407 36 28 96.442513 with 5 1 6 1 3 13 646 1407 48 28 93.159264 brown 5 1 6 1 3 14 702 1407 78 28 87.350151 polygoms, 5 1 6 1 3 15 786 1407 41 28 60.888958 large 5 1 6 1 3 16 833 1407 33 28 60.888958 dark 5 1 6 1 3 17 873 1407 42 28 96.374992 patch 5 1 6 1 3 18 924 1407 50 28 55.124973 shove 4 1 6 1 4 0 30 1425 941 46 -1 5 1 6 1 4 1 26 1424 47 33 31.700943 ‘soall 5 1 6 1 4 2 78 1424 34 33 53.621578 dark 5 1 6 1 4 3 116 1424 47 33 26.252808 epots; 5 1 6 1 4 4 169 1424 39 33 83.038712 large 5 1 6 1 4 5 215 1424 37 33 95.383080 black 5 1 6 1 4 6 259 1424 34 33 78.124786 spot 5 1 6 1 4 7 296 1431 38 15 96.411285 with 5 1 6 1 4 8 339 1424 31 33 88.441254 pale 5 1 6 1 4 9 375 1424 50 33 12.482689 outiins 5 1 6 1 4 10 435 1424 48 33 51.370270 abave 5 1 6 1 4 11 516 1426 65 43 0.000000 Dectoral 5 1 6 1 4 12 587 1426 19 43 54.320560 fat 5 1 6 1 4 13 612 1426 23 43 62.318707 and 5 1 6 1 4 14 650 1431 9 18 23.336319 pt 5 1 6 1 4 15 642 1425 27 46 46.949326 pai 5 1 6 1 4 16 676 1425 12 46 73.933289 of 5 1 6 1 4 17 699 1425 24 46 52.299458 ack 5 1 6 1 4 18 734 1425 54 46 55.524796 batches 5 1 6 1 4 19 795 1425 16 46 66.468773 an 5 1 6 1 4 20 818 1425 58 46 65.761009 leading 5 1 6 1 4 21 902 1426 26 44 63.962715 ef 5 1 6 1 4 22 938 1426 33 44 28.553749 enc 2 1 7 0 0 0 25 1445 948 91 -1 3 1 7 1 0 0 26 1445 945 84 -1 4 1 7 1 1 0 26 1445 945 48 -1 5 1 7 1 1 1 26 1459 67 31 44.292965 Solitary, 5 1 7 1 1 2 100 1459 32 31 80.280090 Rest 5 1 7 1 1 3 137 1459 19 31 69.583351 on 5 1 7 1 1 4 155 1456 56 35 56.552296 bottom 5 1 7 1 1 5 219 1456 12 35 92.865555 of 5 1 7 1 1 6 239 1456 36 35 65.904083 redis 5 1 7 1 1 7 283 1456 12 35 96.260773 to 5 1 7 1 1 8 303 1456 36 35 33.596558 10m, 5 1 7 1 1 9 347 1456 36 35 93.085815 often 5 1 7 1 1 10 391 1456 68 35 26.926544 in:stands 5 1 7 1 1 11 467 1456 13 35 96.114937 of 5 1 7 1 1 12 516 1445 55 47 0.000000 Sone 5 1 7 1 1 13 594 1468 44 17 18.335274 en 5 1 7 1 1 14 653 1445 20 47 43.560184 tae 5 1 7 1 1 15 684 1445 40 47 6.964127 tani 5 1 7 1 1 16 754 1445 33 47 24.697609 ee 5 1 7 1 1 17 783 1446 47 47 0.000000 vndet 5 1 7 1 1 18 841 1446 44 47 0.000000 oiges 5 1 7 1 1 19 896 1446 17 47 60.054657 of 5 1 7 1 1 20 920 1446 51 47 43.330795 sonata 4 1 7 1 2 0 26 1481 716 30 -1 5 1 7 1 2 1 26 1481 70 30 73.003365 steghorn 5 1 7 1 2 2 103 1481 53 30 4.965378 corals. 5 1 7 1 2 3 516 1482 32 31 80.054901 ‘and 5 1 7 1 2 4 552 1486 149 19 19.615059 plattorn 5 1 7 1 2 5 621 1482 35 31 0.000000 reat 5 1 7 1 2 6 665 1482 17 31 76.821068 in 5 1 7 1 2 7 701 1487 41 17 54.069580 3-15.m. 4 1 7 1 3 0 25 1482 948 54 -1 5 1 7 1 3 1 25 1482 82 53 0.000000 Tannin: 5 1 7 1 3 2 131 1482 67 53 0.000000 ecnland 5 1 7 1 3 3 206 1482 36 53 55.156254 dst 5 1 7 1 3 4 259 1482 62 53 0.000000 Anstiaia 5 1 7 1 3 5 325 1512 14 14 53.870167 to 5 1 7 1 3 6 347 1482 32 53 56.404449 Saw 5 1 7 1 3 7 391 1482 54 53 10.779785 Otnes 5 1 7 1 3 8 516 1507 86 29 67.853561 Localited: 5 1 7 1 3 9 610 1507 39 29 25.333298 Milne 5 1 7 1 3 10 658 1507 25 29 96.667976 Bay 5 1 7 1 3 11 692 1507 61 29 93.010338 Province 5 1 7 1 3 12 760 1507 15 29 93.010338 in 5 1 7 1 3 13 781 1507 33 29 60.395626 5.2. 5 1 7 1 3 14 820 1507 44 29 92.076752 Papua 5 1 7 1 3 15 873 1507 30 29 96.346039 New 5 1 7 1 3 16 909 1507 64 29 60.599010 Guinea. 2 1 8 0 0 0 920 1554 46 24 -1 3 1 8 1 0 0 920 1554 46 24 -1 4 1 8 1 1 0 920 1554 46 24 -1 5 1 8 1 1 1 920 1554 46 24 96.332237 451 peir oneal Detbola. Bera. dottary Cota ross 19 an."
419,26c4be9a-3e72-59f5-bfb4-2a153dd64ebd,Whitespotted Bamboo Sergeant,Chiloscyllium plagiosum,included,,True,SRC-2AB03C0B,451,452,tl,high,100,high,,,"ID: Alternating tan and dark brown encircling bars and scattered white spots; long slender body with pectoral and ventral fins forward of dorsal fins. Solitary, hide in crevices during day and move into open at night. Reefs to 30 m."
420,b8d39a72-de21-5d09-bcca-48aaf24d2107,Speckled Carpet Sergeant,Chiloscyllium trispeculare,pending_review,account transcription confidence is not high; identification descriptions are not high-confidence transcriptions,True,SRC-8D0082DF,452,453,tl,high,100,medium,,,"ID: Brown with numerous small spots joining to form polygons on rear half of body; large white-ringed black spot above pectoral fin; long slender body, pair of short nasal barbels. Solitary. Rest on bottom of sheltered reefs to 4 m."
421,0ca5f3ac-ca77-5375-9429-ca7be145e23b,Bleeker's Parrotfish,Chlorurus bleekeri,pending_review,identity confidence is below the inclusion threshold; account transcription confidence is not high; identification descriptions are not high-confidence transcriptions,True,SRC-EBC83CE2,175,176,tl,high,91.3,medium,,,"ID: TP - Green with pink to lavender scale edges; large pale yellowish to greenish patch on cheek with green border, dark green margin and borders on tail. Sheltered coastal reefs. lagoons and outer slopes in 3-35 m."
422,a513ce41-1d84-51e1-8f06-5871ef071006,Bower's Parrotfish,Chlorurus bowersi,pending_review,identity confidence is below the inclusion threshold; account transcription confidence is not high; identification descriptions are not high-confidence transcriptions,True,SRC-B9D7D290,176,177,br,low,,low,,,"DP. seer nie tne hepeeerathpeny mt pateb on enout, large triangular orange patch an forebody. ‘Cotabtich sreom of lagoons or upper edge of ‘Usually soltary. channels in 2-20 m."
423,2191ad72-df89-560c-ac5e-71068b269562,Indian Parrotfish,Chlorurus capistratoides,included,,True,SRC-69AEBE39,175,176,bl,high,100,high,,,"ID: TP - Green back with rosy pink streak on each scale, pale below and yellowish pectoral region; green bands around mouth and eye. Form groups. Inner and outer reef crests. usually in shallow surge zone."
424,77c12799-959d-517f-a490-7926b5d36a2b,Tan-faced Parrotfish,Chlorurus frontalis,pending_review,account transcription confidence is not high; identification descriptions are not high-confidence transcriptions,True,SRC-9ACC62C9,178,179,tr,high,100,medium,,,ID: 1P/IP - Green with tan patch and markings on upper head pale green base of tail. Large Ls + Develop near vertical head profile and elongate tail lobes. Form groups. Exposed reef flats and seaward reefs to 40 m.
425,133203c6-45dd-5eb1-ba72-d048c3299612,Stareye Parrotfish,Chlorurus japanensis,pending_review,identity confidence is below the inclusion threshold; identification descriptions are not high-confidence transcriptions,True,SRC-7EA087E8,178,179,bl,low,54.2,high,,,"1D: - Blue-green with cexinge-pink bands: fram eye. ‘Solitary or form groupe. Lagoon and seaward: on coral, tubbie, weed and seagrass bottoms in.2-30 m,"
426,67572a41-87ad-5ee0-bfd7-29991f6d6b30,Steephead Parrotfish,Chlorurus microrhinos,pending_review,no identification description,True,SRC-86CD6ECB,177,178,tl,high,100,high,,,
427,b3636817-1b6d-5d34-a4a2-34b7524573a1,Bullethead Parrotfish,Chlorurus sordidus,pending_review,account transcription confidence is not high; identification descriptions are not high-confidence transcriptions,True,SRC-0C4E0EB9,176,177,tl,high,100,medium,,,"ID: TP - Highly variable shades of green with lavender scale edges, pale green tail base, pale yellowish cheek; blue to lavender to pale green patch on snout. Solitary. Coral reefs and adjacent rubble to 30 m."
428,40651523-1f81-5d80-a593-0668077da6b7,Roundhead Parrotfish,Chlorurus strongycephalus,pending_review,account transcription confidence is not high,True,SRC-B964FE0E,177,178,mr,high,100,medium,,,"ID: TP - Steep forehead; green to greenish blue with lavender- pink streak on body scales and extensive yellow area on cheek. Solitary or with smaller females. Coastal. lagoon and outer reefs in 2-35 m. | Suagp forabead groan to groanich bane with levendt D-: _ ‘Pink etreak an body scales and extensive yellow ares.on cheek. Solitary or with smaller iomales. Coastal, jagoan.siid. ‘Tadtlan Qooas: ¥. Africa to Andaman Sea and Coocs-Keeling Is."
429,b7e067f9-a717-58ba-92ce-445ca12dabe1,Greenhead Parrotfish,Chlorurus troschelii,pending_review,identity confidence is below the inclusion threshold; account transcription confidence is not high; identification descriptions are not high-confidence transcriptions,True,SRC-F00342DD,175,176,ml,high,89.9,medium,,,"ID: TP - Green with pink to lavender scale edges gradating to bluish on jower body: large pale patch on cheek extends to lower head, dark band from snout to eye. Solitary. Clear waters of seaward reefs in 5-25 m."
430,2b95b491-9872-5f3f-841e-e5744949d683,Anchor Tuskfish,Choerodon anchorago,included,,True,SRC-EDF8C3DF,195,196,ml,high,100,high,,,"ID: Gray head, lower body white to darkish gray; rectangular black marking on back surrounded by pearly white areas. Solitary. Mixed seagrass, sand, rubble and coral areas of coastal reefs, shallow flats and lagoons to 25 m."
431,13658e92-4b8d-502e-aa3a-ca46544c2738,Harlequin Tuskfish,Choerodon cyanodus,included,,True,SRC-26C6BB99,194,195,mr,high,100,high,,,"ID: Shades of gray often with yellowish or greenish tints white chin and white spot on rear back, frequently display 4-5 faint bars on back. Solitary. Sand and rubble areas near coastal reefs in 2-35 m."
432,cbe71b88-8fa3-5770-993f-aa7a92b54b83,Harlequin Tuskfish,Choerodon fasciatus,pending_review,no identification description,True,SRC-2DAE735C,194,195,tl,high,100,high,,,
433,14e32c6d-1ec1-5f4f-994a-4ffd0dde187b,Graphic Tuskfish,Choerodon graphicus,included,,True,SRC-1E5CA874,194,195,ml,high,100,high,,,"ID: Tan to yellow undercolor; dark irregular spoke-like markings radiating from eye, dark inter-connected bars on sides. Solitary. Sand and nibble patches of coastal, lagoon and seaward reefs in 2-30 m."
434,c2f6069c-8451-5d23-a4fb-1d556abcc907,Blackwedge Tuskfish,Choerodon jordani,pending_review,account transcription confidence is not high; identification descriptions are not high-confidence transcriptions,True,SRC-0843EB8A,195,196,tl,high,100,medium,,,ID: Gray; blackish wedge-shaped mark surrounds large white spot below rear dorsal fin. Solitary or form small groups. Sand and rubble areas near reefs in passes and on outet slopes in 20-40 m.
435,3e1e474e-d9dc-5df5-b6eb-03301b1f6b91,Whitespot Tuskfish,Choerodon monostigma,included,,True,SRC-C23CAC22,195,196,mr,high,100,high,,,"ID: Greenish back gradating to yellow below; black spot on back, large white spot below rear dorsal fin. Solitary or form small groups. Sand and rubble bottoms in 10-40 m."
436,213f6835-63a1-5fed-b113-ad3788d92a5b,Singapore Tuskfish,Choerodon oligacanthus,included,,True,SRC-13986E05,195,196,bl,high,100,high,,,"ID: Tan; pale yellow stripes on lower body, elongate white patch on middle of back, small black spot on tail base. Solitary or in pairs. Sand and rubble bottoms next to coastal reefs in 2-15 m."
437,72056059-839c-5c00-aa49-3fc6068b3790,Baldchin Tuskfish,Choerodon rubescens,pending_review,no identification description,True,SRC-A32187BA,194,195,bl,high,100,high,,,
438,b6a9ed98-2625-5e64-83cf-011182451ede,Blackspot Tuskfish,Choerodon schoenleinii,pending_review,no identification description,True,SRC-530AF255,194,195,br,high,100,high,,,
439,715532de-3a30-55f6-a05a-a66516457b4a,Darkstripe Tuskfish,Choerodon vitta,pending_review,account transcription confidence is not high; identification descriptions are not high-confidence transcriptions,True,SRC-BC95D22E,195,196,br,high,100,medium,,,"ID: Light gray to yellowish with yellow head; dark mid- lateral stripe, dark spot on tail base. Solitary or form small groups. Flat sand and rubble bottoms in vicinity of coastal reefs in 10-40 m."
440,9859e283-849f-5d97-ac55-930837313eec,Whitestripe Tuskfish,Choerodon zosterophorus,included,,True,SRC-78E949A0,195,196,tr,high,100,high,,,"ID: Gray upper body, yellowish mid-body, white below dark edged white band from pectoral to rear dorsal with black blotch behind. Solitary or form small groups. Sand and rubble areas near coastal and lagoon reefs in 10-40 m."
441,43439aa6-e452-5838-aa25-96d03e8946d9,Velvet Ghost Pipefish,Choeroichthys brachysoma,included,,True,SRC-CA11964C,425,426,mr,high,100,high,,,"ID: Mole - Brown with scattered small white spots; short with wide body, tail base about equal in length to body. Female - Slender body with 2 rows of black spots on side. Solitary. Lagoon, seaward reefs and seagrass areas to 20 m."
442,e3ebfec1-b865-5caa-8038-2f5b30df41c5,Barred Pipefish,Choeroichthys cinctus,included,,True,SRC-70F49E8F,425,426,bl,high,100,high,,,"ID: White to yellow with dark body bars, bars on tail formed by spots: short with body and tail base about equal in length. Solitary. Reef crevices with sponges in lagoon and seaward reefs in 10-40 m."
443,7fd755ed-ab2d-5801-9d9a-fe8d94a29e8a,Many-barbed Stingfish,Choridactylus multibarbus,included,,True,SRC-C4E65094,381,382,tl,high,100,high,,,"ID: Large protruding eyes and blunt snout, 3 lowest pectoral fin rays unattached from fin are used for “walking”; variable colors, may be marbled or blotched. Solitary. Sand and mud bottoms of coastal waters in 10-40 m."
444,febc6901-29ce-5c69-a131-0bdf4ea6fbf2,Stout-body Chromis,Chromis acares,pending_review,account transcription confidence is not high,True,SRC-497B6B33,83,84,mr,high,100,medium,,,"rn y yellow ares from me eye to ‘pectoral fc nen hroxd yellow borders on teil. Form corel heads. Geer lagoons and channels ened seaward ree ne 3m, ‘West and Central Pacilic: Martatia Is. in Micronecia to Hawaii, ‘Vanna and Soctety Is, in French Polyneata."
445,e07f2652-674c-549e-a7b2-76a4a645f6dc,West Australian Chromis,Chromis agilis,pending_review,account transcription confidence is not high; no identification description,True,SRC-2CB483FB,80,81,tl,high,100,medium,,,
446,2198a47b-f453-5945-b34a-8007008fa03a,White-spotted Chromis,Chromis albomaculata,included,,True,SRC-77807F76,80,81,br,high,100,high,,,"pa cae i amarerrtinmnerion Sant Dent tina lah sary cams quope, Soot epee «= ED: Brown with. & rear margins of ae and rocky hettoms, maitily on. reefs, in $-56m."
447,4a559120-e642-59e0-a4a6-ac54bee876e2,White-tailed Chromis,Pomacentrus alleni,pending_review,identity confidence is below the inclusion threshold; account transcription confidence is not high; identification descriptions are not high-confidence transcriptions,True,SRC-FB9A7F24,84,85,ml,high,89.7,medium,,,"ID: Cinnanon-brown; white band around tail base, pale tail. Prominent black spot covers pectoral fin base. Solitary or form groups, Coral reefs and shorelines in 11-30 m."
448,f9414f38-e8eb-5b28-ae57-731db7defcba,Yellow-speckled Chromis,Chromis alpha,included,,True,SRC-0C4E3969,80,81,bl,high,100,high,,,"ID: Gray-brown with bluish lower parts; small black spot on upper pectoral fin base, may have small yellow spots on body. Solitary or form groups. Commonly on steep outer reef slopes in 18-95 m."
449,92054c15-5c13-5904-b7ba-4890405097b5,Ambon Chromis,Chromis amboinensis,pending_review,account transcription confidence is not high; identification descriptions are not high-confidence transcriptions,True,SRC-C6AD4E64,81,82,tr,high,100,medium,,,ID: Light gray-brown; orange spot on upper pectoral fin base dark borders on rear dorsal and anal fins and tail. Solitary or loose groups. Lagoons and outer reefs in 5-65 m.
450,eda9b25c-131d-5645-b8ae-62f547862f16,Smoky Chromis,Chromis analis,included,,True,SRC-02DCEF2E,85,86,ml,high,100,high,,,ID: Bright yellow to brownish yellow with bright yellow fins. Dusky band at base of dorsal fin. Solitary or form large groups. Steep outer reef slopes and rocky bottoms in 10-70 m.
451,7686f017-9d28-5a92-b56e-93ebe88a334c,Black-axil Chromis,Chromis atripectoralis,pending_review,account transcription confidence is not high; identification descriptions are not high-confidence transcriptions,True,SRC-AE77E765,81,82,br,high,100,medium,,,ID: Blue to pale green; black spot on axil of pectoral fin. Form large schools; feed in mid-water above coral thickets. Lagoons and outer reefs in 2-15 m.
452,b9caee3d-5e1e-5a81-8af2-ffbad5be5bf8,Darkfin Chromis,Chromis atripes,pending_review,identity confidence is below the inclusion threshold; account transcription confidence is not high; identification descriptions are not high-confidence transcriptions,True,SRC-5292D2B7,82,83,tr,high,89.5,low,,,IDs. ‘brown with dark edge on: anal anc rear dorsal sal as pec eal be Dave. Solitary’ porn wpe aggregations. Steep eet slopes and deeper = atch reets in 10-36 m. a
453,a04423e4-6363-51be-8167-a6a96c508778,Blue-axil Chromis,Chromis caudalis,pending_review,account transcription confidence is not high; identification descriptions are not high-confidence transcriptions,True,SRC-038A2D5C,83,84,tl,high,100,medium,,,"ID: Dark gray to brown with white tail including base, rear dorsal and anal fins whitish or clear; blue spot covering pectoral fin base. Solitary or form small groups. Steep outer Teef slopes in 20-50 m."
454,d3d234a0-91d0-53bc-b35b-22fee1e8fd96,Midget Chromis,Chromis chrysura,pending_review,identity confidence is below the inclusion threshold; account transcription confidence is not high; identification descriptions are not high-confidence transcriptions,True,SRC-E10DFB30,83,84,br,low,,low,,,Detusa pms teas songta sith pales coceetanet
455,feaed10c-2653-5d0f-805a-c247a688e53b,Deep Reef Chromis,Chromis cinerascens,included,,True,SRC-B8E88A6F,84,85,bl,high,100,high,,,ID: Dusky gray-green with yellow tints on lower forebody ventral fins white. Nest-guarding fish sometimes white with large irregular brown hotches. Form large schools. Sitty coastal reefs in 3-15 m.
456,41b762fa-3283-5542-8175-3189042b5acb,Green Chromis,Chromis delta,included,,True,SRC-EFB2E33F,84,85,tl,high,100,high,,,"ID: Gray; white band around base of tail, tail pale to transiucent black spot covers pectoral fin base. Solitary or form small groups. Steep outer reef slopes in 10-80 m."
457,ebc6d6c7-e771-55b8-adcf-52a7d0b3b294,Indian Half-and-Half Chromis,Chromis dimidiata,pending_review,account transcription confidence is not high,True,SRC-B222F549,82,83,br,high,100,medium,,,"ID: Dark brown to black head and foreboy, white rear body [previous] by location. Solitary or foun. Common near shore and on seaward reef slopes in 2. tadlan Oooene Red Soe, ffs aa Citssnea ty Sinatra"
458,5203ba0b-963d-5834-8f2a-fd87fc99716b,Twinspot Chromis,Chromis elerae,pending_review,account transcription confidence is not high,True,SRC-3F135383,84,85,mr,high,100,medium,,,"TD: Brown; twro white spots, one-each at base of sear dorsal ed cenal eli thick sys, esonly Fora on sinal woe roupe. apes Caves, in 12°70 lotkyes sa and black"
459,ad17b187-bb2e-5b7b-b5e4-a11733c34562,Malayan Chromis,Chromis flavipectoralis,pending_review,account transcription confidence is not high; identification descriptions are not high-confidence transcriptions,True,SRC-7589FDC1,82,83,ml,high,100,medium,,,"ID: Golden brown with white rear body including tail and rear dorsal and anal fins, white ventral fin, yellow-orange base of pectoral fin. Solitary or form loose aggregations. Shoreline reefs and seaward reef slopes in 2-16 m."
460,f805dab6-b1a2-5cb1-92a8-2a4e94b26938,Yellow-spotted Chromis,Chromis flavomaculata,pending_review,account transcription confidence is not high,True,SRC-D43AFAE2,80,81,tr,high,100,medium,,,"1D: Gay to beown; prominent black spot-covering pectoral fin hase; vallow to pala yellow spp at rep bay of dorsal fn fine Dine margins: on fins, large schodis. Coastal reais, Ingoons and outer slopes in 6-40. 2. _"
461,64f4dac1-b963-5ad5-9c5d-6e840096a363,Ambon Chromis,Chromis fumea,pending_review,account transcription confidence is not high; identification descriptions are not high-confidence transcriptions,True,SRC-0DC26978,81,82,mr,high,100,medium,,,"ID: Golden brown upper head and body, blue to gray below white spot rear base of dorsal fin, broad dark borders on tail. black spot on pectoral fin base. Form mid-water feeding aggregations over rock or coral reefs in 3-25 m."
462,2b6413ac-08c3-5507-9639-91d37eedc101,Pacific Half-and-Half Chromis,Chromis iomelas,pending_review,identity confidence is below the inclusion threshold; account transcription confidence is not high,True,SRC-EBA96BF4,82,83,mr,medium,68.7,medium,,,en poy gy yey ‘Yocky bottoms in 10-40. ee ite Hr Eubnaea
463,01b7d3eb-1132-5744-bfea-48b4843ea278,Scaly Chromis,Chromis lepidolepis,pending_review,account transcription confidence is not high; identification descriptions are not high-confidence transcriptions,True,SRC-95A81B36,84,85,br,high,100,low,,,"ID: Gray to brown; dark tips on tail fin lobes, and dark 1 blotch middle edge of anal fin, black tips on dorsal fin rays. 1 Usuaily form groups. Shoreline reefs, lagoons and outer slopes in 2-20 m."
464,656c6e02-2d89-5cb9-8211-c2c9e85e4436,Allen's Chromis,Chromis leucura,pending_review,account transcription confidence is not high; identification descriptions are not high-confidence transcriptions,True,SRC-AE4D61C0,84,85,tr,high,100,medium,,,"ID: Dark blue gray with yellow ventral fins and white tail . black edge marking extends from rear dorsal fin to rear anal fin, black spot covers pectoral fin base. Solitary or form small groups. Around deep boulders or scattered coral in 16-119 m."
465,d84d0c67-6450-5fcd-b4b6-082a0ac2db13,Lined Chromis,Chromis lineata,pending_review,account transcription confidence is not high; identification descriptions are not high-confidence transcriptions,True,SRC-F2CB8214,85,86,tl,high,100,medium,,,"ID: Yellowish brown undercolor with blue scale rows forming stripes on body: fine blue margins on dorsal, anal and ventral fins. Usually form groups or aggregations above outer reef slopes in 2-10 m."
466,561ee9ec-5568-5eed-bcf7-a0aa8c26e770,Bicolor Chromis,Chromis margaritifer,included,,True,SRC-4EE396A8,83,84,ml,high,100,high,,,"ID: Dark brown to black with white rear body including tail and tear dorsal and anal fins; black spot covers pectoral fin base. Solitary or form groups, Coastal and offshore reefs in 2-20 m."
467,5e138afe-c018-5920-a928-99bd13128002,Barrier Reef Chromis,Chromis nitida,pending_review,account transcription confidence is not high; identification descriptions are not high-confidence transcriptions,True,SRC-643CBAEE,86,87,tl,high,100,medium,,,"ID: White; black bordered brown “skull-cap” nuns from snout to mid-dorsal fin, black borders on tail and anal fin. Usually form groups. Lagoons and outer reefs in coral areas in 5-25 m."
468,198f4c8b-5bb5-5443-a54c-cd00c7a66c7d,Pearlspot Chromis,Chromis notata,pending_review,account transcription confidence is not high,True,SRC-585ACD4C,80,81,mr,high,100,medium,,,"TD: fin, Dark (distinguished gray to brown; froma i white spot at rear bave of dorsal sinilas Smokey Chromss [following pagel by body coloration) large black spot on pectoral fin ‘bese. Usually form groups. and offshore tacky: Grenaitered ealaeen2-18m,"
469,f1d3b637-36e5-5e26-973e-054b195deb97,Doublebar Chromis,Chromis opercularis,pending_review,identity confidence is below the inclusion threshold; account transcription confidence is not high,True,SRC-997C9075,85,86,bl,low,,low,,,"bd Sree Gray wet pale scale copes arto black ba ever to pactoal in ago. For groupe, Oukectoa! sopes. tniden Qeoas: Aico to Ancamm Se ed Sib . of"
470,4b05fc3c-d823-5319-91f3-401e063c07c9,Blackbar Chromis,Chromis retrofasciata,pending_review,account transcription confidence is not high,True,SRC-1E5E9D01,86,87,tr,high,100,medium,,,"1D: Yellowish tan with whitish tail; dark band above eye, Hack. bar aczoms reer edge of body. . Solitary or farm groups. Stay near ‘pottem of lagoons and on outer reefs in 5-66 m."
471,fcc3058e-309c-5799-a258-3e56ec426e4a,,Chromis scotochiloptera,pending_review,identity confidence is below the inclusion threshold; account transcription confidence is not high; printed identity is incomplete; no identification description,True,SRC-002BD4C7,81,82,,low,,low,,,
472,baecbeff-96b8-51f6-80c6-ddc6c5862030,Ternate Chromis,Chromis ternatensis,pending_review,identity confidence is below the inclusion threshold; account transcription confidence is not high,True,SRC-52E99A06,81,82,ml,low,,low,,,1D: Brown with silvery white to binish lower Block
473,000948be-40ec-5fac-a83a-e4f64ecc1d8e,Vanderbilt's Chromis,Chromis vanderbilti,pending_review,account transcription confidence is not high; no identification description,True,SRC-E52383F3,85,86,tr,high,100,medium,,,
474,d279f87c-6853-5d85-afc4-7274b314ae50,Blue-green Chromis,Chromis viridis,pending_review,account transcription confidence is not high; identification descriptions are not high-confidence transcriptions,True,SRC-C64C9991,81,82,bl,high,100,medium,,,ID: Blue to pale green with no markings. Form large schools ] above coral thickets. Coastal reefs and lagoons in 2-20 m. 1
475,e1d2c7aa-aa90-5684-969d-4674ab666921,Weber's Chromis,Chromis webeni,pending_review,identity confidence is below the inclusion threshold; account transcription confidence is not high; identification descriptions are not high-confidence transcriptions,True,SRC-FF742412,85,86,br,high,91.4,medium,,,"ID: Brown with dark margins on scales; dark brown bar on gill cover, and another from upper edge of gill cover to pectoral fin base; black tips on tail lobes. Coastal and outer reefs in 3-25 m."
476,b596796a-809e-5374-82c6-ce721c415d97,Reef Chromis,Chromis westaustralis,pending_review,account transcription confidence is not high; identification descriptions are not high-confidence transcriptions,True,SRC-FFBE2F47,80,81,ml,high,100,medium,,,"ID: Brown; dark borders on tail; black spot at base of pectoral fin, fine blue margin on dorsal, anal and tail fins distinguished from similar Yellow-spotted Chromis [previous] by location. Usually form aggregations, sometimes in the hundreds. Coral or rocky reefs in 2-75 m."
477,a75de8fa-1592-5ed6-a590-ab2678ce62c6,Yellow-axil Chromis,Chromis xanthochira,pending_review,account transcription confidence is not high; identification descriptions are not high-confidence transcriptions,True,SRC-7D403DA7,82,83,tl,high,100,medium,,,"ID: Bluish to greenish or olive with dark scale margins; blackish borders on tail, yellow blotch at base of pectoral fin. Solitary or form groups. Outer reef slopes in 10-48 m."
478,6d3fcbf8-be2d-5bb3-8411-ed24c9ae4063,Pale-tail Chromis,Chromis xanthura,included,,True,SRC-29E7B3E2,83,84,bl,high,100,high,,,"ID: Dark charcoal-gray to blackish with white tail including base, but not rear dorsal and anal fins. Usually form groups. Outer reef slopes in 3-40 m."
479,d2b37ed9-9fb4-5b7f-bde1-d13b8e3aa5c3,Twospot Demoiselle,Shrysiptera biocellata,pending_review,account transcription confidence is not high; identification descriptions are not high-confidence transcriptions,True,SRC-262F43F1,76,77,mr,high,100,medium,,,ID: Dark grayish brown with pale tail; white mid-body bar. Jeveele - Primarily yellow with blue lines on forehead and upper side and pair of black spots on dorsal fin. Rubble and rock outcroppings in lagoons and shore reefs to 5 m.
480,311d9634-051d-5d65-a25b-9f86fd7fc73e,Talbot's Demoiselle,Shrysiptera bleekeni,pending_review,identity confidence is below the inclusion threshold; account transcription confidence is not high; identification descriptions are not high-confidence transcriptions,True,SRC-D75CF656,73,74,tr,low,,low,,,lower head to base of front dorsal fin. and bebind; Jong inal
481,b4a9817c-bce6-58b7-a19f-8eec86c43d71,Surge Demoiselle,Shrysiptera brownriggii,pending_review,identity confidence is below the inclusion threshold; account transcription confidence is not high,True,SRC-05E5F5A2,72,73,tl,high,99.1,medium,,,"Sango Demelsalle - Brown Variation ‘ID: Datk brown; usually with white’bar on mid-body and ‘another at base of tail: ‘patch of bar on gill cover: pee Basis: is variations, i: saad brown. fe unknown and is: acitly not related to size, (egrets Lenton tate atte es ocrascaly ii | ID: Yelow to yellow-orage; bright neon blue stripe extends ‘from snout to below rear corse) fin, 2 hiue and black spote.on ‘appor base of tll Solty ox form groups, Outer ts reef and"
482,4e54eaec-5344-5d02-8879-c993a44e8057,Blueline Demoiselle,Shrysiptera caeruleolineata,pending_review,identity confidence is below the inclusion threshold; account transcription confidence is not high,True,SRC-D975F3DD,72,73,bl,high,95.9,medium,,,"ID: Pale yellow to orange often with purplish tints; bright neon- blue stripe from snout to rear dorsal fin, scattered blue spots on head. Usually form small groups. Rubble and rock outcroppings on steep outer slopes in 30-65 m. | 1 Pale yellow to orange ten: orolnh tint; Leight neo hes ape noon snout feat Gare fa aoaionsd Dblae spots on heed, Usually form small Rubble and tock ontcroppings On steep dutar topes in, 90-66 m. ‘West Paci: Rowley Shoals, 200 km west of N.W. Australia to ‘Samoa, north toS.W, Japan. 72"
483,f6f85b88-407d-5b5d-a3dd-fcf1ce4d81a7,Blue Devil Damsel,Shrysiptera cyanea,included,,True,SRC-14B894D4,75,76,tl,high,100,high,,,"ID: Mole - Blue with blue dorsal fin and scattered yellow to white spots, bright yellow-orange tail (except in some Indonesian localities), lips and ventral fins often yellowish. Lagoons and sheltered shoreline reefs to 10 m. | ID: fide - Blue with bine dorsal fia and scattered yellow to Trent clean wen ces loa white tight yellow-orange except in ‘Laguous and shattered shoreting reefs, win haat Benifle incdnecmia on Marchal Ter Vfirennncta and"
484,07ac0eaf-bf52-55a6-864b-cd1c9e4fa3ad,Milne Bay Demoiselle,Shrysiptera cymatilis,pending_review,account transcription confidence is not high; identification descriptions are not high-confidence transcriptions,True,SRC-DC363B6A,75,76,bl,high,100,medium,,,"ID: Brilliant blue with lighter blue spotting on head and breast “mask” from snout to eye, black spot or blotch at base of rear dorsal fin. Form small groups. Shelter within branching corals of protected seaward reefs and lagoons in 3-20 m."
485,a2f9cf11-ab0b-5651-8d7f-68f6fa63e232,Yellowfin Demoiselle,Shrysiptera flavipinnis,pending_review,account transcription confidence is not high; identification descriptions are not high-confidence transcriptions,True,SRC-E89925AB,74,75,tl,high,100,medium,,,"ID: Blue with yellow mid-dorsal stripe running from snout to tail, belly; anal and ventral fins yellowish to whitish. Similar Bleeker's Damsel (above] distinguished by location. Rubble and dead coral outcroppings in sandy areas in 3-38 m."
486,f0aa2ccd-a198-53a8-b853-1999aedfb8dd,Gray Demoiselle,Shrysiptera glauca,included,,True,SRC-CE07D962,76,77,tl,high,100,high,,,ID: Pale gray with bluish tint and occasional yeliow-olive hue on upper half of head and body. Usually form aggregations. Reef flats and near-shore shallows exposed to wave action to2m.
487,71df0ddc-240a-5792-a99a-495b81a82b48,Azure Demoiselle,Shrysiptera hemicyanea,included,,True,SRC-F5C6D727,74,75,br,high,100,high,,,"ID: Briliant blue over most of head and body, yellow lower body ventral, anal and tail fins. Similar Goldtail Demoiselle [previous] distinguished by bhie belly. Form small groups. Shelter within coral branches of seaward reefs and lagoons in 3-20 m."
488,cbd08a89-c4c6-50cc-aaa1-5c0a6184951f,Kuiter's Demoiselle,Shrysiptera kuiteri,pending_review,identity confidence is below the inclusion threshold; account transcription confidence is not high; identification descriptions are not high-confidence transcriptions,True,SRC-891BA168,76,77,bl,high,91.2,medium,,,"ID: White with 3 biack bars: 1) on mid-head: 2) forebody behind ventral fins; 3) rear body behind anal fin, ventral tins white, Solitary or in pairs. Flat or sloping sand bottoms around rock or coral outcroppings in 15-30 m."
489,22156798-7e62-580e-848d-857612f4e85e,Bluespot Demoiselle,Shrysiptera oxycephala,included,,True,SRC-19EC556E,76,77,ml,high,100,high,,,ID: Yellowish gray with numerous tiny blue spots; dusky “mask” from upper lip to eye. Juvenile - Blue head and upper body. grayish to yellowish below. Form smail to large groups. Sheltered shoreline reefs and lagoons in rich coral areas to 16 m.
490,4ad2a35c-5989-5a5a-a480-54aa5c372fae,Yellowfin Demoiselle,Shrysiptera parasema,pending_review,account transcription confidence is not high; identification descriptions are not high-confidence transcriptions,True,SRC-28FBF391,74,75,bl,high,100,medium,,,ID: Brilliant blue head to rear body then yellow including adjacent tail and ventral fins. Similar Azure Demoiselle [next] distinguished by yellow belly. Form groups. Shelter within branching corals of protecter reefs to 16 m.
491,eaa2d138-9135-555b-b7ee-d319478de9be,Bleeker’s Demoiselle,Shrysiptera rex,included,,True,SRC-8EB7D811,73,74,ml,high,100,high,,,"ID: Upper head and forebody variable from grayish blue to yellow, remainder of body and fins yellowish, ventral fins translucent; often tiny blue speckles on head and body. Solitary or form groups. Surge channels and outer reefs to 6 m."
492,f3c2375e-dc37-528e-9f26-2ef1044f6790,Yellow Crown Demoiselle,Shrysiptera rollandi,pending_review,identity confidence is below the inclusion threshold; account transcription confidence is not high; identification descriptions are not high-confidence transcriptions,True,SRC-481AD9EA,73,74,tl,high,85,medium,,,"ID: Variable. but most commonly dark bluish upper head and back to mid-body, below bluish gray; all varieties have long white ventral fins. Protected shoreline reefs, lagoons and outer slopes in 2-35 m."
493,2b516b82-b416-557d-a7f1-90438157c49f,Sinclair’s Demoiselle,Shrysiptera sinclairi,pending_review,identity confidence is below the inclusion threshold; account transcription confidence is not high; identification descriptions are not high-confidence transcriptions,True,SRC-13FB0A04,75,76,br,high,94.2,medium,,,ID: Brilliant blue with blue streaks and small blotches on lower head and breast. Form small groups. Shelter with branching corals of protected seaward reefs and lagoons to 15 m.
494,7b7e3138-45e4-5e0e-9193-e4c592c794d4,Springer's Demoiselle,Shrysiptera springeri,pending_review,identity confidence is below the inclusion threshold; account transcription confidence is not high; identification descriptions are not high-confidence transcriptions,True,SRC-C6B053F0,75,76,mr,high,82.8,medium,,,ID: Brilliant blue occasionally intermixed with black speckling. Similar Milne Bay and Sinclair's Demoiselle [next] distinguished by location. Form small groups. Shelter within branching corals of protected reefs and lagoons in 5-30 m.
495,ce3878f4-d52a-5bf0-be64-685966442643,Starck's Demoiselle,Shrysiptera starcki,pending_review,identity confidence is below the inclusion threshold; account transcription confidence is not high; identification descriptions are not high-confidence transcriptions,True,SRC-FD73BF69,74,75,tr,high,96.1,medium,,,"ID: Deep blue with broad zone of yellow from snout to upper foreback and most of dorsal fin, tail translucent yellow, blue ventral fins. Solitary or form groups. Rocky outcroppings and crevices and sand channels on outer slopes in 25-52 m."
496,5b2c2734-8177-51de-9981-1a77b49593ea,Rolland's Demoiselle,Shrysiptera talboti,pending_review,identity confidence is below the inclusion threshold; account transcription confidence is not high; identification descriptions are not high-confidence transcriptions,True,SRC-4C937E9F,73,74,tl,low,,low,,,"hack to mid-body, below bhuish gray; all have ‘Protected: Le hss pari waite vente Bee nha ates Entire Andaman Ham état fan n nnwth tr"
497,9cbaa455-aa58-53ad-a663-6ed0baaafa56,South Seas Devil Damsel,Shrysiptera taupou,included,,True,SRC-F75C325B,74,75,ml,high,100,high,,,"ID: Blue with a few scattered small white spots; pale patch on upper tail base, yellow to translucent dorsal, ventral, anal and tail fins, belly yellow or white. Female - {pictured] Have black spot below rear dorsal fin. Solitary or groups. Lagoons and outer teefs tom. | pele patch on, WD: Bin with afew goaturac acl wet apes, upper ‘tail base, yellow to transiucent dorsal, ventral, anal and. fing, belly yellow or white. Female - [pictured] Have black. Spat below reat ox in Solty ox groupe: Lage and outa"
498,4a216909-3390-5db2-ae41-d8ecbce96af4,Tracey's Demoiselle,Shrysiptera traceyi,pending_review,identity confidence is below the inclusion threshold; account transcription confidence is not high,True,SRC-3E4491EA,75,76,ml,low,,low,,,"ID: Dak purplish. yellowish tail base, ventral fine ee cat ete caae sorexn Sitar? lacks: ox forrn smell groups. Lagoons and outer reefs in 5-30 m:"
499,7e7863ac-1bab-5b3e-90ff-1700fd7fb6ae,Threeband Demoiselle,Shrysiptera tricincta,included,,True,SRC-A59D52C4,76,77,br,high,100,high,,,"ID: White with 3 black bars: 1) on mid-head; 2) forebody extending onto rear half of ventral fin; 3} rear body extending onto rear haif of anal fin, ventral fin half black half white. Solitary or in pairs. Sand bottoms around rock or coral outcroppings in 10-38 m."
500,c94d6133-967a-50ae-88cf-9b0b33eb2d2c,Onespot Demoiselle,Shrysiptera unimaculata,pending_review,account transcription confidence is not high,True,SRC-2C1AB54F,72,73,ml,high,100,medium,,,"ID: Usually pale brown to gray forebody with dark rear body occasionally entirely dark, yellowish pectoral fins; usually dark blotch or spot on rear dorsal fin, Solitary or form small groups. Wave-exposed reef flats to 2m. | 1D: (ually pode own tn gray forebody wh dati Ter bot commsionaily entirely dark, yellowish pecharal fing; uauallydark blotch ar spot-on réar dorsal fin. Solitary or form small groups. ‘Wave-expoced reef fata to 2m."
501,a14ee554-634e-5f34-a6ac-c877acfe93c7,Redback Wormfish,Shrysiptera condei,pending_review,identity confidence is below the inclusion threshold; account transcription confidence is not high; identification descriptions are not high-confidence transcriptions,True,SRC-B92BC323,197,198,ml,medium,69.2,medium,,,"‘1D: TP Bright red upper body, white below; broed! biatkoatar marin cn dota Shas older TP Gevelon joag Siamentows fins. Solitary or form emali groups. coraland ubbe eiges of sonar sopesin S70"
502,1410acdc-b1aa-5196-b9d6-b0eb85b9fef7,Bluesided Wormfish,Cirthilabrus cyanopleura,pending_review,identity confidence is below the inclusion threshold; account transcription confidence is not high; identification descriptions are not high-confidence transcriptions,True,SRC-17D0AED7,196,197,tl,high,89.9,medium,,,"ID: ¥? - Blue to blue-green upper head and forebody, orange to brown to green rear body, pale belly. Solitary or form aggregations. Mixed coral and rubble areas of lagoons and seaward slopes in 2-25 m."
503,d9b762b3-22fd-5504-9a7e-14365e7d2a65,Exquisite Wormfish,Cirulabrus exquisitus,pending_review,identity confidence is below the inclusion threshold; account transcription confidence is not high; identification descriptions are not high-confidence transcriptions,True,SRC-068860C9,199,200,tl,high,90.6,medium,,,"ID: 1? - Shades of green; bright red margins on dorsal and anal fins, narrow blue stripe from mid-body to tail, large black spot on upper tail base, 2-3 blue line markings on head. Solitary. Seaward reefs in areas of current in 5-35 m."
504,c1453ca2-f143-51d3-8f13-0fa45a3ac9e1,Yellowfin Fairy Wormfish,Cirrhilabrus flavianalis,pending_review,identity confidence is below the inclusion threshold,True,SRC-E6A3869A,198,199,br,high,90.4,high,,,"ID: TP - White to pinkish with red upper head; 2 wide red bars on forebody, broad yellow margin on dorsal fin. P - Red; small black spot on upper tail base. Rubble bottoms among coral patches in 12-30 m."
505,38689933-e649-5c90-b444-be2b96411690,Pennant Wormfish,Cirhilabrus joanallenae,pending_review,identity confidence is below the inclusion threshold; account transcription confidence is not high; identification descriptions are not high-confidence transcriptions,True,SRC-1D980DA2,197,198,tl,high,90,medium,,,"ID: TP - Red upper head and body darkening toward rear white below, blue tail; elongate 1st dorsal spine, large black ventral fins. Solitary or form small groups. Rubble bottoms in 12-25 m."
506,83915c48-4ec1-5006-ab47-c1ef6e6d0637,Backstriped Wormfish,Cirrhilabrus katherinae,pending_review,identity confidence is below the inclusion threshold; account transcription confidence is not high; identification descriptions are not high-confidence transcriptions,True,SRC-FCC937DE,196,197,mr,high,89.9,medium,,,"ID: TP - Reddish to greenish brown with greenish stripe centered on back, pale belly; blue dorsal and anal fins with lavender borders. Solitary or form aggregations. Patch reefs on outer reef slopes and in clear lagoons in 10-40 m."
507,64983ab1-963b-571f-87d5-fb21aa0e41de,Magenta-streaked Wormfish,Shrysiptera laboutei,pending_review,identity confidence is below the inclusion threshold; account transcription confidence is not high; identification descriptions are not high-confidence transcriptions,True,SRC-E4E944DA,198,199,mr,low,,low,,,"TD: TP - Pattern of curved red and yellow-orange lines ties dy white belo, goon magera Bene pc —_fin. base. Solitary or form groupe. Rubble bottoms near ‘coral reefs in’ 6-55."
508,80c1da96-0390-5548-921f-b430992947ab,Purple-Lined Wormfish,Cirthilabrus lineatus,pending_review,identity confidence is below the inclusion threshold,True,SRC-C74B7757,202,203,tl,high,89.4,high,,,"ID: TP - Pale purple to magenta body; dorsal, anal and tail fins yellow to orange with blue spots; bright blue lines and spots on head and forebody. iP - Similar, but less vivid. Solitary or form groups. Rubble bottoms near reefs in 8-55 m."
509,8285a68f-91eb-5edc-9028-e7f6f8b05877,Lubbock's Wormfish,Shrysiptera lubbocki,pending_review,identity confidence is below the inclusion threshold; account transcription confidence is not high; identification descriptions are not high-confidence transcriptions,True,SRC-10E4424D,199,200,ml,medium,69.1,low,,,"—-_Orumybuck Wrasse TP Variation ID; ‘Bright yellow’ ‘to. hood, ‘back be and dorsal: al fin, cennge Wop red to purpis below; p 9 upper tail base. ee | ID: TP - Orange to yellow upper dorsal and another on middie of tal base with wiitte between, stipe Soteary: ‘fora groups. Rubble bottome next: ‘to seaward coral roots 4-4"
510,8fad67e0-8ec4-506d-88aa-6bb1c9607432,Yellowband Wormfish,Cirrhilabnus luteovittatus,pending_review,identity confidence is below the inclusion threshold; account transcription confidence is not high; identification descriptions are not high-confidence transcriptions,True,SRC-361AA974,197,198,br,high,90.6,medium,,,"ID: TP - Variable with maroon to red head and upper body, red to violet belly; broad pale red to yellow stripe from pectoral fin to tail base, black wedge-shaped mark below pectoral fin base. Form aggregations. Rubble around lagoon patch reefs in 7-30 m."
511,4eba7b9d-c49f-5e74-bba8-df7375b09536,Morrison's Wormfish,Cirrhilabrus morrisoni,pending_review,identity confidence is below the inclusion threshold; account transcription confidence is not high; identification descriptions are not high-confidence transcriptions,True,SRC-7D9EFE51,201,202,tl,high,89.4,medium,,,"ID: TP - Reddish to purple-brown upper body, white below black dorsal, anal and ventral fins; long heavy ist dorsal spine. Form smail groups. Rubble and Halimeda algae beds at base of seaward slopes in 20-40 m"
512,b530dcee-4577-554a-b5e8-9f3c50cea3b6,Dotted Wormfish,Cirrhilabrus punctatus,pending_review,identity confidence is below the inclusion threshold; account transcription confidence is not high; identification descriptions are not high-confidence transcriptions,True,SRC-BF30CCB4,199,200,bl,high,88.7,medium,,,"ID: IP - Gray to blue-green with numerous light blue body spots: dark bar on base of pectoral fin, darkstripe along base of dorsal and anal fins; very long ventral fins. Solitary or from small groups. Rubble areas next to reefs in lagoons and on seaward slopes in 2-32 m."
513,86fbb809-7f6d-5686-bfd6-eb14c6a25b20,Randall's Wormfish,Cirthilabrus randalli,pending_review,identity confidence is below the inclusion threshold; account transcription confidence is not high; identification descriptions are not high-confidence transcriptions,True,SRC-8077568E,202,203,ml,high,88.9,medium,,,"ID: Blue head with magenta back, violet belly and tail; broad yellow-orange stripe on side; rounded tail. Solitary or form groups. Rubble bottoms of lagoons and outer reefs in 10-40 m."
514,6dc0f9f8-2e82-5a09-b26d-fffc7c488c76,Rhomboid Wormfish,Cirthilabrus rhomboidalis,pending_review,identity confidence is below the inclusion threshold; account transcription confidence is not high; identification descriptions are not high-confidence transcriptions,True,SRC-B0160D82,202,203,tr,high,90,medium,,,"ID: TP - Yellow-orange body; blue wavy lines and thin stripes on head and forebody. IP - Similar markings, but base color salmon pink. Form groups. Sand and rubble patches of outer reefs in 35-50 m."
515,9240e26a-2d8a-5a3b-9c4e-693c399f9ad6,Red-margined Wormfish,Cirhilabrus rubnimarginatus,pending_review,identity confidence is below the inclusion threshold; account transcription confidence is not high; identification descriptions are not high-confidence transcriptions,True,SRC-66485427,198,199,bl,medium,76,medium,,,"ID: TP - Blue to lavender to pink; fine yellow lines on head often rows of red spots on body, broad red margin on tail and tear half of dorsal fin. iP - Similar, but lack red tail margin. Form small groups. Sand and rubble with patch reefs in 25-52 m."
516,2041c3c9-3cc3-5ef1-aca1-4b75c3986724,Redfin Wormfish,Cirhilabrus rubripinnis,pending_review,identity confidence is below the inclusion threshold,True,SRC-4F5B172C,198,199,ml,high,89.8,high,,,"ID: TP - Brownish red with pale red to white belly, brilliant scarlet dorsal, anal and ventral fins. IP - Similar, but less vivid black saddle on tail base. Form groups. Rubble and coral areas at base of coastal reef slopes in 20-40 m."
517,24f23c50-a920-5578-abd9-341a2f2823df,Redtailed Wormfish,Curtfilabrus scottorum,pending_review,identity confidence is below the inclusion threshold,True,SRC-EC3F2954,200,201,tl,high,89.3,high,,,ID: TP - Shades of green with pale yellow to reddish underside; red to reddish tail. red to yellow dorsal fin and dark blue anal fin; black speckles on upper forebody. Solitary or form groups. Coral or rubble of outer slopes in 3-40 m. | ID: TP - Shades of green with pale yellow to reddish unsere; red a recital bell to yee dovaal fa and re ‘black speckles cn upper forebody. for groups. Coral or rubble of citer slopes in 4-40 or
518,1dc9ce95-89cf-5477-a8a7-d2bac7842b1d,Solor Wormfish,Cirrhilabrus solorensis,pending_review,identity confidence is below the inclusion threshold,True,SRC-F11AC5C7,201,202,mr,high,88.7,high,,,"ID: TP - Upper body orange in highly variable amounts, head and lower body violet to lavender. Solitary or with several females. Rubble areas near coral reefs in 5-35 m. | 1D: TP - Upper orange in highty variable amounts, head sal Lowes boty weet te oven. Solitary or with several females. Rubble areas near coral redis in. 5-35 m."
519,c2b5f139-aa3f-5096-8c70-c56fbaba8bdf,Peacock Wormfish,Shrysiptera temminckii,pending_review,identity confidence is below the inclusion threshold; account transcription confidence is not high; identification descriptions are not high-confidence transcriptions,True,SRC-488DD923,200,201,mr,medium,68.4,medium,,,"WD: P- Shades of brown to red, whitish belly; two nanow hine"
520,7647cc18-011d-5150-b090-d40e71e337d4,Javan Wormfish,Shrysiptera tonozukai,pending_review,identity confidence is below the inclusion threshold; account transcription confidence is not high; identification descriptions are not high-confidence transcriptions,True,SRC-169F8109,197,198,bl,medium,67.1,medium,,,"ID: 1? - Red upper body, white below with short filament extends from mid-dorsal fin. Salitary or form:greups. Rubhie ‘areas near seaward reefs in 15-40 m,"
521,f5f6d8e9-5bef-504a-a219-664066bbf4cd,Walindi Wormfish,Cirthilabrus walindi,pending_review,identity confidence is below the inclusion threshold,True,SRC-A55118F8,200,201,bl,high,88.2,high,,,"ID: TP - Pink with yellow wash on back; dorsal, anal and ventral fins yellowish with blue or magenta borders, two black blotches on dorsal fin. Solitary or form small groups. Rubble bottoms next to coral patches on seaward slopes in 10-65 m."
522,64cabafa-a744-5ada-bb36-5d0bf32cd027,Samoa Wormfish,Shrysiptera walshi,pending_review,identity confidence is below the inclusion threshold; account transcription confidence is not high; identification descriptions are not high-confidence transcriptions,True,SRC-420E0FD8,198,199,tr,medium,65.9,medium,,,"‘TD: TP - Bloteby orange-red with yellowish. und: ollowish dorsal fin and rod wth white spotted batters, onal Ram"
523,ad8a2f29-edbf-59de-af13-d2e2e8b797af,Golden Hawkfish,Cirhitichthys aureus,pending_review,identity confidence is below the inclusion threshold; account transcription confidence is not high; identification descriptions are not high-confidence transcriptions,True,SRC-1286C4F2,167,168,tr,high,95.5,medium,,,"ID: Yellow to orange to pale brown undercolor; may display darkish blotches, pale-edged dark spot on gill cover. Solitary. Outer reef drop-offs, often on sponges, usually below 20 m."
524,3a15edf3-befa-57f6-b182-cfe9801413fe,Dwarf Hawkfish,Cirrhitichthys falco,pending_review,identity confidence is below the inclusion threshold; account transcription confidence is not high; identification descriptions are not high-confidence transcriptions,True,SRC-2934CFC1,167,168,mr,high,94.6,medium,,,ID: White with a pair reddish brown saddles on forebody smali red-brown blotches on rear body often align as bars pair of reddish bars below eye. Solitary. Near coral heads on seaward reefs in 4-46 m.
525,4b992789-28ba-522d-8c83-263fb5ae173d,Pixy Hawkfish,Cirrhitichthys oxycephalus,pending_review,identity confidence is below the inclusion threshold; account transcription confidence is not high; identification descriptions are not high-confidence transcriptions,True,SRC-E059B50C,167,168,bl,high,95.9,medium,,,"ID: White undercolor with irregular red-brown spots on body and fins. Similar Threadfin Hawkfish [above] has occelated spot on gill cover. Solitary. Coastal, lagoon and outer reefs to 40 m."
526,6c7cc134-c931-5275-a78f-77e5f6d3a3d2,Arc-eye Hawkfish,Cirrhitus pinnulatus,pending_review,identity confidence is below the inclusion threshold; account transcription confidence is not high; identification descriptions are not high-confidence transcriptions,True,SRC-1C3FD60F,168,169,tr,high,90.2,medium,,,ID: Blotchy brown with white spots on body. One of the jarger hawkdishes. Solitary. Sgaward reefs in wave-affected areas to 3 m.
527,2264c1ad-4723-598d-b497-075fbf7fdfca,Lyretail Hawkfish,Cypnnocirhites polyactis,pending_review,identity confidence is below the inclusion threshold; account transcription confidence is not high; identification descriptions are not high-confidence transcriptions,True,SRC-A19B6117,168,169,ml,high,98.6,medium,,,"ID: Orange-brown with faint brown freckling: forked tail. Solitary or form groups. Unlike other hawkfishes, which feed on the bottom, hover in mid-water feeding on plankton over steep slopes and coral outcroppings in 10-132 m."
528,b1a5cf85-8dad-52ab-aafb-3e1cde4a949a,Splendid Hawkfish,Cirrhitichthys splendens,pending_review,identity confidence is below the inclusion threshold,True,SRC-CDE496E1,168,169,tl,high,95.9,high,,,"ID: White undercolor with dark brown body blotches: red spots on head are elongate on nape, spotted tail. Solitary. Seaward reefs in 5-30 m."
529,87a79d00-9a5a-580b-a2bc-b09c55c27b48,Chesnut Blenny,Cimpectes castaneus,pending_review,account transcription confidence is not high; identification descriptions are not high-confidence transcriptions,True,SRC-5A0DEC18,346,347,tl,high,100,medium,,,"ID: Gray to reddish brown; reddish brown bands on head and bars on body, ocellated “ear™ spot; fringe-like cirri on nape. Solitary or in pairs. Surge zone of outer reef crests to about 3 m depth."
530,1041322a-63b3-531c-a48b-f480d52e3fe6,Lady Musgrave Blenny,Cimpectes chelomatus,pending_review,account transcription confidence is not high; identification descriptions are not high-confidence transcriptions,True,SRC-D413054A,346,347,tr,high,100,medium,,,ID: Dark brown with fine red dots on head and body; dark iris fringe-like cirri on nape. Solitary or form small groups. Surge zone of outer teef crests to 3 m.
531,79a86aa2-6ece-5864-9544-900bcc07ff52,Filamentous Blenny,Cimpectes filamentosus,pending_review,account transcription confidence is not high; identification descriptions are not high-confidence transcriptions,True,SRC-D833E0D9,346,347,ml,high,100,medium,,,"ID: Dark brown; small red spots on cheek, lines on snout gold iris, reddish ring around eye; fringe-like cirri on nape. Solitary or form smail loose groups. Coral and rocky reefs to 46 m, but usually less than 7 m."
532,095554b8-827a-59ab-9ded-bb321130adbf,Eared Blenny,Cimipectes polyzona,pending_review,identity confidence is below the inclusion threshold,True,SRC-A8D7403C,345,346,bl,high,94.2,high,,,"ID: Gray head and front of body gradating to dark brown reddish brown reticulations and bands on head, about 12 brown body bars. Solitary. Algal ridges and reef crests in surge channels of outer reefs to 3m."
533,6c80abfe-df99-5ac2-a250-401165aa6eab,Red-speckled Blenny,Cirnipectes springeni,pending_review,identity confidence is below the inclusion threshold; account transcription confidence is not high; identification descriptions are not high-confidence transcriptions,True,SRC-F71C9978,346,347,mr,medium,77.8,medium,,,"ID: Dark brown with small bright red spots on head and body; gold iris, bright red ring around eye; fringe-like cirri on nape. Solitary or small loose groups. Upper edge of outer teef slopes to 18 m, but usually less than 10 m."
534,4537e1f8-683c-5359-9875-dcdec40b894f,Red-streaked Blenny,Cimipectes stigmaticus,pending_review,identity confidence is below the inclusion threshold; no identification description,True,SRC-57539821,347,348,tl,high,99.4,high,,,
535,42c165a7-f679-5a63-81cf-4056ea157eb8,Springer's Blenny,Shrysiptera variolosus,pending_review,identity confidence is below the inclusion threshold; identification descriptions are not high-confidence transcriptions,True,SRC-455850AF,346,347,bl,medium,70.2,high,,,HDs de Dark rok iron weit bats rod andehot. fissures. Living corals oni ‘seaward reais to 5 m.
536,af0cec59-1fb3-55ed-bc46-77ddc4025d11,Orange-banded Coralfish,Coradion chrysozonus,pending_review,identity confidence is below the inclusion threshold,True,SRC-2845558D,29,30,tr,high,96.9,high,,,"ID: White with wide orange bar across rear body including dorsal and anal fins; pair of closely spaced brown bars behind head, ocellated spot on soft dorsal fin. The most common Coradion in most areas. Coastal reefs in 3-60 m."
537,fdba780e-9233-5529-b44e-93fea55772d2,Two-eyed Coralfish,Coradion melanopus,pending_review,identity confidence is below the inclusion threshold; account transcription confidence is not high; identification descriptions are not high-confidence transcriptions,True,SRC-E4DE56E2,29,30,tl,high,95.9,medium,,,"ID: White. ocellated spot on rear dorsal and ana) fins, pair of dosely spaced brown bars behind head, and orange-edged gray bar rear body. In pairs: often near barrel sponges. Coastal and outer reefs in 10-30 m."
538,0ff2155b-4fb1-56dc-93c4-8e2622778307,Western King Wormfish,Joris auricularis,pending_review,identity confidence is below the inclusion threshold; identification descriptions are not high-confidence transcriptions,True,SRC-C6B4D957,190,191,ml,medium,67.1,high,,,"1D: YP: Shades of red to maroon with white chin; white bar fellowed by scartet bar behind pectoral fin, dark spotomrear ‘Gill cover; dark upper margin on pectoral fin. Solitary. Rocky reais oc coral areas in 2-40-m."
539,739fd46f-e885-512d-86f5-4fc485a97efa,Goldline Coris,Joris aurilineata,pending_review,account transcription confidence is not high; identification descriptions are not high-confidence transcriptions,True,SRC-537287E3,191,192,bl,high,100,medium,,,"ID: TP - Alternating yellow and pale blue-green to green stripes; ocellated (usually black) spot on upper base of tail. # - Similar with large ocellated spot on mid-dorsal fin, Rubble and sand bottoms with algae to 25 m."
540,42ee1491-db15-5490-913f-37a215bc3266,Clown Coris,Joris aygula,pending_review,account transcription confidence is not high; identification descriptions are not high-confidence transcriptions,True,SRC-62DC9641,190,191,tl,high,100,medium,,,"ID: IP - A white bar separates light gray head and forebody from dark gray rear body. TP - Large (to 4 ft.) with humped head; shades of gray, often with whitish body bar. Solitary. Sand and rubble patches near reefs in 2-30 m."
541,22effbc5-d0e8-5691-b5bd-46737c4ddcfc,Pixie Coris,Cons batuensis,pending_review,identity confidence is below the inclusion threshold,True,SRC-7E3AD9E3,191,192,tl,high,94.6,high,,,"ID: TP - Whitish to pale green; several dark bars and narrow white bars on upper body, pale-rimmed black spot on mid- dorsal fin. Solitary. Sand and rubble bottoms surrounding reefs of lagoons and seaward reefs to 30 m."
542,c8bfa1eb-87db-5103-af93-06adb4c97211,Spottail Coris,Cons caudimacula,pending_review,account transcription confidence is not high; identification descriptions are not high-confidence transcriptions,True,SRC-572EA152,191,192,br,high,100,medium,,,"ID: TP - White undercolor; 6-7 green to brown bars on back intersected by pale lateral line, black spot on front of dorsal fin often dark spot on tail base. Solitary, Sand, rubble and weed- covered bottoms around coastal, lagoon and outer reefs to 25 m."
543,7c1b0023-3b5e-54c4-99da-6dd2c51402a4,Pale-barred Coris,Cons dorsomacula,included,,True,SRC-0654926C,190,191,bl,high,100,high,,,"ID: TP - Brown to green with narrow pale body bars: red to gteen markings on head, black spot on base of rear dorsal fin and upper gill cover, red to green streak extends from rear gill cover. Solitary. Sand and rubble bottoms in 5-25 m."
544,f596a6b6-42b2-51eb-8989-1eddf1be67cd,Central Pacific Coris,Cons pictoides,pending_review,identity confidence is below the inclusion threshold; account transcription confidence is not high; identification descriptions are not high-confidence transcriptions,True,SRC-F7F5237F,191,192,ml,high,94.5,medium,,,"ID: Black to dark brown upper body, white below. fins pale thin white line from top of eye to end of dorsal fin. Solitary or form small groups. Sand and rubble bottoms near coral teefs in 10-30 m."
545,8bd545ad-e7b7-5a7f-8dd4-a44ecdfc7e58,Dolphinfish,Joryphaena hippurus,included,,True,SRC-B8574CD2,421,422,br,high,100,high,,,"ID: Bluish silver with yellow tinting; long continuous dorsal fin from above eye to tail base, long ventral fins and large forked tail. Mole - Large blunt head. Female - Torpedo-shaped head. Form groups; pelagic, often under sargassum floats."
546,e62c9ef8-4b67-566e-961c-4fcd6933387f,Threadfin,Joryphaena duospilus,pending_review,identity confidence is below the inclusion threshold; account transcription confidence is not high; identification descriptions are not high-confidence transcriptions,True,SRC-2F4A4737,321,322,mr,low,27.6,medium,,,1D: tistead-tike Manient extends from 1st deca goons Ser toe
547,a7ace94d-e255-537e-8359-bd950ee6abb6,Blotched Goby,Coryphopterus inframaculatus,pending_review,account transcription confidence is not high; identification descriptions are not high-confidence transcriptions,True,SRC-4672FB60,322,323,ml,high,100,medium,,,"ID: Mole - Translucent with small orange spots: 4-5 large internal blackish blotches, white dash followed by black spot on tail base; long 1st dorsal spine. Solitary. Sand at base of coral overhangs of seaward reefs in 5-25 m."
548,89c96fd8-32d0-596a-b454-cd596e58fb89,Neophyte Goby,Coryphopterus neophytus,pending_review,account transcription confidence is not high; identification descriptions are not high-confidence transcriptions,True,SRC-57834CA8,321,322,br,high,100,medium,,,ID: Translucent with numerous reddish brown spots of varying size; short slanting bands below dorsal fins. Solitary or form smali groups. Sand and rubble areas of coastal reefs and lagoons to 10 m.
549,abc1bcb3-cb9e-5e39-9111-a882112d6dea,Signalfin Goby,Coryphopterus signipinnis,included,,True,SRC-311EF5FD,322,323,bl,high,100,high,,,"ID: Translucent with tiny brown spots; red-brown iris red-brown to dark marking on 1st dorsal fin; triangular- shaped snout, Solitary. Sand at base of coral formations of lagoon and seaward reefs in 3-30 m."
550,497cd912-b128-5b8b-8a45-37855e116967,,Joryphaena lorythoichthys,pending_review,identity confidence is below the inclusion threshold; account transcription confidence is not high; printed identity is incomplete; no identification description,True,SRC-AB560028,423,424,,low,,low,,,
551,14618857-6af4-517e-8c89-94074cc1ee33,,Joryphaena amplexus,pending_review,identity confidence is below the inclusion threshold; account transcription confidence is not high; printed identity is incomplete; no identification description,True,SRC-6A76EB42,423,424,,low,29,medium,,,
552,a8299a26-5e33-5406-b289-8cabe0d565ae,Halimeda Ghost Pipefish,Joryphaena flavofasciatus,pending_review,identity confidence is below the inclusion threshold; identification descriptions are not high-confidence transcriptions,True,SRC-45EA6841,424,425,tr,low,41,high,,,to-camonfage with suoundings. .
553,300f9d5f-38c6-54bd-a264-f15c77ba48a5,Brown-banded Pipefish,Joryphaena haematopterus,pending_review,identity confidence is below the inclusion threshold; identification descriptions are not high-confidence transcriptions,True,SRC-34FD9F7B,425,426,br,medium,62.7,high,,,"Seen pe ny: ne eit rom pace kh ty white spots: body. Solitary or form loose groups. Lagoon and seaward reefs in'3-20'm,"
554,c7fead4e-82c9-5b2b-8b5b-445db20a3f6a,Roughsnout Ghost Pipefish,Joryphaena intestinalis,pending_review,identity confidence is below the inclusion threshold; account transcription confidence is not high; identification descriptions are not high-confidence transcriptions,True,SRC-C9DCEC79,424,425,mr,low,,low,,,"1D: Red, a relatively rare variation,"
555,9429c160-3bbf-5180-8461-75b3e80aa6e4,Thin Ghost Pipefish,Joryphaena nigripectus,pending_review,identity confidence is below the inclusion threshold; account transcription confidence is not high; identification descriptions are not high-confidence transcriptions,True,SRC-20281AE4,425,426,tr,low,,low,,,Ghost: Pipetishes: - Solenostomidae ID: Classification 5 a
556,22fca798-5a9d-5d32-a138-157ea8bfcd77,,Joryphaena ocellatus,pending_review,identity confidence is below the inclusion threshold; account transcription confidence is not high; printed identity is incomplete; no identification description,True,SRC-15892A3F,425,426,,low,,low,,,
557,839380fc-5da2-5966-804b-cb6bdceef8d6,,Joryphaena polynotatus,pending_review,identity confidence is below the inclusion threshold; account transcription confidence is not high; printed identity is incomplete; no identification description,True,SRC-E7B77FA7,424,425,,low,,low,,,
558,db3f6900-eb2c-5401-8ee6-fa22d9fee50b,,Joryphaena schultzi,pending_review,identity confidence is below the inclusion threshold; account transcription confidence is not high; printed identity is incomplete; no identification description,True,SRC-6710AEBD,425,426,,low,,low,,,
559,c5e913b9-9045-595e-a56b-a05934265699,Blue-speckled Shrimpgoby,Cryptocentrus caeruleomaculatus,pending_review,identity confidence is below the inclusion threshold; account transcription confidence is not high; identification descriptions are not high-confidence transcriptions,True,SRC-60AEC515,304,305,bl,high,85.7,medium,,,ID: About 8 irregular greenish brown bars with narrow pale spaces between; tiny blue spots and pink to reddish markings on head and body. Share burrow with alpheid shrimp. Lagoon and sheltered reefs to 6 m.
560,9139afe9-62bc-516d-aed7-6144bc69b7ea,Australian Shrimpgoby,Joryphaena cinctus,pending_review,identity confidence is below the inclusion threshold; account transcription confidence is not high; identification descriptions are not high-confidence transcriptions,True,SRC-453B509F,305,306,tr,low,,low,,,ID: Dark brown;
561,0dd03178-a273-509f-a1d8-8de46386a0c4,Lagoon Shrimpgoby,Cryptocentms cyanotaenia,pending_review,account transcription confidence is not high; identification descriptions are not high-confidence transcriptions,True,SRC-757273A1,305,306,mr,high,100,medium,,,"ID: Gray with 14-15 narrow white bars; white line and spot markings on head, yellow margin on 1st dorsal fin, blue streaks on 2nd dorsal, anal and tail fins. Share burrow with alpheid shrimp. Sheltered reefs to 10 m."
562,2236afd6-7658-5782-b578-3985f74beffd,Barred Shrimpgoby,Cryptocentrus fasciatus,included,,True,SRC-B3520529,305,306,bl,high,100,high,,,"ID: Pale with 4 brown occasionally irreguiar bars; white or bluish streaks and spots on head, ventral and anal fins unmarked dorsal fins. Share burrow with alpheid shrimp. Sheltered sand and mud bottoms to 15 m."
563,ee728389-1916-5add-9641-d3bb8a960543,Inexplicable Shrimpgoby,Cryptocentrus inexplicatus,pending_review,account transcription confidence is not high; identification descriptions are not high-confidence transcriptions,True,SRC-F1B2B55E,306,307,tl,high,100,medium,,,"ID: Grayish with several dark bars on side; 3-4 black spots on rear edge of gill cover, irreqular dark markings on top of head (sometimes cheek} and upper body. Share burrow with alpheid shrimp. Sheltered reefs to 5 m."
564,2a1e96ec-da55-5e12-9f60-388524562a56,Australian Shrimpgoby,Cryptocentrus insignitus,pending_review,account transcription confidence is not high; identification descriptions are not high-confidence transcriptions,True,SRC-C90F610A,306,307,tr,high,100,medium,,,"ID: Pale brown with white spotting; several irregular brown bars or saddles on body, large ocellated spot on 1st dorsal fin. Share burrow with alpheid shrimp. Sheltered sand and mud bottoms in 4-35 m. es"
565,68a3275c-99c6-532e-8d11-b8cc076fc40e,Pink-spotted Shrimpgoby,Cryptocentrus leptocephalus,pending_review,identity confidence is below the inclusion threshold; account transcription confidence is not high; identification descriptions are not high-confidence transcriptions,True,SRC-19BD20C2,306,307,ml,medium,76,medium,,,"ID: Pale brown with 6 -7 brownish body bars; pink to red spots and smaller white spots on head, back and dorsal fins. Share burrow with alpheid shrimp. Sheltered sand and mud bottoms to 10 m, often near mangroves."
566,1c1d3290-149c-52f2-8b26-42482b6b61be,Saddled Shrimpgoby,Cryptocentzus leucostictus,pending_review,account transcription confidence is not high; identification descriptions are not high-confidence transcriptions,True,SRC-B54480B6,307,308,bl,high,100,medium,,,"ID: Dark brown with white lips, snout and top of head several white saddies on back. Share burrow with a large undescribed alpheid shrimp. Sand bottoms of lagoons and seaward reefs in 2-25 m."
567,9ff8fd9a-a922-54c6-b9a2-888ac562b070,Gold-streaked Shrimpgoby,Joryphaena pavonioides,pending_review,identity confidence is below the inclusion threshold; account transcription confidence is not high; identification descriptions are not high-confidence transcriptions,True,SRC-2E3AE964,308,309,tl,low,45.4,medium,,,orange cxang lan nd peso white spot fot on on upper pecs fa spots; wh et pecoral fn Hagoo sad seuwatd teat open in 2 on -
568,1fadcc3a-3a5b-50ed-b849-e4207e674c8d,Blacktip Shrimpgoby,Cryptocentrus polyophthalmus,pending_review,identity confidence is below the inclusion threshold; account transcription confidence is not high; no identification description,True,SRC-CF30FA12,306,307,br,high,84.3,medium,,,
569,f4158401-e719-50ea-b6d3-2c1a57681643,Target Shrimpgoby,Cryptocentrus strigilliceps,pending_review,identity confidence is below the inclusion threshold,True,SRC-2E9E955E,306,307,mr,high,83.9,high,,,"ID: Pale brown with broad irregular brown bands: several black spots on mid-side, 1st bordered with white spots. Share burrow with alpheid shrimp. Lagoon and shallow shoreline reefs to 10 m."
570,3323198f-ca7c-5131-8318-2ce2403fff86,Bluelipped Bristletooth,Ctenochaetus cyanocheilus,pending_review,account transcription confidence is not high; identification descriptions are not high-confidence transcriptions,True,SRC-87F5450E,52,53,ml,high,100,medium,,,"ID: Orange-brown with blue lines on body and smali pale yellowish spots on head, blue lips; narrow yellow ring around eye. Solitary or form groups; graze on algae. Lagoon and outer reef slopes to 35 m."
571,cb42cf5b-120e-5733-9dd4-5dce9a119160,Yawaiian Bristletooth,Ctenochaetus hawaiiensis,pending_review,identity confidence is below the inclusion threshold; account transcription confidence is not high; identification descriptions are not high-confidence transcriptions,True,SRC-D333105C,52,53,bl,high,82.9,medium,,,"ID: Dark olive-brown with numerous thin pale greenish stripes covering head, body, dorsal and anal fins. Solitary. Seaward rock and coral reefs in 10-45 m. and French Polynesia. 52"
572,3e0f5311-4ffa-514f-80cb-f0cfe4e8e1c7,Blue-spotted Bristletooth,Ctenochaetus marginatus,pending_review,account transcription confidence is not high; identification descriptions are not high-confidence transcriptions,True,SRC-F377AD87,53,54,tl,high,100,medium,,,"ID: Head pale brown, body bluish with numerous small white spots; white margin on base of anal fin, fins finely striped except pectorals, which have spots. Solitary or form groups. Seaward reef surge zones in 2-10 m. and rarely to 40 m."
573,6683edae-768d-5e74-b1d0-fe18e5559692,Lined Bristletooth,Ctenochaetus striatus,pending_review,account transcription confidence is not high; identification descriptions are not high-confidence transcriptions,True,SRC-ACAD3EEC,52,53,tl,high,100,medium,,,ID: Dark brown with numerous orange spots on head and blue lines on body; may display a small black spot at rear base of dorsal fin. Solitary or form groups; one of most abundant reef fishes. Lagoon and seaward reefs to 35 m.
574,0b9e25b8-0e0e-5a2e-ba2d-f939cb9c05ae,Orangetip Bristletooth,Ctenochaetus tominiensis,pending_review,account transcription confidence is not high; identification descriptions are not high-confidence transcriptions,True,SRC-D1D594A2,53,54,tr,high,100,medium,,,"ID: Brown with paler lower head, outer rear portion of dorsal and anal fins yellow orange, white tail. Solitary or form small groups. Coral-rich areas of lagoons and outer teef slopes in 5-40 m."
575,d78c432a-0f21-52a8-8259-299ac77aa5fb,Silverspot Shrimpgoby,Ctenogobiops crocineus,pending_review,identity confidence is below the inclusion threshold,True,SRC-C38C9DC3,308,309,tr,high,94.9,high,,,"ID: Whitish with dusky elliptical spots encircled by tiny blue spots; tiny orange spots behind eye, white spot on pectoral fin. Share burrow with alpheid shrimp. Coarse sand and mubble areas of lagoons and coastal reefs to 15 m."
576,7ea617e8-3082-5215-b9d4-b3ba2d2a6b4e,Sand Shrimpgoby,Ctenogobiops feroculus,pending_review,identity confidence is below the inclusion threshold; account transcription confidence is not high; identification descriptions are not high-confidence transcriptions,True,SRC-FFE8191C,308,309,ml,high,94.9,medium,,,"ID: Whitish with dusky elliptical spots encircled by tiny blue spots; 1st dorsal ray elongate in adults, white spot on pectoral fin lack orange spots on head of similar Silverspot Shrimpgoby [previous]. Lagoon and coastal reefs in 1-10 m."
577,11da2d83-d5da-56b5-9797-0f1476f77f2a,Gold-speckled Shrimpgoby,Ctenogobiops pomastictus,pending_review,identity confidence is below the inclusion threshold; account transcription confidence is not high; identification descriptions are not high-confidence transcriptions,True,SRC-C19F35AB,308,309,mr,high,95.6,medium,,,"ID: Whitish with brown elliptical spots encircled by tiny blue spots; white spot on pectoral fin, small orange spot between elliptical spots on mid-side. Share burrow with alpheid shrimp. Sheltered reefs in 2-26 m."
578,e3abf15d-9e3f-5035-a434-888aec8201d6,Tangaroa Shrimpgoby,Ctenogobiops tangaroai,pending_review,identity confidence is below the inclusion threshold; account transcription confidence is not high; identification descriptions are not high-confidence transcriptions,True,SRC-0BAFACC6,308,309,bl,high,94.9,medium,,,ID: Whitish with orange spots interspersed with tiny white or bluish spots; white spot on pectoral fin base; very tall 1st dorsal fin. Share burrow with alpheid shrimp. Lagoon and outer reef slopes in 2-40 m.
579,e2067c83-6703-5ab2-96c9-980b6c79f818,Crocodile Flathead,Symbacephalus beauforti,pending_review,account transcription confidence is not high; identification descriptions are not high-confidence transcriptions,True,SRC-01690474,383,384,tl,high,100,medium,,,"ID: Elongate flattened crocodile-like snout and head earthtone camouflage markings. Solitary; pale, darken and change colors to blend with surroundings. Sand, rubble and seagrass hear mangroves and reefs to 10 m."
580,00ce79f8-d243-5a43-9a86-7273fd1d3810,Knife Razorfish,Symolutes praetextatus,included,,True,SRC-13F117D5,231,232,br,high,100,high,,,"ID: Blunt snout; white, often with green to brown tint; faint irregular brown bars with white line running down back may display broad yellow stripe. Solitary; dive into sand when alarmed and to sleep at night. Extensive sand or weedy areas near reefs or lagoons in 2-10 m."
581,20d5f885-1f4a-5a26-ac5e-76198d3c480a,Collared Razorfish,Symolutes torquatus,pending_review,account transcription confidence is not high; identification descriptions are not high-confidence transcriptions,True,SRC-D84ECBBD,232,233,tl,high,100,medium,,,"ID: TP - Blunt snout; pale green to brown with numerous thin body bars; slanting dark bars just above pectoral fin ""collar"". Solitary; dive into sand when alarmed and to sleep at night. Extensive sand bottoms near reefs or lagoons in 2-15 m. | ‘brown: 4 dhe tron ana onan aemd ent, Salitary: ; ‘Extensive sand bottoms near reefs or lagoons in 16"
582,9163f2d4-bdf0-5560-8cb6-f4f3959c096a,Helmut Gumard,Jactyloptena orientalis,pending_review,identity confidence is below the inclusion threshold,True,SRC-4C385CDB,369,370,tl,high,89.1,high,,,"ID: Elongate rigid body with antenna-like dorsal fin ray above head and large wing-like pectoral fins with protruding filamentous tips. Solitary, “walk” on bottom with finger-like pelvic rays. Sandy areas near reefs to 68 m. !"
583,2f21c3d1-d195-5b96-9b21-c443f258e0ca,Fingered Dragonet,Jactylopus dactylopus,pending_review,no identification description,True,SRC-C636AE81,289,290,tl,high,100,high,,,
584,79bcdf3f-3b94-5789-91c4-18afef5b8ef7,Orange & Black Dragonet,Jactylopus kuiteri,pending_review,identity confidence is below the inclusion threshold,True,SRC-8255791D,289,290,ml,high,95.9,high,,,"ID: Spotted in shades of brown; very long 1st dorsal fin with large ocellated spot near rear base, (Similar Finger Dragonet female [previous | has shorter ist dorsal.); bright blue spots on anal fin. Solitary or in pairs. Sand bottoms to 40 m. | ;: Spotted in shades of brown: ‘doreal. ba ie aoe big bi Duniener furor |i shor itl) i np called Bal bo Fone oa Slot in donee"
585,236956d8-9db8-5b43-8ce0-0e77823c9552,Dampier ‘ingray,Jampierosa daruma,pending_review,identity confidence is below the inclusion threshold,True,SRC-9278B042,380,381,mr,medium,75.1,high,,,"ID: Large rounded head, no apparent scales with velvet-like skin texture; variable colors often with irregular white patches and usually banded pectoral fins. Solitary. Sand or mud bottoms of coastal reefs with large tides to 15 m."
586,fccd44ec-cace-5d14-98e6-d74b06dde555,Humbug Dascyllus,Jascyllus aruanus,pending_review,account transcription confidence is not high; identification descriptions are not high-confidence transcriptions,True,SRC-53FE43A6,77,78,bl,high,100,medium,,,"ID: White with 3 black bars, black ventral fin; large white spot between eyes. Form groups, shelter among branching corals when threatened. Inshore and lagoon reefs to 12 m."
587,2b714eb6-89fc-5942-a060-85446510fe4d,Orangfin Dascyllus,Jascyllus auripinnis,pending_review,identity confidence is below the inclusion threshold; account transcription confidence is not high; identification descriptions are not high-confidence transcriptions,True,SRC-1BABEA92,77,78,mr,high,94.3,medium,,,"ID: Bnght orange ventral, anal, and tail fins, and yellow orange hue on lower body. Usually form groups near anemones. Coral and rocky reefs in 3-45 m."
588,0749ae93-5364-52dc-a3e8-4414db9bf635,Indian Dascyllus,Jascyllus carneus,pending_review,identity confidence is below the inclusion threshold; account transcription confidence is not high; identification descriptions are not high-confidence transcriptions,True,SRC-E36B0CAB,78,79,tl,high,90.5,medium,,,"ID: Tan head, white body with diffuse black bar between broad black margin on dorsal fin. Form groups: shelter within branching corals when threatened. Inshore and outer reefs in 5-35 m."
589,77ece116-4591-5756-a375-a7df18e4494f,Palespot Damsel,Dischistodus chrysopoecilus,pending_review,account transcription confidence is not high; identification descriptions are not high-confidence transcriptions,True,SRC-4042C38B,79,80,tl,high,100,medium,,,"ID: Dark brown; pale bar across nape, yellowish line and spots on head; white spot on middle of upper back. Nest-guarding tales (shown here) display light gray head, forebody and tail. Solitary or form loose groups to 5 m."
590,7b3f6814-62f7-59ba-a832-b0c9b562b8af,Yellow-tailed Dascyllus,Jascyllus flavicaudus,pending_review,account transcription confidence is not high; identification descriptions are not high-confidence transcriptions,True,SRC-C75D0633,77,78,tl,high,100,medium,,,"ID: Medium brown to dark brown, rear dorsal and tail fins slightly yellow to transparent; black spot on upper pectoral fin base. Form groups near coral heads or anemones in 3-40 m."
591,407f3be8-7b60-51e8-bf9f-478667072e06,Black-tailed Dascyllus,Jascyllus melanurus,included,,True,SRC-EA2DA653,77,78,br,high,100,high,,,ID: White with 3 black bars; large white spot between eyes extends to lips: black rear half of tail. Form groups; shelter within branching corals when threatened. Inshore and lagoon reefs to 12 m.
592,fde60643-ffe0-58ec-ae74-f98d4929872a,Reticulated Dascyllus,Jascyllus reticulatus,pending_review,account transcription confidence is not high; identification descriptions are not high-confidence transcriptions,True,SRC-316826EE,78,79,tr,high,100,medium,,,"ID: White to tan with diffuse black bar behind head, often rear body and tail dusky; usually small blue spots on head; black margin on dorsal fin. Shelter within branching corals on inshore and outer reefs to 50 m."
593,5c2bfdc7-5501-569b-9fc9-1ad139983c51,Three-spot Dascyllus,Jascyllus trimaculatus,pending_review,identity confidence is below the inclusion threshold; account transcription confidence is not high; identification descriptions are not high-confidence transcriptions,True,SRC-2F301E97,77,78,tr,high,94.2,medium,,,"ID: Gray with black scale edges, fins dark except rear dorsal occasionally a suffusion of yellow or orange on head and breast. Usually form groups. Coral and rocky reefs to 55 m."
594,76f3c3c6-b3b5-5477-847c-569e9eea15a9,Blue-spotted Ray,Jasyatis kuhlii,pending_review,identity confidence is below the inclusion threshold,True,SRC-967B40E6,456,457,tr,high,87.1,high,,,ID: Brown to olive with blue spots and small black spots; short pointed snout and sharply rounded “wings”; tapering tail as long or longer than diameter of disc and marked with white bars. Solitary. Rest on sand of lagoons and seaward reefs to 90 m.
595,98dbd785-4425-595d-a621-a263285036fd,Mackerel,Jecapterus macarellus,included,,True,SRC-0D4924A5,129,130,bl,high,100,high,,,"1D: Silvery: very slender, neatly cyindion! in cross paction; mall mouth, jaw does: nok extond below eye; Bia spot 00 edge of gill cover. Porm lange schools. Coastal, Iagoonsand © outer n0efs to: 360m,"
596,71ede081-be99-50a9-b53a-bc7a9362ea39,Russell's Mackerel,Jecapterus russelli,pending_review,identity confidence is below the inclusion threshold,True,SRC-8380D424,129,130,mr,high,89.8,high,,,"ID: Silvery, tail translucent to dusky yellow; slender, nearly cylindrical in cross section; large mouth, jaw extends to below fore-eye; dusky spot on edge of gill cover; scutes only on rear lateral line. Form schools. Coastal reefs to 300 m."
597,3718ffc1-c36a-587e-a7e9-62bf93efae61,Twinspot Lionfish,Jendrochirus biocellatus,pending_review,no identification description,True,SRC-8025B6DB,369,370,br,high,100,high,,,
598,1afd6043-954c-5aee-a6fd-cdb1a808381d,Shortfin Lionfish,Jendrochirus brachypterus,pending_review,identity confidence is below the inclusion threshold; account transcription confidence is not high,True,SRC-4CD8093A,369,370,ml,low,,low,,,"WD: Red: to brown and ‘yellow with fan-tike non-filamentous Sarin ip oon eer te 5 eye. or staal groupe, Sand of coastal reals and lagoons in 2-30 m."
599,981e577f-fb8e-5515-8bcc-cefaa0be0f78,Gumard Lionfish,Jendrochirus zebra,pending_review,identity confidence is below the inclusion threshold; account transcription confidence is not high; identification descriptions are not high-confidence transcriptions,True,SRC-071877D4,371,372,mr,low,42.4,medium,,,"‘ID: White with brown bars; thread-like filaments on dorsal =—-_sppisie's nnd outermost rays of tail, non-filamentous fan-like ‘ceva fine with fina Hiss bens a itera aac. Salary, ‘sometimes partly buried. Mud and sand in 3-300 m."
600,20534d3f-c1b8-5654-8fb8-c233e035a783,Silver Sweetlips,Jiagramma pictum,pending_review,account transcription confidence is not high,True,SRC-1174403A,173,174,mr,high,100,medium,,,"ID: Unmarked silvery gray except dark spotting on dorsal and tail fins. Solitary or form group. Sand bottoms of coastal teefs and lagoon in 5-40 m. | TD: Unmarked silvery -eacept dark spotting on. dorsal. tani tall fins Slery os fora group. Sand bottors of conta Te root ate Redten tase ont Pact: Rod Goa nt Afton so Vanna, sw. —“C:tssSC‘CSCOCd"
601,2f7d432a-812d-5e97-ad87-2b21aea92534,Somber Sweetlips,Jiagramma sp,pending_review,identity confidence is below the inclusion threshold; account transcription confidence is not high; identification descriptions are not high-confidence transcriptions,True,SRC-E29FA721,172,173,br,low,,low,,,1D: Brown with large white spote with dark borders. Solitary; remain emain close to shelter. Swim with peculiar or toxic flatwonns.
602,f1bb3147-6ca5-5015-9104-9787647fbeed,Balloonfish,Jiodon holocanthus,pending_review,no identification description,True,SRC-1954D24F,421,422,tr,high,100,high,,,
603,58e0372a-a2d7-53b5-8548-b88b40484bb6,Blacklip Ponyfish,Jiodon hystrix,pending_review,identity confidence is below the inclusion threshold; account transcription confidence is not high; identification descriptions are not high-confidence transcriptions,True,SRC-4DC5649F,421,422,tl,medium,77.4,medium,,,"ID: Yelow-brown to brown, olive or gray with white underside numerous short to medium movable spines; numerous small black spots on head, hody and fins. Solitary, except when courting. Coral and rocky reefs to 50 m."
604,764e5612-6640-5747-a42d-a0af41b506c0,Rcupinefish,Jiodon liturosus,included,,True,SRC-77B7C6B5,421,422,ml,high,100,high,,,"ID: Brown with numerous short to long movable spines; large dark brown to black blotches with white margins on back and around and below eye. Solitary. Coral reefs to 90 m. Indo-Pacific; Red Sea and E. Africa to Micronesia, Society Is. in French Polynesia. - S, Japan to S.E. Australia."
605,62e68679-5875-5577-9228-7f44e66ccdf1,Goram Dragonet,Jiplogrammus goramensis,pending_review,no identification description,True,SRC-7F1017CC,293,294,tl,high,100,high,,,
606,8f25dca9-c0d2-53e8-9f6e-a37328650c6f,Northern Dragonet,Jiplogrammus xenicus,pending_review,account transcription confidence is not high; identification descriptions are not high-confidence transcriptions,True,SRC-26A1AE05,293,294,tr,high,100,medium,,,ID: Shades of brown with irreguiar bands on body; blue scribble markings on snout and cheek; horizontal ridge on lower side marked with altemating black and white bars. Solitary or in pairs. Sand and rubble bottoms in 2-30 m.
607,8796d848-167e-5b72-b53b-799ee26ba039,Doublebanded Soapfish,Jiploprion bifasciatum,pending_review,account transcription confidence is not high; identification descriptions are not high-confidence transcriptions,True,SRC-49B2A79A,165,166,br,high,100,medium,,,"ID: Yellow head, body and fins; dark brown to black eye bar and broad bar from mid-dorsal fin to anal fin. Solitary or form small groups. Coastal reefs, often in turbid water in 1-18 m."
608,68577542-cd39-5214-b2ad-bc521f5ef3be,Yellowtail Tubelip Wormfish,Jiproctacanthus xanthurus,pending_review,common name duplicates another otherwise eligible row,True,SRC-E98EDF73,235,236,tl,high,100,high,,,"ID: 1P/IP - White with yellow tail; dark brown stripe on back black stripe from snout through eye to tail. JP - Similar, but black tail; act as cleaners. Solitary. Sheltered reefs in 3-25 m."
609,9dd63b0c-dae0-5d6b-8c3c-e899420793a2,Mottled Fusilier,Jipterygonatus balteatus,pending_review,account transcription confidence is not high; identification descriptions are not high-confidence transcriptions,True,SRC-7B6D0897,140,141,br,high,100,medium,,,"ID: Brownish to bronze back, silvery below; pair of thin dark wavy stripes on back and pale tan stripe below, dark tail tips. Form aggregations, often mix with other fusiliers. Coastal lagoons and seaward reefs to 20 m."
610,99d6e6f4-a424-5495-8f1c-68305e82ccda,Darwin Damsel,Jischistodus darwinensis,pending_review,account transcription confidence is not high; identification descriptions are not high-confidence transcriptions,True,SRC-E5CEA60A,79,80,br,high,100,medium,,,"ID: White with five brown bars; often yellowish upper head and back, Coral or rock outcroppings on sheltered shoreline Teefs with silt and sand bottoms to 8 m."
611,1d0a742f-2143-5447-bf83-e791b2f92588,Banded Damsel,Jischistodus fasciatus,included,,True,SRC-0ED54F17,79,80,bl,high,100,high,,,ID: Pale with dark bar through eye; wide brown body bar. ] Shoreline and lagoon reefs with silt and sand bottoms to 8 m. i
612,4cbffbae-c03a-5b3d-a315-dca531bd2337,Blackvent Damsel,Jischistodus melanotus,pending_review,account transcription confidence is not high; identification descriptions are not high-confidence transcriptions,True,SRC-1CCDB837,78,79,bl,high,100,medium,,,ID: White with broad brown area on upper head and forebody dark brown patch on belly; large pale spots on gill cover. Solitary. Lagoon and inshore coral reefs to 10 m.
613,a181ae3d-5572-5f97-8e15-ff3a86c40b67,White Damsel,Jischistodus perspicillatus,pending_review,account transcription confidence is not high; identification descriptions are not high-confidence transcriptions,True,SRC-B648E8BA,78,79,ml,high,100,medium,,,"ID: White; highly variable markings include 2 or 3 black to dusky spots, saddles or bars on forehead, mid-back and rear back. Solitary or form groups. Lagoon and inshore reefs with sand, silt and seagrass bottoms to 10 m. East Indo- West Pacific. Andaman Sea to N.W. Australia, Great Barrier Reef and Vanuatu, north to Palau and Philippines."
614,2661a951-7378-5337-b230-08fd458c7bd5,Honeyhead Damsel,Jischistodus prosopotaenia,pending_review,account transcription confidence is not high; identification descriptions are not high-confidence transcriptions,True,SRC-3FE17937,78,79,br,high,100,medium,,,tail; hisck blotch below front dorsal fin. Solitary or focm loose grape lane sheet WAS dete eos
615,80f3a629-f926-58c8-8fe4-f7b65fa06e6d,Monarch Damsel,Jischistodus pseudochrysopoecilus,pending_review,account transcription confidence is not high,True,SRC-FEFFF91F,79,80,ml,high,100,medium,,,"ID: Dark brown (almost black) with blue streak on each scale blue lines and spots on head, white spot on middle of upper back. Coral thickets interspersed with open sand or dead coral to 5 m. | 1D: Dark brown {almoet: whb bine streak. on each scale; bine Eines and spots ca: white spot on middle of upper. back. Coral thickets interspersed with.open.eandor.desd —_ corel to 620,"
616,434e7ae5-2763-5bb2-9616-b87b09c07fdf,Spikefin Goby,Jiscordipinna griessingeni,pending_review,identity confidence is below the inclusion threshold; account transcription confidence is not high; identification descriptions are not high-confidence transcriptions,True,SRC-179BCFA2,317,318,ml,high,92.1,medium,,,"ID: White with dark spots on head; wide, spotted red upper borders on dorsal and anal fins and red border on pectoral fin elongate red spike-like 1st dorsal fin. Solitary. Mixed coral sand and rubble bottoms in 5-30 m."
617,d2361509-272d-5cff-bf2b-07ff4e96c330,Ringed Pipefish,Doryrhamphus dactyliophorus,pending_review,identity confidence is below the inclusion threshold,True,SRC-F84915F2,428,429,mr,medium,80.6,high,,,ID: Red to maroon and white alternating bars encircle body red tail with white margin and central white spot. Solitary in pairs or small aggregations. Caves or ledges of coastal lagoon and outer reefs to 55 m.
618,d4673278-c589-50f3-ae59-91627ec9d843,Bluestripe Pipefish,Doryrhamphus excisus,pending_review,identity confidence is below the inclusion threshold; account transcription confidence is not high; identification descriptions are not high-confidence transcriptions,True,SRC-0F57CCC4,427,428,br,high,95.5,medium,,,"ID: Orange-brown: wide blue stripe from snout to tail base circular tail with orange fan marking on base with single spot behind. Solitary or in pairs: a cleaner. Ceiling of caves or under ledges in coastal, lagoon and outer reefs to 45 m."
619,f8e56f02-cd4e-5516-8123-788a62188197,Cleaner Pipefish,Doryrhamphus janssi,pending_review,identity confidence is below the inclusion threshold,True,SRC-8F38D8EE,428,429,tr,medium,73.8,high,,,ID: Orange mid-body with blue head and rear body: black tait with white margin and center spot. Solitary or in pairs; an active cleaner. Reef crevices of primarily seaward Teef slopes m 5-35 m.
620,3e2607fc-d268-59d4-a6fa-8af5144a013a,Ringed Pipefish,Doryrhamphus japonicus,pending_review,identity confidence is below the inclusion threshold; account transcription confidence is not high; identification descriptions are not high-confidence transcriptions,True,SRC-9F53A066,428,429,tl,high,87.2,medium,,,"ID: Orange-brown; black margined narrow blue strip from snout to tail base, circular tail with 3 orange spots, Solitary or in pairs; a cleaner. Often near sponges and Diadema urchins in coastal, lagoon and outer reefs to 30 m."
621,7004a4ec-5671-5d53-9246-0736abd9aebe,Many-banded Pipefish,Doryrhamphus multiannulatus,pending_review,identity confidence is below the inclusion threshold; no identification description,True,SRC-B62A795B,428,429,br,medium,78.6,high,,,
622,e8628a84-8f19-50aa-bc0a-1e77b3fcb850,Flagtail,Doryrhamphus negrosensis,pending_review,identity confidence is below the inclusion threshold,True,SRC-8D8812FD,428,429,ml,high,87,high,,,ID: Blue to blue-gray; pale stripe on top of snout and head blackish tail with orange base and white margin. Solitary in pairs or small groups. Inside reef crevices or shelter among sea urchin spines of protected reefs to 20 m.
623,2f64564c-fd23-5593-972d-ebd376442a2f,Orange-banded Pipefish,Doryrhamphus pessuliferus,pending_review,identity confidence is below the inclusion threshold,True,SRC-A4476330,428,429,bl,high,97.1,high,,,"ID: Numerous alternating narrow red to black and yellow- orange bars encircle body, red tail with yellow central spot and white upper margin. Solitary or in pairs. Isolated coral patches on sand and mud slopes of coastal reefs in 15-35 m."
624,cd423477-2b9b-554e-9818-664eb46dd4dd,Masked Moray,Gymnothorax breedeni,pending_review,identity confidence is below the inclusion threshold; account transcription confidence is not high; identification descriptions are not high-confidence transcriptions,True,SRC-B0B9041C,437,438,tl,medium,80.4,medium,,,"ID: Brown with tan flecks: black blotchy band from eye to behind mouth and black blotch over gill opening, Solitary can be aggressive toward divers. Inhabit reef crevices of outer reef slopes in 4-25 m."
625,dbb2f628-45f6-50fc-a80b-eda363065102,Enigmatic Moray,Gymnothorax buroensis,pending_review,identity confidence is below the inclusion threshold; account transcription confidence is not high; identification descriptions are not high-confidence transcriptions,True,SRC-22161EDF,437,438,bl,high,87.3,medium,,,"ID: Small; light brown head and front body becoming dark brown over rear with small black spots and white flecks yellow fin margins. Solitary. Inhabit coral branches, crevices and algal beds of lagoon and seaward reef slopes in 2-24 m."
626,324f7fbb-6f78-5dde-9179-43b7015af665,Whitelip Moray,Gynmnothorax chilospilus,pending_review,identity confidence is below the inclusion threshold; account transcription confidence is not high; identification descriptions are not high-confidence transcriptions,True,SRC-783046C5,440,441,tr,high,88.5,medium,,,ID: Mottled reddish brown and white with irregular dark brown bars and blotches; several sensory pores on jaws frequently surrounded by large white spots. Solitary. Inhabit crevices and fissures of lagoon and outer reefs slopes in 1-45 m_
627,80d44e2a-9643-55a1-8980-2add36929b42,Chlamydatus Moray,Gymnothorax chlamydatus,pending_review,identity confidence is below the inclusion threshold; account transcription confidence is not high; identification descriptions are not high-confidence transcriptions,True,SRC-89AF1C91,437,438,tr,high,97.4,medium,,,"ID: White with 13 black encircling bars; small black spots and blotches on head and in white spaces between bars. Solitary, anter sand burrows tail first, head often exposed. Inhabit sand areas in 12-30 m."
628,ebdd07ce-1d7e-55a8-9f6f-3161ba971291,Australian Moray,SCIUCNa cribroris,pending_review,identity confidence is below the inclusion threshold; account transcription confidence is not high; identification descriptions are not high-confidence transcriptions,True,SRC-C1BF44B6,440,441,mr,medium,62.7,medium,,,"1D: Pale brown with darker irregular netted pattem: on body and fins; Prete epee pe moeny eaer mein ‘Solitary. Inhabit crevices and recebses during day, hunt in pana night Tide pons, agvons, fore-reet ‘bays and slopes 15m."
629,4e60fb36-6a0e-5169-a381-8a5fbffc5eb6,Finespeckled Moray,Echidna delicatula,pending_review,account transcription confidence is not high; identification descriptions are not high-confidence transcriptions,True,SRC-F304D98C,436,437,br,high,100,medium,,,"ID: Tan to dark brown with fine yellowish speckles; speckles of young [pictured] join to form reticulations. Solitary and cryptic. Inhabit cracks, crevices and deep recesses of inshore reefs and reef flats to 15 m."
630,19b41ef9-f899-5cb6-9921-1da6decf8359,Enigmatic Moray,Gymnothotax enigmaticus,pending_review,identity confidence is below the inclusion threshold; account transcription confidence is not high; identification descriptions are not high-confidence transcriptions,True,SRC-94B8F72A,438,439,br,high,97.4,medium,,,"ID: Whitish with brown mottling and approximately 20 dark faint on body. Jevenies - Bright white with black encircling bars. Solitary, in open at night. Lagoon and outer reefs in 1-15 m."
631,f9c3b54c-8ffe-5e3b-acf6-2614dcafd583,Stout Moray,Gymnothorax eurostus,pending_review,identity confidence is below the inclusion threshold; account transcription confidence is not high; identification descriptions are not high-confidence transcriptions,True,SRC-CA5453E0,440,441,tl,high,96.4,medium,,,ID: White to yellowish brown with dark irregular netted markings and spots becoming darker toward tail. Solitary. Inhabit reef crevices of rocky shores and seaward reefs in 1-25 m.
632,8ef8c40c-4b53-5a1a-8168-31ba296605a8,Blackspotted Moray,Gymnothorax favagineus,pending_review,identity confidence is below the inclusion threshold,True,SRC-6A2437BD,439,440,br,high,90.8,high,,,ID: White to yellow with black leopard-like spotting; young have larger and fewer spots; large adults have smaller spots that form honeycomb-like pattern. Solitary. Inhabit reef crevices of lagoon and outer reefs in 1-50 m.
633,2e973fd6-472e-5633-934a-0e5c06681898,Fimbriated Moray,Gymnothorax fimbriatus,pending_review,identity confidence is below the inclusion threshold,True,SRC-43B65A6C,438,439,tl,medium,75.7,high,,,"ID: Shades of brown to dirty white with highly variable pattem of widely spaced irregular dark brown to black spots, partial bars and bands. Solitary. Reef crevices and debris such as coconut jogs and wood planks of lagoon and outer reefs in 7-50 m."
634,7ef323af-ce8b-5f84-b12a-78704d2c229c,Yellowmargin Moray,Gymnothorax flavimarginatus,pending_review,identity confidence is below the inclusion threshold; identification descriptions are not high-confidence transcriptions,True,SRC-8405E7F1,439,440,tl,high,98.4,high,,,"capaho fon ck org orange body densely: ce deck brown, fb ‘opening, orange iris. Solitary and curious, head frequently ‘Protrndien from ree{ recess, Lagoon andl outer roots 1- 160m."
635,b4af9066-fd9e-53fe-a10a-53d1d8b09f74,Slendertail Moray,Gymnothorax gracilicauda,pending_review,identity confidence is below the inclusion threshold; account transcription confidence is not high; identification descriptions are not high-confidence transcriptions,True,SRC-717697A8,438,439,ml,medium,79.6,medium,,,"ID: Whitish to pale brown with over 30 dark bars which do not extend over the dorsal fin as on similar Enigmatic Moray [following]. Solitary, hide inside crevices and reef recesses during day. Lagoon reefs and fore-reef slopes to 20 m."
636,93a6862e-8326-5788-b0fe-de32eed21cad,Palechin Moray,Gymnothorax herrei,pending_review,identity confidence is below the inclusion threshold; account transcription confidence is not high; identification descriptions are not high-confidence transcriptions,True,SRC-BFBBC7B4,437,438,mr,high,95.6,medium,,,"ID: Brown with whitish lower head and pale tail tip. Solitary or form groups in reef crevices; engage in mass spawning with multiple males entwined around a single female. Coastal Teefs and tide pools in 1-10 m, often in turbid water."
637,bea4ea3b-4537-508e-a0ce-22cccc8afb15,Spotted Moray,Gymnothorax isingteena,pending_review,identity confidence is below the inclusion threshold,True,SRC-B9E6A0F2,439,440,bl,high,97.1,high,,,"ID: Whitish with irregular black spots occasionally joining to form circular markings. Solitary, heads often protrude from crevices, Inhabit coral outcroppings of coastal reefs and outer slopes in 3-30 m."
638,25a26fc7-490a-544c-ac44-eb7aed59a32a,Giant Moray,Gymnothorax javanicus,pending_review,identity confidence is below the inclusion threshold; account transcription confidence is not high; identification descriptions are not high-confidence transcriptions,True,SRC-494D45A0,439,440,mr,high,96.8,medium,,,"ID: Brown with irregular dark brown spots on head, body and fins; black blotch on gill opening. Solitary. most common large moray. Inhabit reef holes of lagoon and outer reefs in 1-46 m."
639,a8be597f-0257-5453-943f-109f7ddc7882,White-margined Moray,Gymnothorax melatremus,pending_review,identity confidence is below the inclusion threshold; account transcription confidence is not high; identification descriptions are not high-confidence transcriptions,True,SRC-81B56B68,437,438,ml,high,84.3,medium,,,"ID: Variable from brown to yellow sometimes with dark brown markings; bluish iris with bar and dark ring around eye. Solitary and secretive, rarely in open. Inhabit reef crevices primarily outer reef slopes in 9-56 m."
640,cfd3ef71-c1a2-536b-91ea-c3c224cb0b34,Whitemouth Moray,Gymnothorax meleagris,pending_review,identity confidence is below the inclusion threshold,True,SRC-FABC0DA3,439,440,tr,high,96.8,high,,,"ID: Dark brown with numerous close-set white spots; inside of mouth and tip of tail white. Solitary, head frequently Protrudes from reef recess. Lagoon and outer reefs in 1-36 m."
641,f939e483-b88a-5e39-8882-c9ec0c430b10,Minor Moray,Gymnothorax minor,pending_review,identity confidence is below the inclusion threshold; account transcription confidence is not high; identification descriptions are not high-confidence transcriptions,True,SRC-EB57E727,438,439,mr,high,95,medium,,,"ID: Whitish with brown mottling and numerous pale flecks approximately 18 dark brown bars encircle body and fins. Solitary. Inhabit reef crevices of coastal, lagoon and outer reefs in 2-100 m."
642,59011aa3-4966-5e60-a621-2e2b9d02aae4,Snowflake Moray,Echidna nebulosa,pending_review,identity confidence is below the inclusion threshold; account transcription confidence is not high; no identification description,True,SRC-7C1C408F,436,437,ml,high,88.1,medium,,,
643,a73d6f33-799a-5a62-8a81-36b1f9a7672a,Yellowmouth Moray,Gymnothorax nudivomer,pending_review,identity confidence is below the inclusion threshold,True,SRC-516052F4,439,440,ml,high,96.1,high,,,"ID: Light brown head and front body gradating to dazk brown toward rear with numerous small white spots; inside of mouth yellow, dark blotch on gill open. Solitary, produces skin toxin. Inhabit crevices of mainly outer reefs in 5-165 m."
644,c5a295e1-e2cc-5b7d-ad66-b5008282d334,Barred Moray,Echidna polyzona,included,,True,SRC-ED0852A1,436,437,tr,high,100,high,,,ID: Lightly mottled shades of brown with 25-30 indistinct often encircling bars; dark patch on corner of jaw. Solitary. Inhabit crevices of reef flats and lagoons in 1-15 m.
645,9c66c1c7-58ab-5cb6-b259-5e2dd1223962,Reticulated Moray,SCIUCNa richardsoni,pending_review,identity confidence is below the inclusion threshold; account transcription confidence is not high; identification descriptions are not high-confidence transcriptions,True,SRC-D490E827,440,441,ml,medium,71.2,medium,,,"ID: White to tan with dense brown reticulum oa bead, body ‘and fing. Solieary. Inbabit reef crevicss and rubiie of shallow teed fiats-and estuaries in 1-12 m0, Indlo-Patdfic: Red See anid E. Aftica to Cook Js. aiid Socity Is. in French Polynesia, noth to 8.W. Japan."
646,c06b6976-d850-50b3-9b4f-1aa385c4aa08,Yellow-headed Moray,Gymnothorax rueppelliae,pending_review,identity confidence is below the inclusion threshold; account transcription confidence is not high; identification descriptions are not high-confidence transcriptions,True,SRC-BF24257F,438,439,bl,high,97.4,medium,,,"ID: White to light grayish brown with 16-21 dark brown bars encircling body and fins; top of head yellow to brownish yellow, dark spot on rear comer of mouth. Solitary, nocturnal. Inhabit reef crevices of lagoon and outer reefs in 1-30 m."
647,62f8ffb0-d70b-54b3-84d2-5be165acd17c,Indian Mud Moray,SCIUCNa tile,pending_review,identity confidence is below the inclusion threshold; account transcription confidence is not high; no identification description,True,SRC-F7900D1C,440,441,,low,,low,,,
648,a971afb9-9d8d-5f4c-b8b3-9d84245fe02d,Undulated Moray,Gymnothorax undulatus,pending_review,identity confidence is below the inclusion threshold; account transcription confidence is not high; identification descriptions are not high-confidence transcriptions,True,SRC-1CEAE7D0,440,441,br,high,96.8,medium,,,"ID: Pale brown to yellowish brown to brown with close-set iregular dark brown blotches and smail spots, blotches often merge to form irreguiar bars rear body and fins. Solitary. Inhabit reef flats, lagoons and outer slopes to 50 m."
649,c3ce0232-7d69-5fd9-b9cc-1cfdf3106acb,Long-jawed Moray,Channomuraena vittata,pending_review,account transcription confidence is not high; identification descriptions are not high-confidence transcriptions,True,SRC-B3A93F96,441,442,tr,high,100,medium,,,"ID: Light brown with wide black bars encircling body large mouth gape, eyes far forward, no fins. Solitary and secretive. Inhabit ledges and caves of outer reef slopes in 7-40 m."
650,47a1871d-82ab-5bcb-abe6-e8cba5009577,Barred-fin Moray,Gymnothorax zonipectis,pending_review,identity confidence is below the inclusion threshold; account transcription confidence is not high; identification descriptions are not high-confidence transcriptions,True,SRC-102A4403,441,442,tl,high,97.1,medium,,,"ID: Tan with 2-4 longitudinal rows of brown blotches on body and bands on fins: pale bands and blotches on jaws dark brown band at rear edge of eye. Solitary, Inhabit reef crevices, mainly of outer slopes in 4-40 m."
651,7f000b1d-8c7b-5f40-ac91-2ae88d6d6637,Cheek-streaked Goby,Echinogobius hayashii,pending_review,account transcription confidence is not high; identification descriptions are not high-confidence transcriptions,True,SRC-DF45EF52,313,314,mr,high,100,medium,,,"ID: Elongate; whitish body with brownish spots and blotches light blue or pearly lines/streaks on head and front of body, blue rimmed spots on tail. Solitary on open sand or live in burrow without shrimp. Sheltered waters in 3-18 m."
652,02acb9e9-2db3-5ec4-8b00-810fcafc46ae,Allen's Blenny,Ecsenius alleni,pending_review,identity confidence is below the inclusion threshold; account transcription confidence is not high; identification descriptions are not high-confidence transcriptions,True,SRC-0FBD290A,348,349,tr,high,91.5,medium,,,"ID: Shades of brown with white underside; ocellated spot at pectoral fin base, 10-12 narrow biack saddles on back brown bars on sides. Solitary or form small groups. Lagoon and outer reefs and isolated outcroppings to 15 m."
653,30a04345-d339-52de-b737-bcad5e91cfd8,Australian Blenny,Ecsenius australianus,included,,True,SRC-AA94B4EA,347,348,ml,high,100,high,,,"ID: Reddish brown; dark brown stripe with pale margins behind eye, double row of narrow rectangular white markings on side. Solitary or form small groups. Coral areas in lagoons and on outer slopes in 3-22 m."
654,d7814301-7430-5f61-a096-40cb06d773ac,Comical Blenny,Ecsenius axelrodi,included,,True,SRC-E2F8F85D,348,349,bl,high,100,high,,,"ID: Orange with dark upper head; ocellated spot above pectoral fin base, 10-12 spots on back become bars toward tear body, 2 pale body stripes. Solitary or smail groups perch on coral outcroppings. Outer reef slopes in 8-30 m."
655,63fe2d14-bded-521c-abb3-ea380ac3ad57,Banda Blenny,Ecsenius bandanus,pending_review,account transcription confidence is not high; identification descriptions are not high-confidence transcriptions,True,SRC-8CD85B3D,349,350,br,high,100,medium,,,"ID: Light brown with pale lower head and belly: pair of yellow stripes through eye, white mid-lateral stripe from eye to mid- body. Solitary or form small groups on coral outcroppings. Coastal reefs and outer slopes in 2-15 m."
656,77442d1f-37be-5477-8e97-052b0687f53a,Three-lined Blenny,Ecsenius bathi,pending_review,identity confidence is below the inclusion threshold; account transcription confidence is not high,True,SRC-314DFAD0,349,350,tl,high,94.5,medium,,,"ID: Gray with yellow head; pair of yellow stripes through eye 3 black body stripes. Solitary or form small groups on coral outcroppings, commonly around sponges and tunicates. Coastal reefs and outer siopes in 3-25 m. | mm anise ‘with: i eee Sueoropelng, commonly: around ‘and tunicates. Coastal: and criter slopes in 3-: tavattend: Eatrearean rteant tne téa ta Fndnndata"
657,af402440-19b6-5ac3-a052-f548682214ae,Bicolor Blenny,Ecsenius bicolor,included,,True,SRC-B629F01E,350,351,tl,high,100,high,,,"ID: The most common variation of this highly variable species has dark gray head and front body and bright yellow-orange tear body: long straight cirri. Solitary; often use abandoned ‘worm tubes for burrows. Coastal, lagoon and outer reefs to 25 m."
658,573d94a8-fa10-5c4b-b933-dd92e7bfb0bb,Twinspot Blenny,Ecsenius bimaculatus,pending_review,account transcription confidence is not high; identification descriptions are not high-confidence transcriptions,True,SRC-BBDD90C4,349,350,bl,high,100,medium,,,"ID: Shades of brown with pale lower head and belly; pair of black spots on the upper belly, pair of white stripes through eye, white mid-lateral stripe from eye to mid-body. Solitary or form small groups. Coastal reefs and outer slopes in 1-15 m."
659,69cdbef1-9097-5da2-a37e-a823ba131419,Spotted-row Blenny,Ecsenius collettei,pending_review,account transcription confidence is not high; identification descriptions are not high-confidence transcriptions,True,SRC-855A9460,347,348,br,high,100,medium,,,"ID: Brown to gray-brown: double row of black spots on sides and often another at base of dorsal fin, yellow marks on iris. Solitary or form small groups on coral outcroppings. Silty coastal reefs and lagoons to 10 m."
660,618db448-2e2d-5020-9c97-946c01bfc862,Philippines Blenny,Ecsenius dilemma,pending_review,account transcription confidence is not high; identification descriptions are not high-confidence transcriptions,True,SRC-421C94BA,349,350,ml,high,100,medium,,,"ID: Alternating orange and gray stripes are intersected by narrow brown bars forming rectangular “windows”; narrow dark bars on back. Also has black striped variation same as Bath's Bienny [previous]. Coral reefs to 34 m, usually below 10m."
661,8143fc9e-edd3-5fca-b0cc-ee72bc2cd21c,Clown Blenny,Ecsenius fijiensis,pending_review,account transcription confidence is not high; identification descriptions are not high-confidence transcriptions,True,SRC-10A9EB02,348,349,ml,high,100,medium,,,"ID: Pale reddish brown front body gradating to yellow mid- body to tail; short white stripe above eye and another below about 8 dark tear-shaped spot bars from mid-body to tail base. Solitary, perch on coral outcroppings. Coral reefs in 3-25 m."
662,d59daffc-7e0c-5431-9082-5d0a2fa6e274,Fourstripe Blenny,Ecsenius kurti,pending_review,account transcription confidence is not high; identification descriptions are not high-confidence transcriptions,True,SRC-AEE8DD55,352,353,mr,high,100,medium,,,"ID: Pale brown, 4 thin black stripes break into spots on rear body, dark streaks on iris. Solitary or form small] groups on coral outcroppings, often on species of Porites. Coastal fringing reefs and lagoons to 10 m."
663,79ee29ed-0749-55fc-9132-285f86d5431b,Striped Blenny,Ecsenius lineatus,pending_review,account transcription confidence is not high; identification descriptions are not high-confidence transcriptions,True,SRC-7D0E5905,352,353,ml,high,100,medium,,,ID: Gray gradating to dirty yellow upper body and tight blue- gray below: black stripe from eye to tail composed of Tectangular segments. Solitary or form small groups. Seaward reef slopes to 28 m.
664,edef176b-14d2-546d-af3f-c385cc0adf20,Blackspot Blenny,Ecsenius lividanalis,included,,True,SRC-CC2F9127,350,351,mr,high,100,high,,,ID: Variable from entirely yellow-orange to purplish gray-brown front body and yellow-orange behind; dark spot around anus (not visible in photo). Form small groups. Lagoons and sheltered coastal reefs to 12 m.
665,1455aee1-b8a8-5caf-89f9-bd4e15c4d323,Lubbock's Blenny,Ecsenius lubbocki,pending_review,account transcription confidence is not high; identification descriptions are not high-confidence transcriptions,True,SRC-BB9D50E3,347,348,mr,high,100,medium,,,"ID: Shades of brown with dark bars and pale stripes; bright gold iris, row of white streaks on back. Solitary or in pairs. Coastal reefs encrusted with coralline algae in 3-12 m."
666,c92cdcb4-62ed-5c93-9e52-9d8dbdb1134c,White-lined Blenny,Ecsenius melarchus,pending_review,account transcription confidence is not high; identification descriptions are not high-confidence transcriptions,True,SRC-E9E7948C,351,352,mr,high,100,medium,,,"ID: Light brown head, dark brown body, bright gold iris black-edged pale gray to white stripe from lower eye to pectoral fin base with orange stripe just below. Solitary or form small groups. Sheltered coastal reefs in 1-30 m."
667,996fac17-2953-5856-a5e4-aa5d61aa5b59,Eyelined Blenny,Ecsenius midas,included,,True,SRC-FDB842FE,351,352,tl,high,100,high,,,"ID: Highly variable in both color and pattem, but commonly in shades of yellow/gold, mauve and/or brown, colors may be mixed or uniform; occasionally display irregular bars, dark spot in front of anus in all variations. Seaward reefs to 30 m."
668,77b3a7db-5ad5-5800-a1e3-767c7b60538c,Monocle Blenny,Ecsenius monoculus,pending_review,account transcription confidence is not high; identification descriptions are not high-confidence transcriptions,True,SRC-EA17F03C,347,348,bl,high,100,medium,,,"ID: Pale brown undercolor with darker bars, bright yellow iris pale yellow to white spots on side, black saddle on tail base. Solitary or small, loose groups. Algal-covered, steep-walled gutters in 2-10 m."
669,d0d3c6a3-6822-5fda-a336-591392eb2722,Yellowtail Blenny,Ecsenius namiyei,included,,True,SRC-D2DBB3C3,353,354,bl,high,100,high,,,"ID: Blotchy browm to charcoal with either pale gray or yellow tail. Solitary and shy, perch on sponges and corals, commonly on isolated outcroppings. Lagoon and seaward reefs to 30 m."
670,db9e486f-ee6e-5b4d-bc7d-13c6a5f20315,Tailspot Blenny,Ecsenius oculus,included,,True,SRC-255D6B5C,352,353,tr,high,100,high,,,"ID: Brown with dark brown bars; several ocellated spots on rear body, several pale, wavy broken stripes. Solitary or form small groups. Coastal and lagdon reefs to 15 m."
671,6914a30a-7e0c-513c-837a-56f15f260885,Eyespot Blenny,Ecsenius ops,pending_review,account transcription confidence is not high; identification descriptions are not high-confidence transcriptions,True,SRC-33B4AD6B,350,351,bl,high,100,medium,,,"ID: Blue-gray head, brown body: white to bluish white line below eye; brilliant gold iris: small black spot behind eye. Solitary or form small groups. Sheltered coastal reefs to 15 m."
672,4079267b-da77-551b-906a-8637ca8c1772,Clown Blenny,Ecsenius opsifrontalis,pending_review,account transcription confidence is not high; identification descriptions are not high-confidence transcriptions,True,SRC-773A2F97,348,349,mr,high,100,medium,,,"ID: Reddish brown; brown stripe behind eye, double row of Tectangular to rounded white spots. Distinguished from similar Australian Blenny (previous page] by location. Solitary or from small groups. Coral areas in lagoons and on outer slopes in 3-22 m."
673,fa5c9cd3-2d75-5b47-8899-d19dd04794cb,Pictus Blenny,Ecsenius pictus,included,,True,SRC-ED1788CE,353,354,mr,high,100,high,,,"ID: Pale brown head, dark brown body, yellowish tail base numerous thin white stripes with white spots on upper stripe and mid-lateral stripe. Solitary or in pairs. Coastal and outer reef slopes in 11-40 m."
674,b3867d1c-f163-5fa7-8b45-a1839e8efb95,Ocular Blenny,Ecsenius prooculis,included,,True,SRC-209F83D1,352,353,br,high,100,high,,,ID: Pale brown to pale gray with 3 black stripes; bright yellow marks on iris. Solitary or small loose groups. Sheltered lagoon reefs to 10 m.
675,f5be3c6e-7694-5ceb-8262-42f25ba38846,Spoke-eye Blenny,Ecsenius schroederi,pending_review,identity confidence is below the inclusion threshold; account transcription confidence is not high; identification descriptions are not high-confidence transcriptions,True,SRC-05FB4625,353,354,tl,high,93.4,medium,,,ID: Pale brown to gray with wide dusky bars; white stripe ! from eye to above pectoral fin where it continues as a row of elongated spots; 3 thin dark body stripes. Solitary. Sheltered coastal and lagoon reefs in 2-12 m.
676,60bff71e-a235-5190-aa27-a9b00a7d89ac,Saddle Blenny,Ecsenius sellifer,included,,True,SRC-8AF15B1C,352,353,tl,high,100,high,,,"ID: Brown; several ocellated spots on upper rear body several pale narrow stripes, black marks on edge of gill cover. Solitary or form small groups. Fringing reefs to depth of 8 m."
677,ee851cca-ee5f-5c06-a6cc-38fa38b319b3,Spotted Blenny,Ecsenius stictus,pending_review,account transcription confidence is not high; identification descriptions are not high-confidence transcriptions,True,SRC-7DA5377D,353,354,ml,high,100,medium,,,"ID: Light gray; faint white mid-lateral stripe with dark borders several rows of faint dark lines and spots, “Y” marking on pectoral fin base, dark margin on gill cover. Solitary. Reef flats and lagoons to 8 m."
678,66da89a5-cd1a-5b7d-b232-2e585c4e63e2,Lined Blenny,Ecsenius stigmatura,pending_review,account transcription confidence is not high; identification descriptions are not high-confidence transcriptions,True,SRC-4D72B8B6,352,353,bl,high,100,medium,,,"ID: Shades of brown with pale lower head; white-edged black spot on tail base, yellow iris with outer rim of orange, white dark-edged line below eye. Solitary or form small groups. Coastal reefs and lagoons in 2-30 m."
679,da121025-ee5c-5c49-b6e7-a2bd0e989364,Midas Blenny,Ecsenius taeniatus,pending_review,account transcription confidence is not high,True,SRC-F02A874B,351,352,bl,high,100,medium,,,"ID: Dark gray to black with white belly; narrow white stripe on back and wider mid-lateral white stripe, pair of yellow stripes on iris. Solitary or form small groups. Fringing reefs to | ID: Dak ee lacs with white bs 7 Dearow white stripe periesghnce hy estima senior pesciog onhotbend tom. Lovalized: Milne Bay in &.E. Papua New Guines, including —_ D'Entrecesteauz Is,"
680,edd47464-fc3b-508c-9472-895f53a511c1,Red-streaked Blenny,Ecsenius tigris,pending_review,account transcription confidence is not high; identification descriptions are not high-confidence transcriptions,True,SRC-6EBF5F64,348,349,tl,high,100,medium,,,"ID: Tan; narrow black bars or spots on upper body and row of black spots behind belly, row of white spots on back white dash lines on mid-side. Solitary or form smal} groups. Lagoon reefs and channels to 10 m."
681,40b7eed1-b22b-5acd-9984-079a85a53fc5,Tricolor Blenny,Ecsenius tricolor,pending_review,account transcription confidence is not high; no identification description,True,SRC-96FAF479,351,352,br,high,100,medium,,,
682,722706d4-f3d2-55ad-ba17-6203991f391a,Three-lined Blenny,Ecsenius trilineatus,pending_review,account transcription confidence is not high; identification descriptions are not high-confidence transcriptions,True,SRC-8E1BDC99,349,350,mr,high,100,medium,,,"ID: Shades of brown; 3 narrow dark brown body stripes with double row of white spots between, yellow-rimmed pupil with “spoke” marks on iris. Solitary or form small. Sheltered and seaward reefs in 2-10 m."
683,186b7c89-8e8d-559f-b7dc-0a5c5feef0ba,Yaeyama Blenny,Ecsenius yaeyamaensis,included,,True,SRC-4F1A8685,353,354,tr,high,100,high,,,"ID: Shades of brown; 2 dark dashed-lines behind eye, black margin on cheek, “Y"" marking on pectoral fin base, numerous white spots and biotches on side. Solitary or small groups. Boulder habitats in 2-15 m."
684,9546a146-f491-5140-a4d1-3818c5970da6,Rainbow Runner Rabbitfish,Elagatis bipinnulatus,pending_review,account transcription confidence is not high; identification descriptions are not high-confidence transcriptions,True,SRC-DAE49ECD,127,128,br,high,100,medium,,,"ID: Silvery olive-blue; long slender body with pair of light blue stripes on sides, often with broader olive or yellowish stripe hetween. Form schools. Most common on outer reefs to 160 m."
685,8299ccf4-32e4-57f5-8ece-4a77e1c1c273,Silver Pearlfish,Encheliophis homei,included,,True,SRC-AC459920,298,299,tl,high,100,high,,,"ID: Translucent with silvery head, dark body organs and backbone: elongate tapering body. Live in body cavity of large sea cucumbers, entering through anus, leave host to feed at night. Sand and rubble areas to 30 m."
686,976eebfe-9f01-57f3-b687-c65190ffe44f,Bentjaw Moray,Enchelycore bayeri,pending_review,identity confidence is below the inclusion threshold,True,SRC-FADDA7F6,435,436,mr,high,83.1,high,,,ID: Uniform brown; curved or “hooked” jaws with many dagger-like teeth. Solitary. Inhabit reef crevices of exposed Teef flats and outer reef slopes in 1-64 m.
687,1b6a0c05-eef3-52f7-b107-bfb99e9dcb6c,Mosaic Moray,Enchelycore lichenosa,included,,True,SRC-86F0303E,435,436,br,high,100,high,,,"ID: Dark brown to black undercolor with mosaic pattern of brownish gold patches composed of small spots and flecks curved jaws with many dagger-like teeth. Solitary, lurk in dark recesses. Reef and rocky boulder strewn areas to 80 ft."
688,042f8722-88e3-5fc2-8f26-66d00b546730,Dragon Moray,Enchelycore pardalis,included,,True,SRC-C0928B7A,435,436,ml,high,100,high,,,"ID: Pale brownish yellow to orange with numerous dark-ringed white spots; curved jaws with many dagger-like teeth, pair of long tubular nostrils above eyes. Solitary. Inhabit reef crevices of outer reefs in 15-50 m."
689,fc6259eb-d846-58b3-b94e-cd19bc096af4,Hookjaw Moray,Enchelycore schismatorhynchus,included,,True,SRC-8F3AB59D,435,436,bl,high,100,high,,,1D: Light tan to gray with white margin on fing; curved imapen oy ah Goevioes of laqon ead zal routs in 5-35 m.
690,7be902ad-2415-55c0-a87d-4098d9e286c1,Viper Moray,Enchelynassa canina,included,,True,SRC-D8597C1B,436,437,tl,high,100,high,,,"ID: Reddish brown to gray: ""wrinkled skin” with darkish lines in groves; curved jaws with many dagger-like teeth. Solitary and nocturnal. During day inhabit deep reef recesses of reefs and reef flats in areas of surge to 15 m."
691,140a177c-9862-56d4-8c43-8ecef6dae135,Miracle Triplefin,Enneapterygius mirabilis,pending_review,identity confidence is below the inclusion threshold; account transcription confidence is not high; identification descriptions are not high-confidence transcriptions,True,SRC-59AC93D2,358,359,tl,high,98.4,medium,,,ID: Translucent with 2-4 reddish brown pyramid-shaped bars: 1st dorsal fin tall. Solitary. Commonly on outer reef slopes in 8-37 m.
692,2dada47d-e709-5460-b6f0-aaa123c66048,Pale-spotted Triplefin,Enneapterygius pallidoserialis,pending_review,identity confidence is below the inclusion threshold; account transcription confidence is not high; identification descriptions are not high-confidence transcriptions,True,SRC-A49551CC,358,359,tr,high,83.5,medium,,,ID: Female - Transiucent; dark brown saddles with dashes and blotches below; several white spots and streaks. Male - Dark brown or black. Solitary or in pairs. Coral reefs to 8 m.
693,1849a9a1-0117-5ab2-b5c3-b974a6d4f3f9,Blackspot Triplefin,Enchelynassa philippinus,pending_review,identity confidence is below the inclusion threshold; account transcription confidence is not high; identification descriptions are not high-confidence transcriptions,True,SRC-D15DC2D2,358,359,bl,low,,low,,,TD: Transincent with darkish upper head and belly; reddish blotches on. dorsal fing and black spot in 2nd. Solitary. Eagoona and outer slopes in 2-100.
694,2b1c4e93-387b-5798-a3af-0021b5b22318,Highhat Triplefin,Enneapterygius tutuilae,pending_review,identity confidence is below the inclusion threshold; account transcription confidence is not high; identification descriptions are not high-confidence transcriptions,True,SRC-D1BCC366,358,359,mr,high,83.9,medium,,,ID: Female - Greenish translucent with white blotches or bars. Mole - Lime green; white bar behind 2nd and 3rd dorsal fins 4st dorsal fin tall. Solitary or small loose groups. Tide pools to outer slopes to 32 m.
695,5c007627-9677-5756-a218-3b8127e24c9e,Slingjaw Wormfish,Epibulus insidiator,pending_review,account transcription confidence is not high,True,SRC-6DB3B3A9,208,209,tl,high,100,medium,,,"ID: TP - Deep body: white head and dark body with orange back from head to mid-body; diffuse yellow mid-body bar, black outline around scales, black streak through eye. Solitary. Coral- Tich areas of lagoons and outer or seaward reefs to 42 m. | Ho Tr Deep boty: witte bee and dv body with ofnge bt ta mid-body; diffuse yellow bat, black: Sate anand enon eve olay lacks stinak: ttrbugh eye, Comal aichvareas of lagoons and cuter outer: or seaward reels 0-42 10, | SHagaw Wrasse - IP Brown Phase ‘ID; Shades of pale to dark brown; black outline around scales. ‘"
696,974f951b-8c19-5e79-ad6a-e9d9b4988eb1,Areolate Grouper,Epinephelus areolatus,included,,True,SRC-3900D6EE,159,160,ml,high,100,high,,,ID: Gray to whitish with numerous large close-set brown spots that become smalier and more numerous with maturity narrow white straight margin on tail (tails rounded on most grouper species}. Solitary. Fine sediment bottoms to 200 m.
697,2f66da41-9069-5426-b6a6-1fe33cd0d34e,Twinspot Grouper,Epinephelus bilobatus,included,,True,SRC-B47BD04A,159,160,mr,high,100,high,,,"ID: Light gray undercolor with polygonal spots in varying shades of brown; brilliant white strip on back, pair of blackish bi-lobed spots at base of dorsal fin. Solitary. Coastal reefs with weed bottoms and scattered coral patches in 4-50 m."
698,eabc2006-9a86-5ea6-adc5-40371ae4f007,Duskytail Grouper,Epinephelus bleekeri,pending_review,account transcription confidence is not high; identification descriptions are not high-confidence transcriptions,True,SRC-6673AF58,158,159,bl,high,100,medium,,,"ID: Whitish undercolor with numerous orange to reddish or dark brown spots on head and body, spots on fins less well defined: often display several faint dark bars on body, white margin on spotless tail. Solitary. Silty coastal reefs to 50 m."
699,41a1aec7-c2dc-542b-8bfd-0f0a6d3fb374,Palemargin Grouper,Epinephelus bontoides,included,,True,SRC-94C9C72D,158,159,ml,high,100,high,,,"ID: Gray-brown with scattered reddish brown to black spots fins dark gray with narrow pale margins. Solitary. Sheltered coastal reefs over mud, rock or cobble bottoms in 2-30 m."
700,9152a216-ade1-5e56-8b9c-734ffbb78690,Whitespotted Grouper,Epinephelus caeruleopunctatus,pending_review,account transcription confidence is not high; no identification description,True,SRC-15DBA910,161,162,mr,high,100,medium,,,
701,e6e4cfd7-f2c1-5454-a6de-a8ed83a6334c,Brown-spotted Grouper,Epinephelus chlorostigma,pending_review,account transcription confidence is not high; identification descriptions are not high-confidence transcriptions,True,SRC-A39426C3,157,158,mr,high,100,medium,,,"ID: Shades of brown covered with numerous small close-set brown spots; tail slightly concave (tails rounded on most grouper species). Solitary. Coastal, lagoon and seaward reefs and mud bottoms in 4-280 m."
702,0513da5f-55ad-5bcf-9bd7-5d58c6a79ac8,Orange-spotted Grouper,Epinephelus coioides,pending_review,account transcription confidence is not high; identification descriptions are not high-confidence transcriptions,True,SRC-06D5103A,162,163,ml,high,100,medium,,,"ID: Tan to dark gray-brown with numerous orangish spots on head, body and fins; four irregular ladder or H-shaped dark bars and 3-4 blackish saddles on back. Solitary. Turbid coastal reefs and estuaries in 1-100 m."
703,6fd2a725-ea90-5a62-b0a5-ed45c7018186,Coral Rock Grouper,Epinephelus corallicola,included,,True,SRC-9ED8C087,158,159,mr,high,100,high,,,mea) cna vernal widély spaced ce teaieeaeemcie estuaries i form small groupe. Silty coastal reets and in 5 ~
704,a91ca5be-c9ee-5ec8-8152-1293824dea26,Speckled Grouper,Epinephelus cyanopodus,included,,True,SRC-5A48D2ED,158,159,tl,high,100,high,,,"ID: Pale biuish gray; profuse small black spots on head, body and fins. Juveniles and sub-adults (pictured) have black margin on tai! and black ventral fin tips. Solitary. Lagoons and outer reefs over sand bottoms near patch reefs to 150 m."
705,9a84400b-ec36-5603-9e88-0acbec54d0d6,One-blotch Grouper,Epinephelus erythrurus,pending_review,account transcription confidence is not high; identification descriptions are not high-confidence transcriptions,True,SRC-4F3A3F39,160,161,br,high,100,medium,,,ID: Dark gray with irregular pale spots and blotches randomly joined to form maze-like pattern. Solitary. Turbid harbours and estuaries with muddy or silty-sand bottoms in 1-20 m.
706,d385c20d-61b1-5a70-9a45-a5e1b99613cd,Blacktip Grouper,Epinephelus fasciatus,pending_review,account transcription confidence is not high,True,SRC-0E5E886A,163,164,tl,high,100,medium,,,"ID: Highly variable from pale to medium greenish gray. reddish yellow or brown and scarlet; often with 5-6 dark bars of variable intensity, black tips on spinous dorsal fin. Solitary. Coastal, lagoon and seaward reefs in 3-160 m. | D: ‘variable fiom pale'to meédiuni greenish gray, Yellow or browen abd seariet; often with 5. 6 dark bars of variable intensity, black tips dottal fin, Saltary. Coastal lagoon sad seater ra sin 3-160 x."
707,6c5b53fa-7e0f-56e1-9f77-5aebcaf6c423,Brown-marbled Grouper,Epinephelus fuscoguttatus,pending_review,account transcription confidence is not high; no identification description,True,SRC-E7F671A1,162,163,tr,high,100,medium,,,
708,066be4af-bd58-5dfd-b118-f6aee467b598,Hexagon Grouper,Epinephelus hexagonatus,included,,True,SRC-85A4CA02,160,161,tr,high,100,high,,,"ID: Whitish undercolor with closely packed polygonal spots in varying shades of brown:,spots on upper body often pale and poorly defined, merging dark polygons on back form 5 dark saddles, Solitary. Outer reefs exposed to surge."
709,640eddfd-9a24-561b-ab29-ab3c2f8eb9ab,Blacksaddle Grouper,Epinephelus howlandi,pending_review,account transcription confidence is not high; no identification description,True,SRC-54DD3CE6,159,160,tl,high,100,medium,,,
710,0b6c1d9f-3011-5a59-a66b-8e3aa65146b4,Giant Grouper,Epinephelus lanceolatus,included,,True,SRC-D0335B1F,162,163,bl,high,100,high,,,"ID: Huge; mottled shades of dark gray to dark brown with small whitish spots and blotches. Largest Indo-Pacific grouper attaining a weight of at least 288 kg. (635 lbs.). Solitary. Coastal reefs, lagoons and outer slopes in 3-100 m."
711,a11ccc43-5eb8-5a34-b9d8-a4b4864b3423,Longspine Grouper,Epinephelus longispinis,pending_review,account transcription confidence is not high; identification descriptions are not high-confidence transcriptions,True,SRC-517B22C2,158,159,tr,high,100,medium,,,"ID: Grayish brown with paler blotches; brown spots on head and diagonally-elongate spats on body, pair of large dark blotches on dorsal fins. Solitary. Coastal reefs in 1-70 m."
712,06651f71-18be-54dc-a02a-8607832d1bc8,2 Snubnose Grouper,Epinephelus macrospilos,pending_review,account transcription confidence is not high; no identification description,True,SRC-0EB7754E,158,159,br,high,100,medium,,,
713,fb6515bb-4a5a-54d0-be49-cae1509f1741,Highfin Grouper,Epinephelus maculatus,included,,True,SRC-3A578977,161,162,tl,high,100,high,,,"ID: Brownish gray to brown covered with dark brown polygonal spots: pair of prominent white saddles on forehead and middle of back. Solitary. Often on open sand at base of reefs in coastal, Jagoon and outer reefs in 2-100 m."
714,08f8b803-5662-5828-bd5b-1ef43d0f5730,B Malabar Grouper,Epinephelus malabaricus,pending_review,identity confidence is below the inclusion threshold; account transcription confidence is not high; no identification description,True,SRC-11B6DDCF,162,163,tl,high,87.7,medium,,,
715,3aca7855-add5-54e7-9625-ae8e2df81c9f,| Netfin Grouper,Epinephelus melanostigma,included,,True,SRC-4BC29268,160,161,mr,high,100,high,,,ID: Bluish white undercolor with closely packed polygonal spots in varying shades of brown; merging spots on back form dark saddle under mid-dorsal fin. Solitary. Lagoons teef flats and seaward slopes to 10 m.
716,895b58a3-6d87-56e2-928c-5055b8865493,Honeycomb Grouper,Epinephelus merra,pending_review,account transcription confidence is not high; identification descriptions are not high-confidence transcriptions,True,SRC-DF435071,159,160,br,high,100,medium,,,"ID: White undercolor with polygonal spots in varying shades of brown; no distinctive markings. Solitary. Coastal lagoon and sheltered outer reefs in 1-50 m, but usually less than 20 m."
717,b795db25-30e0-53ba-9692-839daf5b030b,Foursaddle Grouper,Epinephelus miliaris,pending_review,identity confidence is below the inclusion threshold; account transcription confidence is not high; identification descriptions are not high-confidence transcriptions,True,SRC-3EC122AA,160,161,bl,high,93.4,medium,,,"ID: Undercolor white with irregular gray blotches and covered with closely packed polygonal brown spots. Solitary; young inhabit mangroves and seagrass beds, adults in deeper water. Coastal reefs and outer slopes in 1-180 m."
718,04b73ce8-ff43-52c9-a10e-87d282e3a6ad,Whiteblotched Grouper,Epinephelus multinotatus,included,,True,SRC-001C99E4,161,162,ml,high,100,high,,,"ID: Dark gray with scattered irregular whitish spots and blotches on head, body and fins; rear edge of tail straight or slightly concave. Solitary: juveniles more common near shore adults usually in deep water. Coastal reefs in 10-90 m."
719,ccf970f6-bd78-5ed1-8364-e27a5a54e3fa,Whitestreaked Grouper,Epinephelus ongus,included,,True,SRC-34BA196A,161,162,bl,high,100,high,,,"ID: Brown with large white blotches; numerous small pale spots on head, body and fins, the spots join to form wavy stripes on larger individuals. Solitary and cryptic. Near caves and ledges of coastal and lagoon reefs in 6-25 m."
720,5c5f59bd-568e-5254-907a-0eb27b8a0fe7,Camouflage Grouper,Epinephelus polyphekadion,included,,True,SRC-5CD3618E,160,161,ml,high,100,high,,,"ID: Brown with dirty white blotches, especially on upper body; numerous small dark brown spots covering head body and fins, dark saddle on tail base. Solitary. Clear water of lagoons and outer reefs in 1-46 m."
721,4b89534c-8dcb-58e3-907e-3a8b5d40c64d,Longspine Grouper,Epinephelus quoyanus,pending_review,account transcription confidence is not high; identification descriptions are not high-confidence transcriptions,True,SRC-EF2DC5F4,159,160,bl,high,100,medium,,,"ID: Whitish undercolor with closely set polygonal spots in varying shades of brown; brown diagonal band across breast broad dark margin on anal! fin, two darkish bands on throat under gill cover. Solitary. Silty coastal reefs in 1-50 m."
722,4d1f6149-7cd9-5636-a9b1-32e404dbad0b,Halfmoon Grouper,Epinephelus rivulatus,included,,True,SRC-577D4062,163,164,ml,high,100,high,,,"ID: Reddish brown head, mottled pale brown body with 5-6 imregular dark brown bars; dark brown tail with pale speckling. Solitary. Coastal reefs, often in weedy areas in 10-150 m."
723,847370ab-a43c-5a2a-8169-2a2f037a0f46,Surge Grouper,Epinephelus socialis,included,,True,SRC-66F3B193,157,158,br,high,100,high,,,"ID: Shades af brown to olive with numerous small close-set brown spots: scattered white spots, dark margin on tail rear dorsal and anal fins. Solitary. Surge areas of reef flats tocky rubble and deep tide pools to 3m."
724,41b4601f-241d-54eb-8f77-82d93d7f8061,Cloudy Grouper,Epinephelus spilotoceps,pending_review,account transcription confidence is not high; identification descriptions are not high-confidence transcriptions,True,SRC-0AC261EC,160,161,tl,high,100,medium,,,"ID: Whitish undercolor with closely packed polygonal spots in varying shades of brown; merging spots on back form 4 dark saddles. Solitary. Coastal, lagoon and outer reefs in 1-20 m."
725,fbcca26e-170f-58a7-b9c1-3af790655b50,Greasy Grouper,Epinephelus tauvina,pending_review,account transcription confidence is not high; no identification description,True,SRC-B36855A7,159,160,tr,high,100,medium,,,
726,640ccd61-a7b5-5180-8b51-644dfeb26b8a,Potato Grouper,Epinephelus tukula,included,,True,SRC-7B7FF76D,162,163,mr,high,100,high,,,"ID: Huge; pale grayish with large round to ovate dark gray or blackish blotches on body; dark gray bands and blotches on head, spoke-like markings radiating from eye. Solitary. Coastal, lagoon and seaward reefs in 5-150 m."
727,27890fef-75f9-5365-9cc9-94759cb9e205,Wavy-lined Grouper,Epinephelus undulosus,included,,True,SRC-0CA6BEF9,162,163,br,high,100,high,,,"ID: Pale gray to reddish gray; small dark spots on head, dark wavy lines and spots on body, fins bluish on smaller fish. Solitary. Coastal reefs, usually on open sand bottoms near low coral or rock outcroppings in 15-90 m."
728,6c7c4c7b-0006-587f-b7ad-201cda89feae,Indonesian Grouper,Epinephelus waandersi,included,,True,SRC-66CEFEC3,157,158,bl,high,100,high,,,ID: Whitish to bright white body. grayish head and yellowish gray fins covered with small brown spots {frequently obscured by bright white areas); large dark blotches form broken bars. Solitary. Coastal reefs in 3-25 m.
729,9b7bed0a-f229-535a-8ede-6906526f1590,,Eucrossorhinus dasypogon,pending_review,identity confidence is below the inclusion threshold; account transcription confidence is not high; printed identity is incomplete; no identification description,True,SRC-CF90D3A5,45,46,,low,,low,,,
730,4673d5c5-e2de-5c4f-b29b-b8f362dbdc5f,Dragon Sea Moth,Eurypegasus draconis,pending_review,account transcription confidence is not high; identification descriptions are not high-confidence transcriptions,True,SRC-5D4FDD61,368,369,bl,high,100,medium,,,"ID: Hard bony carapace, long narrow flattened snout and wing-like pectoral fins often with pale border: brown with netted reticulations. ""Walk"" with finger-like pelvic fins. Solitary or in pairs. Sand, rubble and seagrass bottoms to 90 m."
731,a2988745-d00a-577c-939e-18bae3b202ab,,Eviota albolineata,pending_review,identity confidence is below the inclusion threshold; account transcription confidence is not high; printed identity is incomplete; no identification description,True,SRC-4E38377E,321,322,,low,,low,,,
732,f8d905fe-124c-5fa2-b3aa-7a60faf106d9,Neon Pygmygoby,Eviota guttata,included,,True,SRC-2F61706E,319,320,br,high,100,high,,,"ID: Translucent, white stripe from eye to rear belly; 3 red bars separated by pale bars on belly and white band on pectoral fin base, black and yellowish markings on red iris, peppered “ear” ‘spot... Solitary or form groups. Lagoon and seaward reefs to 15 m"
733,c44863c9-df65-5fa8-a95a-2bb334095509,Ear-spot Pygmygoby,Eviota lachdeberei,pending_review,account transcription confidence is not high; identification descriptions are not high-confidence transcriptions,True,SRC-BD8E95D0,318,319,bl,high,100,medium,,,"‘spots on upper beck, several white spots: mid-jaterally on fear ch bode Blass apdt on wll boos Solvry or form eral groups reels to 15m,"
734,b320bb23-334b-50b4-a31c-23072793c6a5,Brown-banded Pygmygoby,Eviota latifasciata,included,,True,SRC-08B4256A,318,319,br,high,100,high,,,"ID: Translucent with 6-7 broad brown bars or blotches on side (narrow white bars may also be evident), red bars or bands on head. Solitary. Exposed coastal reefs and outer slopes in 4-25 m."
735,d5bc0a0c-314f-512d-8606-6763e68b333b,Melasma Pygmygoby,Eviota melasma,pending_review,no identification description,True,SRC-949AAE91,318,319,tr,high,100,high,,,
736,289c2f3f-95e1-5f97-9ad2-22799a257c94,Pygmygoby,Eviota mikiae,included,,True,SRC-E590873A,319,320,tr,high,100,high,,,ID: Translucent with reddish head and mid-front of body bright yellow mid-lateral stripe with thinner white stripes above and below. Usually form groups resting on live and dead coral formations. Lagoons and seaward reefs in 6-25 m.
737,c786a3e4-c615-50fc-8f65-02093193aacf,Blackbelly Pygmygoby,Eviota nigriventris,pending_review,identity confidence is below the inclusion threshold; account transcription confidence is not high; identification descriptions are not high-confidence transcriptions,True,SRC-D5E140D4,320,321,tl,high,93.7,medium,,,"ID: Red to dark brown sides with white to pale green back and belly; black biotch on tail base, black lips, pale upper iris. Form groups among branches of Acropora corals. Sheltered reefs in 4-20 m."
738,eecaa342-9567-5d83-96cf-103b51d1ba7e,Redspotted Pygmygoby,Eviota pellucida,pending_review,identity confidence is below the inclusion threshold; identification descriptions are not high-confidence transcriptions,True,SRC-F2E62E00,319,320,mr,medium,70.6,high,,,"2D: Transtucent with finered A potting: }-3 red or red-brown ao ing aptial haar bars. on side of belly, dashed wike' Solfeary of form eruell qroups. Lagoons end seaward reef channels. abd slopes to. B mt."
739,4b7552a7-92c6-58fb-94ef-a01721137038,Redspotted Pygmygoby,Eviota prasites,pending_review,account transcription confidence is not high; identification descriptions are not high-confidence transcriptions,True,SRC-5D0BE1DB,319,320,ml,high,100,medium,,,"ID: Red with translucent back and underside; white spots and dashes on body, red spots on back. Form small groups. Rubbie bottoms of lagoon and coastal reefs in 5-20 m."
740,1eb658a5-9530-5575-9e6b-ca78d2786df1,Squarebelly Pygmygoby,Eviota punctulata,included,,True,SRC-56BE2E05,319,320,bl,high,100,high,,,"ID: Translucent with reddish brown to green diffuse bars 3 large rectangular markings on belly, pale stripe behind eye yellowish markings on red iris. Solitary. Coral, rubble and algae of sheltered reefs to 20 m."
741,442b5310-fefc-5583-8bba-57e03e22be38,Queensland Pygmygoby,Eviota queenslandica,pending_review,account transcription confidence is not high; identification descriptions are not high-confidence transcriptions,True,SRC-CBB47445,317,318,br,high,100,medium,,,"ID: Translucent with rows of dark spots and narrow brown scale margins, pair of black spots on pectoral fin base black “ear” spot. Solitary or form small groups. Rubble bottoms of sheltered reefs to 6 m."
742,8be2d9d8-c1e2-5f42-96f5-231196cbaff2,Striped Pygmygoby,Eviota sebreei,pending_review,no identification description,True,SRC-813E3913,318,319,mr,high,100,high,,,
743,8d861b0c-a526-5999-a44f-2175616616e1,Sigillata Pygmygoby,Eviota sigillata,included,,True,SRC-DC20BC09,318,319,ml,high,100,high,,,"ID: Translucent, brown belly with large white spots; white and brown dash marks alternate on spinal column, white stripe on pectoral fin base. Solitary or form groups. Sand or Tubble of sheltered reefs in 3-20 m."
744,0feabbe9-1c48-5d6c-ba10-da289b8f3b28,Ear-spot Pygmygoby,Eviota smaragdus,pending_review,account transcription confidence is not high; identification descriptions are not high-confidence transcriptions,True,SRC-70CB475D,318,319,tl,high,100,medium,,,"ID: Transhicent body, reddish belly and white head; 2 black “ear” spots, red eyes with gold scribble markings. Solitary. Tide pools to exposed seaward reefs to 15 m."
745,6c525159-d80c-5e16-8a7c-5cfc07593b95,Storthynx Goby,Eviota storthynx,included,,True,SRC-D867E35D,317,318,mr,high,100,high,,,"ID: Translucent with dark brown belly area with white spots Ted to brown spotting and blotches, 1 or 2 black “ear” spots small dark spot at tai] base. Solitary. Sand or rubble of sheltered reefs to 2 m."
746,2c1dbcdc-dc83-5025-b441-21de7ef556a6,Leopard Blenny,Exallias brevis,pending_review,account transcription confidence is not high; identification descriptions are not high-confidence transcriptions,True,SRC-7B23030A,354,355,mr,high,100,medium,,,ID: Large with high arched back; pale gray to red undercolor with netted pattern of brown to red spots; branched cirri above eye and fringe-like cirri across nape. Solitary; commonly among branches of Pocillopora corals. Coral-rich reefs 3-20 m.
747,9e22c86e-f0e5-5cdb-8edf-8a45c860d37b,Filamented Goby,Exyrias bellisimus,pending_review,identity confidence is below the inclusion threshold; account transcription confidence is not high; identification descriptions are not high-confidence transcriptions,True,SRC-34A73859,321,322,tl,high,99.6,medium,,,"ID: Brown with row of dark diffuse spots on side and another on back, large dorsal fins with dash line and spot markings. Solitary or form groups. Mud bottoms of silty coastal reefs and lagoons to 30 m."
748,52ad8cd3-6362-5faf-b92a-edc3d215c55c,Ferraris’ Goby,Exyrias ferrarisi,pending_review,identity confidence is below the inclusion threshold,True,SRC-2616D5FF,320,321,mr,high,90.2,high,,,"ID: Brown to gray with brown spotting and lines; dark brown “ear"" spot, 4 large dark blotches on side; tail sail-like 1st dorsal fin. Solitary or in pairs. Silty inshore reefs in 1-8 m."
749,df8bd0a4-c933-5c45-81f3-6ebcc0f2a042,Puntang Goby,Exyrias puntang,pending_review,account transcription confidence is not high; identification descriptions are not high-confidence transcriptions,True,SRC-72DBD80E,320,321,bl,high,100,medium,,,"ID: Mole - Light brown with diffuse dark brown bars and scattered white spots; large filamentous 1st dorsal fin with dark dashes. Solitary or form groups. Mud and algal bottoms of mangrove shores, estuaries and brackish lakes to 5 m."
750,32b0d5bf-0d95-57ae-943e-0dbe3294675f,Cornetfish,Fistularia commersonii,pending_review,account transcription confidence is not high; identification descriptions are not high-confidence transcriptions,True,SRC-844F70D5,400,401,br,high,100,medium,,,"ID: Silvery with pale olive back; elongated snout, body and whip-like tai] filament; may display blue mid-lateral stripe from head to tail base. Solitary or form schools. Virtually all habitats to 128 m."
751,563f7e8c-9419-57ba-80c6-3e42e7b9f537,Weedy Cardinalfish,Foa fo,pending_review,identity confidence is below the inclusion threshold; account transcription confidence is not high,True,SRC-150CB6A6,264,265,bl,low,,low,,,"‘ED: Brown with nuinarous white blotches; whitish inegular aton.on Wading edge of ores] and ventral fins: Solitary = form small groups. Seagrass beds, weed, sand and rubble axons 10 16m."
752,000961c8-1cb5-5712-a5aa-a1d382cd6433,Hyaline Cardinalfish,Foa hyalina,pending_review,account transcription confidence is not high; identification descriptions are not high-confidence transcriptions,True,SRC-FDC13EC1,264,265,mr,high,100,medium,,,ID: Pinkish to mauve; red-brown bands radiate from eye several red-brown bars of irregular width on front of body. Solitary. Shelter among Sinularia leather corals of coastal and lagoon reefs in 2-15 m.
753,7158cb74-4a84-551b-a3a5-a8cfef6f0ff3,Longnose Butterflyfish,Forcipiger flavissimus,pending_review,account transcription confidence is not high; no identification description,True,SRC-B3E82B08,30,31,ml,high,100,medium,,,
754,3268af9a-5a26-508a-849f-33b9197beeab,Big Longnose Coralfish,Forcipiger longirostris,pending_review,identity confidence is below the inclusion threshold; account transcription confidence is not high; identification descriptions are not high-confidence transcriptions,True,SRC-E8E5FFDC,30,31,tl,high,99.4,medium,,,ID: Yellow with black upper head and silvery white below extremely elongate snout: black spots on breast. spot on anal fin below tail base. Solitary or in pairs. Outer reefs in 5-60 m.
755,64bb1d42-9639-51fd-bd33-dc19e72f36b4,Spotless Cardinalfish,Fowleria marmorata,pending_review,account transcription confidence is not high; identification descriptions are not high-confidence transcriptions,True,SRC-7852D560,264,265,ml,high,100,medium,,,"ID: Pale reddish brown with about 5-8 dusky reddish brown bars on side; thin dark bands radiate from rear eye, large ocellated black spot on gill cover. Solitary and cryptic. Hide in ctevices and corals of coastal, lagoon and outer reefs in 1-20 m."
756,db3970de-ac4c-55e9-8990-d9b6b5592f05,Spotless Cardinalfish,Fowleria vaiulae,pending_review,identity confidence is below the inclusion threshold; no identification description,True,SRC-11D6C634,264,265,tr,high,94.3,high,,,
757,08d61847-f3b1-56a1-993c-c2c2fbe1f05f,Variegated Cardinalfish,Fowleria variegata,pending_review,identity confidence is below the inclusion threshold; no identification description,True,SRC-EC6280BE,264,265,tl,high,91,high,,,
758,a032cd6b-3923-5b0f-88b2-1595ba56862c,Tiger Sergeant,Galeocerdo cuvier,included,,True,SRC-42EAB667,453,454,tl,high,100,high,,,"ID: Gray with dusky bars and patches; large head and mouth with short bluntly rounded snout, long slender tail with pointed tip. Solitary and considered dangerous. Coastal and offshore reefs to at least 75 m."
759,3fb46bc7-2e4c-5b63-b4cd-8212059a73e1,Toothpony Toadfish,Gazza minuta,pending_review,account transcription confidence is not high; identification descriptions are not high-confidence transcriptions,True,SRC-08F08C94,137,138,ml,high,100,medium,,,ID: Silvery gray with bold maze-like pattern of dark markings on back. Usuaily form aggregations. Silty coastal reefs to 40 m.
760,cc4394d7-ce81-515e-b22a-22d5892c0913,Omate Angelfish,Genicanthus bellus,included,,True,SRC-D04E0C28,39,40,bl,high,100,high,,,"ID: Mele - Light gray: golden orange stripe along base of dorsal fin and another on mid-body, borders of tail blue. Solitary or form groups: feed on plankton above bottom. Outer reefs, 25-110 m; rare above 50 m. Scattered Range: Philippines and scattered east Pacific Is. to Mariana and Marshall Is. Also Society is. in French Polynesia. | berneceenee TD: Male - Light gray; golden orange. stripe along base al fin and enottes on mld Heiner Srpeieg doreal thiil-body, Solitary or form groups; feed on plankton above bottom, Outer reais, 25-110 m; rere shove 50m. ‘Scatteced Range: Philippines and scattered est Pacific Is, to ‘Mariana and Marsitall Is. Also Society Js. in Franch Polynesia."
761,a6fa8f3d-5261-5225-9d0e-da8768eddf13,Zebra Angelfish,Genicanthus caudovittatus,pending_review,account transcription confidence is not high; identification descriptions are not high-confidence transcriptions,True,SRC-CBC9A30A,40,41,tl,high,100,medium,,,ID: Mole - White with numerous black bars; blackened area on middle of dorsal fin. Solitary or in harems; feed on zooplankton well above bottom: capable of sex reversal. Outer reefs in 15-70 m.
762,ffadf689-450a-5699-a5aa-f363e72c7eb0,Blackstriped Angelfish,Genicanthus lamarck,included,,True,SRC-D5EF86CC,41,42,tl,high,100,high,,,"ID: Mole - White with 4 black stripes; broad black stripe on outer edge of dorsal fin: black speckles on tail. Form groups. Outer reefs in 10-50 m. | | «Wise with black stipes; broad black stipe on TD: Male ~ 4 outer of dorsal fin; black spackias: = ted, Form groups. | herein howe Ce ee ea aa Pemingala, Enbipeee,"
763,3b15fa37-c6d7-5f51-9d7e-fd5391a37bdd,Black-spot Angelfish,Genicanthus melanospilos,pending_review,identity confidence is below the inclusion threshold; account transcription confidence is not high; identification descriptions are not high-confidence transcriptions,True,SRC-31111016,40,41,ml,high,94,medium,,,ID: Male - White with numerous black bars; gold spots on dorsal and tail fins. In pairs or harems; feed on zooplankton above bottom. Outer reef slopes in 20-45 m.
764,b9835fd1-efad-5c39-ab1b-8d199053028e,Half-banded Angelfish,Genicanthus semicinctus,pending_review,account transcription confidence is not high; identification descriptions are not high-confidence transcriptions,True,SRC-DE4CC937,40,41,bl,high,100,medium,,,"ID: Mole - Grayish with black bars that end above yellowish belly; light gray bars on chest, spotted tail. Usually form groups. Outer reef slopes in 10-50 m."
765,8afe541c-b870-5a76-8921-943c93c2f85c,Japanese Swallow Angelfish,Genicanthus semifasciatus,pending_review,account transcription confidence is not high,True,SRC-278F143B,41,42,bl,high,100,medium,,,"ID: Mele - White with numerous close-set wavy bars on 1 upper body, yellow on head extends into a yellow mid-body 1 stripe; yellow spots on dorsal and tail fins. Usually form same-sex groups. Rock or coral reefs in 15-100 m. | ID: Bale:- White with numerous close-set wivy bars-on ‘upper body, yellow an head extends inte a yellow mid-body szipe; yellow spots on doteal an tail fins. Usually form Tole:"
766,2770a29e-12fa-535a-8a2d-3a6b0a2f4b7c,Pinstriped Angelfish,Genicanthus watanabei,pending_review,identity confidence is below the inclusion threshold,True,SRC-C19B97BF,41,42,ml,high,91.6,high,,,ID: Male - Bluish head and back with alternating black and white stripes on remainder of body. Usually form mixed-sex feeding aggregations above reefs. Outer reefs in 12-80 m.
767,4d77dfec-05ec-5683-8962-bbd5336f3eb7,Longtail Silver Biddy,Gerres acinaces,pending_review,account transcription confidence is not high; no identification description,True,SRC-AA5DD4BD,136,137,tr,high,100,medium,,,
768,801687bf-0384-5404-8d14-b8c9416afa27,Deep-bodied Silver Biddy,Gerres erythrourus,pending_review,identity confidence is below the inclusion threshold; account transcription confidence is not high; identification descriptions are not high-confidence transcriptions,True,SRC-950B95A5,136,137,tl,high,86.3,medium,,,"ID: Silver with dusky bars and darkish tail, yellow ventral fins. Form loose groups to small schools. Sand flats and slopes to 40 m."
769,dfb3a117-7bd4-59f2-94e3-e66b1453c720,Oblong Silver Biddy,Gerres oblongus,included,,True,SRC-68479F87,136,137,ml,high,100,high,,,ID: Silver with ovular spots forming broken stripes. Solitary or form loose groups. Sandy areas near reefs.
770,d83a4b0b-7d37-5032-b7bf-e4f3e8078ce8,Blacktip Silver Biddy,Gerres oyena,pending_review,account transcription confidence is not high; identification descriptions are not high-confidence transcriptions,True,SRC-B36B426A,136,137,mr,high,100,medium,,,ID: Silver with obvious scales; unmarked except for a blackish margin on dorsal fin (more intense at front). Solitary or form small groups. Common along sandy beaches and sand bottoms near reefs to 10m.
771,744326d5-f1c8-596d-8481-b94c49b5265b,Threadfin,Glaucosoma magnificum,pending_review,identity confidence is below the inclusion threshold; account transcription confidence is not high; identification descriptions are not high-confidence transcriptions,True,SRC-5578B0FE,137,138,tl,high,97.7,medium,,,"ID: Compressed oval body; silver with greenish mottling on rear body; brown eye bar, white spot below rear dorsal fin filament trails from fore iobe of rear dorsal fin. Usually form schools. Coastal reefs and tawling grounds in 10-30 m."
772,d72d7e2b-761e-5180-8c2a-64717ee96200,Delicate Blenny,Glyptoparus delicatulus,included,,True,SRC-FFBD343C,354,355,tl,high,100,high,,,ID: Femele - Tan to pale gray; covered with scattered white spots and rows of brown spots on body; brown to green bar wraps under chin and 2 elongate markings behind. In pairs or form small groups. Dead reefs with algal turf in 2-8 m.
773,525bf47e-3fe8-5954-b354-b608a7bad062,Golden Trevally Jack,Gnathanodon speciosus,included,,True,SRC-A96E0959,128,129,bl,high,100,high,,,"ID: Jeveniles / Young Addis - Bright yellow to silver with 7-11 black bars are replaced by a few black patches or spots on adults fins yellow. Small groups of juveniles to 5 cm often accompany large pelagic fishes. Tiny juveniles often with jellyfishes. Coastal, lagoons and outer reefs."
774,71c8bf0b-f57f-52e3-a12b-2d8df4e427d4,,Gnathodentex aureolineatus,pending_review,identity confidence is below the inclusion threshold; account transcription confidence is not high; printed identity is incomplete; no identification description,True,SRC-7B2857F2,11,12,,low,23.8,low,,,
775,28041bc7-ca79-50df-a006-d2f26f511769,Redhead Coralgoby,Gnatholepis anjerensis,pending_review,identity confidence is below the inclusion threshold; account transcription confidence is not high; identification descriptions are not high-confidence transcriptions,True,SRC-3BB54365,325,326,ml,low,42.3,medium,,,"1, Back to green boy: Qreen to pink to reddish hisadl covered. pedhthey reds aries sec ay have lots Eine epee. Ually Perth ahr naam elo aera 10m."
776,7fbc9e1c-6113-5e1d-b477-5263070a9bde,Shoulderbar Goby,Gnatholepis cauerensis,pending_review,no identification description,True,SRC-EDC9CF03,322,323,br,high,100,high,,,
777,aef3d235-ec18-5a86-bd89-52239390a658,,Gobiodon exigua,pending_review,identity confidence is below the inclusion threshold; account transcription confidence is not high; printed identity is incomplete; no identification description,True,SRC-FC8720DF,323,324,,low,24.7,medium,,,
778,d66dabb2-38ba-51c1-9bf2-f85d0181697f,Short-whiskered Goby,Gobipsis exigua,included,,True,SRC-FB8F7EDA,323,324,br,high,100,high,,,ID: Elongate body; whitish with brown saddles on back and row of brown spots along lower side. Solitary and cryptic. Hide in coral crevices of seaward reefs in 4-25 m.
779,7ef7e442-a82d-541c-b3f8-f934e583c433,,Gobipsis acicularis,pending_review,identity confidence is below the inclusion threshold; account transcription confidence is not high; printed identity is incomplete; no identification description,True,SRC-56E464A7,324,325,,medium,64.8,medium,,,
780,533a3f98-682c-5d76-b50d-e713c1029b48,Ceram Coralgoby,Gobiodon ceramensis,included,,True,SRC-BB735082,325,326,tl,high,100,high,,,ID: Black without distinctive markings. Solitary or in paizs. Among coral branches (frequently Stylophora pistillata) in lagoons and sheltered coastal reefs in 2-15 m.
781,09735678-2f4d-51b8-a2eb-d5a6953e3d71,Lemon Coralgoby,Gobiodon citrinus,included,,True,SRC-6574F6C9,324,325,tl,high,100,high,,,"ID: Yellow; pair of blue bars through eye and 2nd paiz across tear head. Solitary, Usually rest on branching Acropora corals such as A. nobilis in sheltered lagoons to 15 m."
782,570644b6-a7e1-5a23-83d3-e2819329bd90,Broadbarred Goby,Cobiodon histrio,pending_review,account transcription confidence is not high; identification descriptions are not high-confidence transcriptions,True,SRC-6D98DE31,325,326,tr,high,100,medium,,,"ID: Greenish undercolor with 4-5 brown to black bars on head and about 7 stripes often broken or formed of spot rows. Solitary among branches of Acropora corals, Reefs in 1-15 m. | Seto SS can kaseliaoaiant AB) Greenish undexcotor with 4-5 hrown to biack bars head on and about 7 stripes often broken ox Sormad: of Salary aming banshee of Acropors coe Reals 1-16 15m."
783,5adab4d3-0203-5858-a748-796a215322b7,Yellow Coralgoby,Gobiodon okinawae,pending_review,account transcription confidence is not high; identification descriptions are not high-confidence transcriptions,True,SRC-1058757B,324,325,mr,high,100,medium,,,"ID: Bright yellow; whitish patch under eye. Usually form small groups. Frequently perch on outer surface of corals such as tabletop Acroporas rather than among coral branches, like other species of Gobiodon. Sheltered reefs in 2-15 m."
784,5d9b0503-0128-55b6-a5d8-e10a4b5bbfea,Five-lined Goby,Gobiodon quinquestrigatus,pending_review,identity confidence is below the inclusion threshold; account transcription confidence is not high; no identification description,True,SRC-F53732C6,324,325,bl,medium,76,medium,,,
785,9606b35a-d44e-547d-bed6-566216fc471b,Five-lined Goby,Gobiodon spilophthalmus,pending_review,identity confidence is below the inclusion threshold; account transcription confidence is not high; identification descriptions are not high-confidence transcriptions,True,SRC-AFCBA9E0,324,325,br,medium,81.2,medium,,,"ID: Jwvenie - White with a pair of black stripes, black spots on head and tail. Adwlt - Blackish without markings. Solitary or form groups. On wide variety of corals of sheltered lagoons and coastal reefs in 3-20 m."
786,5af89b7e-ac74-545c-9a78-cd3b0e91101b,Bird Wrasse,Gomphosus varius,included,,True,SRC-2B06E52B,209,210,tl,high,100,high,,,"ID: TP - Slender body with greatly elongate snout; blue- green head, green body: dark streak on pectoral fin. Solitary. Coral-rich areas of lagoons and seaward reefs to 35 m."
787,4884595e-92e9-5193-84cc-030bf934ae46,,Gorgasia maculata,pending_review,identity confidence is below the inclusion threshold; account transcription confidence is not high; printed identity is incomplete; no identification description,True,SRC-9001B7E9,447,448,,low,,low,,,
788,95edd9c3-b5a9-5f60-ab5c-e424c73b933a,Barred Sand Conger Eels,Gorgasia preclara,pending_review,identity confidence is below the inclusion threshold; identification descriptions are not high-confidence transcriptions,True,SRC-D9D9D20C,446,447,bl,low,33.5,high,,,‘TD: White tp light brown with mundmus brown spots on head anal about 12 feraguiar double brown bane on body; relatively pointed snout: and well. developed pectoral fing. Bhan pan avons to aa Sener rts 92 mo.
789,17e10200-b12b-5a5e-bbc4-fd7768b3664d,] Masked Grouper,Gracila albomarginata,pending_review,account transcription confidence is not high; identification descriptions are not high-confidence transcriptions,True,SRC-3494F462,157,158,tr,high,100,medium,,,"ID: Olive head gradating to nearly black on body; large white square on mid-body, mid-lateral row of short narrow dark bars line markings on head, dark spot on white tail base. Solitary hover in mid-water. Steep outer reef slopes in 15-120 m."
790,877a9bd6-dd55-532e-ab75-34c171553554,Double-lined Mackerel,Grammatorcynus bilineatus,pending_review,account transcription confidence is not high; identification descriptions are not high-confidence transcriptions,True,SRC-63CA989D,131,132,ml,high,100,medium,,,on cater reels and around and. steep pinnacles to
791,ce88cb94-3966-591b-93ff-f296b7d62a6e,Curious Wormfish,Gunnelichthys curiosus,included,,True,SRC-90EEBD10,285,286,ml,high,100,high,,,ID: Elongate worm-like body; bluish white with broad orange stripe from snout to tail base; black spot on tail. Solitary or in pairs. Hover or swim with undulating motion just above sand and rubble at base of outer slopes in 9-60 m.
792,a0d8de9d-7588-5f3d-9851-70ae65ecc645,Onespot Wormfish,Gunnelichthys monostigma,pending_review,account transcription confidence is not high; identification descriptions are not high-confidence transcriptions,True,SRC-3803F81B,285,286,mr,high,100,medium,,,"ID: Elongate worm-like body; light blue to tan; small dark spot on rear gill cover of head, biue semicircle under eye. Solitary or in pairs. Hover or swim with undulating motion just above sand and rubble bottoms of lagoons in 6-20 m."
793,676ae852-0ed8-5577-9030-d92b992f8817,Orangestripe Wormfish,Gunnelichthys vindescens,included,,True,SRC-C99EFF56,285,286,br,high,100,high,,,"ID: Elongate worm-like body; orange-brown to salmon with pearly mid-lateral stripe, orange lips, orange stripe through eye bright orange stripe on mid-tail. Solitary or pairs. Hover or swim with undulating motion above sand and nubbie slopes in 3-50 m."
794,7f3b2b53-75fc-5b1a-b8e7-5f4e2a6aa865,Slender Fusilier,Gymnocaesio gymnoptera,included,,True,SRC-053D044E,140,141,bl,high,100,high,,,"ID: Bluish green back, silvery pink to reddish below; 2-3 diffuse ‘wavy stripes on back and narrow yellow to brown stripe below. dark tail tips. Form aggregations, often mix with other fusiliers. Coral reefs in 2-20 m."
795,5605e964-7870-50dd-acd0-34fe2a1b2e29,Blacknape Large-eye Bream,Gymnocranius euanus,pending_review,identity confidence is below the inclusion threshold; identification descriptions are not high-confidence transcriptions,True,SRC-D445347A,117,118,tr,medium,66.3,high,,,"TD; Svecy ray with dark sole centers on heck; derkie bar group. ox yuunle ons small Open sand. ‘onastal reels, Jagoons and outat slopes in 15-60, ‘Wieet Danifice B1it tonem te Bt Dewain Maat feiinen Anand Darelae"
796,f90dc67c-bc71-5365-87f3-19ced04ac024,Yellowsnout Large-eye Bream,Gymnocranius frenatus,pending_review,account transcription confidence is not high; identification descriptions are not high-confidence transcriptions,True,SRC-86EE701C,117,118,mr,high,100,medium,,,ID: Silvery gray; yellowish tint between eyes and on snout 3 wavy blue lines below eye. Solitary or form small groups. Open sand or rubble bottoms of coastal reefs and lagoons in 20-80 m.
797,af0c0738-d3dd-58a4-8a39-39281fc3acbf,Blue-lined Large-eye Bream,Gymnocranius grandoculis,pending_review,account transcription confidence is not high; identification descriptions are not high-confidence transcriptions,True,SRC-1B2497DA,117,118,bl,high,100,medium,,,"ID: Jovenile - Silvery gray: several faint thin bars on side, eye har. Addt - Unmarked except wavy blue lines on cheek; no yellowish tint on snout. Solitary or form small groups. Sand or rubble bottoms in 15-100 m."
798,a9a34d64-fffe-52ad-b6a8-a21ed91688fe,Gray Large-eye Bream,Gymnocranius griseus,included,,True,SRC-55C667E4,117,118,tl,high,100,high,,,"ID: Silvery gray with several irregular dark bars on head and body. Young have heavily blotched pattern with eye bar, and bar across pectoral fins. Solitary or form small groups. Sand or rubble bottoms of coastal reefs in 15-80 m."
799,fa303326-89f6-593b-a0d3-9dd60f335f5b,Bluespotted Large-eye Bream,Gymnocranius microdon,pending_review,account transcription confidence is not high; identification descriptions are not high-confidence transcriptions,True,SRC-3347D51C,117,118,ml,high,100,medium,,,"ID: Silvery gray with dark scale centers on back: darkish bar through and below eye, pale blue spots on head; tail lobes pointed. Solitary or form small groups. Sand or rubble bottoms near reefs and on outer slopes in 20-50 m."
800,a2a3b145-acc4-5526-8100-9f02e544a05a,Zebra Moray,Gymnomuraena zebra,included,,True,SRC-7BE51D8A,442,443,tl,high,100,high,,,"ID: Dark brown with numerous narrow white bars encircling head, body and fins. Solitary, often in open; feed manly on crabs. Inhabit reef crevices and under ledges of exposed reef flats and seaward slopes in 1-40 m."
801,f0ab3c36-9012-51b8-b029-7d2bc58089fe,Dogtooth Tuna,Gymnosarda unicolor,pending_review,account transcription confidence is not high; no identification description,True,SRC-623AD65A,131,132,mr,high,100,medium,,,
802,f1091e9b-b3b3-5db9-b8ef-6eb07a6d6b7d,Broad-banded Pipefish,Halicampus brocki,pending_review,identity confidence is below the inclusion threshold; identification descriptions are not high-confidence transcriptions,True,SRC-ABF29301,429,430,tl,medium,63.5,high,,,"JD: Red to raroon and white altainating bare with thin encircle body, white: tod tail. Lack 12040m. -"
803,7bf09382-1c35-5a6a-b119-588d66d1849d,Brock’s Pipefish,Halicampus macrorhynchus,pending_review,account transcription confidence is not high; identification descriptions are not high-confidence transcriptions,True,SRC-3948A323,429,430,ml,high,100,medium,,,"ID: Variably colored, but commonly shades of red, yellow green or brown; 8-10 pairs of skin flaps on back may resembie smal] “wings,” long snout. Solitary or in pairs. sand and weed bottoms of coastal and lagoon reefs in 4-25 m."
804,9b670c86-1ff3-54d5-b1ef-a9660c03a8d6,Samoan Pipefish,Halicampus mataafae,included,,True,SRC-3409D7F8,429,430,br,high,100,high,,,"ID: Very short snout, skin flap appendages (most noticeable on head), tiny tail; brown to nearly black with narrow whitish saddles along back. Solitary. Inside crevices and under rocks and debris of coastal, lagoon and outer reefs to 15 m. | 1D: Very short snout, skin flap appendages (moet noticeable on head), tiny tail; brown to.nearly black with narrow whitish: sede slong back ‘Solitary. Inside crevices and under rocks and debris of coastal, lagoan and outer reafs to 15m."
805,73ecdef3-89aa-58d4-942f-288c5e1aad69,Glittering Pipefish,Halicampus nitidus,pending_review,account transcription confidence is not high; identification descriptions are not high-confidence transcriptions,True,SRC-4F0EE017,430,431,tl,high,100,medium,,,"ID: Very short snout: silvery white; dark brown altemating bars encircle head and body. Solitary and cryptic. Inside crevices and under rocks of coastal, lagoon and outer reefs to20m."
806,19699253-6a4b-5659-909a-9fc41dfb3522,Argus Wormfish,Halichoeres argus,pending_review,account transcription confidence is not high; identification descriptions are not high-confidence transcriptions,True,SRC-43D5F0AF,216,217,bl,high,100,medium,,,"ID: TP - Mauve with pale polygon on each scale and green back; intricate pattern of curved pink, red, orange and green markings on head. Usually form groups. Seagrass and weed- covered reefs near shore to 5 m."
807,8082a9b2-6cee-5b90-8e51-1e4f3cac1fb3,Two-spotted Wormfish,Halichoeres biocellatus,pending_review,account transcription confidence is not high; identification descriptions are not high-confidence transcriptions,True,SRC-C016B7F5,219,220,mr,high,100,medium,,,"ID: TP - Alternating red and green stripes on head fade onto forebody, darkish toward rear with 4 wide dusky bars. 1P/JP - Similar, with two pale-ringed dark spots on dorsal fin. Form small groups. Seaward reefs in 6-35 m."
808,6d8d592b-bea5-5ee9-b6b2-94d76088b0f6,Green-headed Wormfish,Halichoeres chlorocephalus,pending_review,account transcription confidence is not high; identification descriptions are not high-confidence transcriptions,True,SRC-22719BFD,214,215,tr,high,100,medium,,,ID: IP - Purple with narrow orange stripes. TP - Dark purple with orange stripes on lime-green head. Form small groups. Silty lagoon and coastal reefs in 15-30 m.
809,d9358f07-ff19-5145-9b57-33af271b9891,Pastel-Green Wrasse,Halichoeres chloropterus,pending_review,account transcription confidence is not high; identification descriptions are not high-confidence transcriptions,True,SRC-3FB3CE98,212,213,mr,high,100,medium,,,"ID: TP - Pastel green with lavender scale spots: lavender markings on head, may display small yellow patch behind eye. Solitary. Protected, silty reefs of lagoons, sheltered coasts and adjacent sand and rubble bottoms to 10 m."
810,252dce43-9ca1-5513-aa25-5c46c1de76cc,Pastel-green Wormfish,Halichoeres chrysus,pending_review,identity confidence is below the inclusion threshold; account transcription confidence is not high; identification descriptions are not high-confidence transcriptions,True,SRC-FA00839A,212,213,mr,low,,low,,,"1 ah leet sot open penton ID: Tf - Pastel green ang hey lpy eal yc pct end Sree and cajacent sand andre bottoms 10m: of lagoons, to"
811,6c756e8e-318b-5fc6-9cdf-0c7e9721a186,Cosmetic Wormfish,Halichoeres cosmetus,included,,True,SRC-652EBF71,219,220,tl,high,100,high,,,ID: TP - Pale greenish with 6-7 bright orange stripes. IP - Similar with pair of pale rimmed black spots on dorsal fin. Solitary or form small loose groups. Lagoons and outer slopes in mixed coral and rubble areas to 30 m.
812,a4a864f3-e1f2-51df-87d3-4df02b109326,Checkerboard Wormfish,Halichoeres hortulanus,included,,True,SRC-C2A7DCCC,218,219,ml,high,100,high,,,"ID: TP - Green with blue bar on each scale; mauve or orange bands on head, pale green area behind head, yellow spot below front of dorsal fin. Solitary. Sand patches of lagoons and seaward reefs to 35 m."
813,e954745e-54dc-50e6-a9b4-808245a1096e,Canarytop Wormfish,Halichoeres leucoxanthus,pending_review,account transcription confidence is not high; identification descriptions are not high-confidence transcriptions,True,SRC-73AB3BC5,212,213,ml,high,100,medium,,,"ID: TP - Bright golden-yellow upper body, white below. IP - Similar, but with 3 black spots on dorsal fin. Form small groups. Sand and rubble fringes of coral reefs in 20-40 m."
814,f6a3d454-371b-55d7-a18d-3540cadf5cc6,Chain-lined Wormfish,Halichoeres leucurus,included,,True,SRC-F7BE5998,213,214,bl,high,100,high,,,"ID: T? - Green with reddish spots on body scales; pink to orange bands on head, blue submargina! band on tail, red spot on rear base of pectoral fin, may display blue blotch behind pectoral fin. Solitary or in pairs. Silty coastal reefs to 15 m."
815,c77cf8a8-7042-50a8-a667-392ffd8c3cbc,Weedy Surge Wormfish,Halichoeres margaritaceus,included,,True,SRC-148CC7AF,218,219,br,high,100,high,,,"ID: TP - Shades of green with mauve scale spots forming a series of blotches along sides: pink diagonal band on cheek. 1P/JP - Similar in appearance. Form groups. Reef flats, shallow tops of patch reefs in areas exposed to surge to 3 m."
816,c3335449-ca92-5b8b-acac-1f112e4d3d0f,Dusky Wormfish,Halichoeres marginatus,included,,True,SRC-C940BE3A,217,218,bl,high,100,high,,,"ID: TP - Green to brownish, tail green with ornate central bar; narrow blue bands on head, stripes of joined dark blue spots on body. Solitary or form small groups. Coral-rich areas of lagoons and outer reefs to 30 m."
817,a08de5bf-b125-57ed-b5c6-07f2cf88f7e0,Black Spot Wormfish,Halichoeres melanochir,included,,True,SRC-6FA10F89,217,218,br,high,100,high,,,ID: P - Purple with black spots and black scale margins on side prominent black spot covering pectoral fin base. TP - Similar but with yellow tail fin. Solitary or in pairs or small groups. Sand and rubble fringe of coral reefs in 5-25 m.
818,558769eb-54db-5cb8-b778-154f08891bfb,Pinstriped Wormfish,Halichoeres melanurus,included,,True,SRC-E8610F73,213,214,tl,high,100,high,,,"ID: TP - Alternating green to blue-green and orange stripes 3-6 narrow blue-green bars on upper side, large yellow spot on pectoral fin base, black tail tip. Solitary or form small groups. Sheltered reefs to 15 m."
819,d8672e57-58d4-5216-afcb-bb299bc7bfb1,Black-eared Wormfish,Halichoeres melasmapomus,included,,True,SRC-CD2A6216,215,216,bl,high,100,high,,,"ID: TP - Lavender body and red tail, green head with blue- edged orange bands; large blue-edged black spot behind eye smaller spot on upper tail base. Solitary or form small groups. Steep outer reefs slopes in 10-56 m."
820,da2e4523-5cb9-5ab7-808e-2e5f625dfcf0,Nebulous Wormfish,Halichoeres nebulosus,pending_review,account transcription confidence is not high; identification descriptions are not high-confidence transcriptions,True,SRC-2575C77E,217,218,mr,high,100,medium,,,"ID: TP - Shades of green; variable mauve markings including large blotch on mid-body, ocellated spot on mid-dorsal fin boomerang-shaped pink marking below eye. Form groups. Shallow weedy areas near reefs to 40 m."
821,4dc8c377-10a8-52e3-8433-dbeda42dd1e6,Greenback Wormfish,Halichoeres nigrescens,included,,True,SRC-33156306,217,218,tl,high,100,high,,,"ID: TP - Dark green upper body, pale below; 4-6 narrow pate bars, purple or reddish bands on head, stripes on upper forebody, bars on tail. Usually form groups. Silty or weedy teefs near shore to 10m."
822,ff5aeab3-bed4-5262-b6dd-27d8b2449f39,Ornate Wormfish,Halichoeres ornatissimus,included,,True,SRC-8C4DF78A,219,220,bl,high,100,high,,,ID: 1P/IP - Greenish with lattice of inter-linked rose stripes and bars; irregular rose and green bands on head; small dark spot behind eye. IP - Less than 10 cm and have spot on middle dorsal fin. Solitary. Lagoon and seaward reefs in 10-40 m.
823,59e858c7-c041-5894-ad99-558d83b163b0,Pale Wormfish,Halichoeres pallidus,pending_review,account transcription confidence is not high; identification descriptions are not high-confidence transcriptions,True,SRC-6E404B03,218,219,tl,high,100,medium,,,"ID: TP - Pink with yellow tail base, large black spot on front of dorsal fin. IP/JP - Similar, but with 3 pale-rimmed black spots on dorsal fin. Form small groups. Steep outer reef slopes in 30-70 m."
824,e7ee43ed-e7f9-51ba-907e-16d5a749cd93,Seagrass Wormfish,Halichoeres papilionaceus,included,,True,SRC-1E86A114,219,220,br,high,100,high,,,"ID: TP - Shades of green with variable mauve bar or blotch markings on back; pink bands on head, black tail margin. Form aggregations. Seagrass beds and weedy areas to 4m."
825,629e2fff-4829-5385-b9b9-7c547d9005d8,Axilspot Wormfish,Halichoeres podostigma,included,,True,SRC-DB378766,216,217,tl,high,100,high,,,"ID: TP - Pale brown upper head, white below and white tail base; black scales on body with contrasting yellow-brown margins; black spot on pectoral fin base and ventral fins. Solitary. Coastal and lagoon reefs in 2-12 m."
826,5bca2d73-7b31-5d92-b465-55dd74866cbf,Twotone Wormfish,Halichoeres prosopeion,included,,True,SRC-B4DC726C,216,217,ml,high,100,high,,,"ID: TP - Purplish head and forebody gradating to yellow rear body; black spot on front of dorsal fin. IP - Similar in appearance. Solitary or form groups. Coral-rich areas of lagoons, patch reefs and outer slopes in 2-40 m."
827,8d2d0075-7e71-51a4-81f7-fc4844ea91ba,Tailspot Wrasse,Halichoeres richmondi,included,,True,SRC-DB269E72,213,214,ml,high,100,high,,,"ID: TP - Pale yellowish green; blue stripes on head, blue-green stripes on body, pectoral fin base yellow, margin of tail blue. Solitary or form small groups. Sheltered reefs of lagoons channels and shorelines to 15 m."
828,828aa5a3-5287-58d2-9245-d20d42fc78e0,Redhead Wormfish,Halichoeres rubricephalus,pending_review,account transcription confidence is not high; identification descriptions are not high-confidence transcriptions,True,SRC-3B6A4E47,215,216,br,high,100,medium,,,"ID: TP - Bright red head, bluish black body. IP - Numerous orange stripes on side, pair of black spots on dorsal fin. Solitary or form small groups, Coastal patch reefs in 15-35 m."
829,64e989bb-f492-5b3c-a4bd-ec9445ef9bd2,Zigzag Wormfish,Halichoeres scapularis,included,,True,SRC-F0666690,215,216,tl,high,100,high,,,"ID: TP - Pale green with blue to lavender scale margins; blue to lavender bands on head, large black diffuse spot on forebody. Solitary or form groups. Sand and rubble bottoms and seagrass beds near reefs to 20 m."
830,43814c34-56f5-58a4-8f67-0f9734075057,Yellowface Wormfish,Halichoeres solorensis,included,,True,SRC-F5DC0B35,214,215,tl,high,100,high,,,"ID: TP - Mauve to gray to nearly black body, yellowish head with pink bands; black spot on pectoral fin base, yellow-ringed black spot on front of dorsal fin. Coral-rich areas of shoreline lagoon and seaward reefs in 10-40 m."
831,27f66e7f-b979-509d-9e63-4a4b7fe0293c,Threespot Wormfish,Halichoeres trimaculatus,pending_review,identity confidence is below the inclusion threshold; account transcription confidence is not high; identification descriptions are not high-confidence transcriptions,True,SRC-D2A8F787,215,216,ml,high,99.5,medium,,,"ID: TP - Pate yellowish green with lavender vertical streak on most scales; lavender bands on head, black spot on upper tail base and dusty to black spot on forebody. Solitary or form groups. Sand and rubble with isolated coral heads to 18 m."
832,cba847ac-3dcb-5a24-b006-0a2c15e0b0ca,Three-blotch Wormfish,Halichoeres trispilus,pending_review,identity confidence is below the inclusion threshold,True,SRC-5A335A31,218,219,tr,high,97.5,high,,,"ID: TP - Pink; 2-3 white stripes through eye, 3 white-edged black spots on dorsal fin, also 2-3 small black spots on upper tail base. Solitary or form groups, Sand and rubble patches below overhanging reefs in 15-50 m."
833,0d001eef-bd23-5b44-9d46-6aaf504cea35,Indian Pinstriped Wormfish,Halichoeres vrolikii,pending_review,account transcription confidence is not high; identification descriptions are not high-confidence transcriptions,True,SRC-0A80F364,214,215,ml,high,100,medium,,,"ID: Tf - Light green with darker green stripes of linked spots 3-4 narrow greenish white bars on back, green and pink bands on head, yellow pectoral fin base. Solitary. Coral reefs in 2-20m."
834,84fa676d-bfe7-5022-84e1-9c52c857862e,Goldstripe Wormfish,Halichoeres zeylonicus,included,,True,SRC-B3B985AF,214,215,bl,high,100,high,,,ID: IP - Green; broad stripe of mauve gradating to orange bright yellow marking around base of pectoral fin. Form small groups. Sand and rubble bottoms near reefs in 10-40 m.
835,229524fd-55e2-58ad-82aa-ea94650acc63,Rhinoceros Triplefin,Helcogramma rhinoceros,pending_review,identity confidence is below the inclusion threshold; account transcription confidence is not high; no identification description,True,SRC-D844CF0A,359,360,tl,high,84.2,medium,,,
836,c15540c0-1a54-537c-86da-d28bbbfe69cc,Redfin Triplefin,Helcogramma stnatum,pending_review,identity confidence is below the inclusion threshold; account transcription confidence is not high; identification descriptions are not high-confidence transcriptions,True,SRC-FC3B73E0,359,360,tr,high,92.9,medium,,,"ID: Red with whitish lower body; 3 white or bluish white stripes, bright yellow iris. Solitary or small groups. Coastal lagoon, and outer reefs to 20 m."
837,7ee80aa1-efc9-5625-a9a0-67ef93086ae4,Vulcan Triplefin,Helcogramma vulcanum,pending_review,account transcription confidence is not high; identification descriptions are not high-confidence transcriptions,True,SRC-F317E3A1,359,360,ml,high,100,medium,,,"ID: Mole - Reddish brown; lower head black with blue stripe under eye, spots on pectoral fin base, 5 pairs of darkish bars on side, red iris. Solitary or with male partner. Rock bottoms exposed surge to 4 m."
838,c848aab0-ef51-549b-995f-146a6e3813a5,Lagoon Damsel,Hemigiyphidodon plagiometopon,pending_review,identity confidence is below the inclusion threshold; account transcription confidence is not high; identification descriptions are not high-confidence transcriptions,True,SRC-2406F52B,71,72,br,high,99.2,medium,,,"ID: Brown; head occasionally pale gradating to dark rear body neo distinctive markings. “Farm” algae; aggressive toward intruders. Sheltered shoreline reefs and lagoons often in areas of siting and turbid water to 20 m. New Guinea, Solomon Is. and Great Barrier Reef. 71"
839,40105df2-0ced-5308-bc06-da6a858adb93,Blackeye Thicklip Wormfish,Hemigymnus melapterus,pending_review,identity confidence is below the inclusion threshold; account transcription confidence is not high; no identification description,True,SRC-3D5F23BA,208,209,mr,high,90.9,medium,,,
840,b2fe6bc4-cb06-5a05-aa9b-5053ba9c3002,Black Pyramid Coralfish,Hemitaunchthys zoster,pending_review,identity confidence is below the inclusion threshold; account transcription confidence is not high; identification descriptions are not high-confidence transcriptions,True,SRC-AAF77B10,30,31,br,high,91.7,medium,,,ID: White pyramid shape formed by dark brown to blackish head and rear body. Form large aggregations; feed on plankton high in water column. Outer slopes to 40 m.
841,4c7e4a16-70d6-5142-9ded-5832a998b89f,Pennant Bannerfish,Heniochus chrysostomus,pending_review,identity confidence is below the inclusion threshold; account transcription confidence is not high; identification descriptions are not high-confidence transcriptions,True,SRC-8AF3B669,28,29,mr,high,94.8,medium,,,"ID: White with black band on head, mid-body and upper rear body, yelow upper snout; tallest dorsal spine trails feather-like pennant. Solitary or in pairs. Inshore and outer reefs in 3-45 m."
842,f5591466-ba33-5c7a-b4dd-e4a3130c6a23,Schooling Bannerfish,Heniochus diphreutes,included,,True,SRC-7F00AD7B,28,29,tl,high,100,high,,,"ID: White with pair of black bands, the second band ending at tip of anal fin; elongate dorsal fin filament. Form large aggregations; solitary or groups. Outer reef slopes in 5-21 m."
843,f608ffee-fa19-5e07-8bbe-babf929faa98,Masked Bannerfish,Heniochus monoceros,included,,True,SRC-4B23110A,28,29,ml,high,100,high,,,"ID: Rear body and fins yellow: white band runs from dorsal fin filament to lower head with dark bar behind; bump on nape. Solitary, in pairs or small groups. Lagoons and outer reefs with rich coral growth in 2-25 m."
844,d65e3d8c-3b7e-53f0-891a-9e0c408c7028,Phantom Bannerfish,Heniochus pleurotaenia,pending_review,account transcription confidence is not high; identification descriptions are not high-confidence transcriptions,True,SRC-C5A98C1F,28,29,bl,high,100,medium,,,"ID: White central bar bordered by pair of wide blackish bands that become brown and converge on back; pair of horns just above eyes; bump on nape. Solitary, in pairs or groups. Coral-rich areas to 25 m."
845,b4650c85-b919-5a6b-99d7-caffe4731ea4,,Halichoeres singularius,pending_review,identity confidence is below the inclusion threshold; account transcription confidence is not high; printed identity is incomplete; no identification description,True,SRC-045FCB1D,27,28,,medium,65.4,medium,,,
846,208f16bc-c664-579e-92aa-7cab8f789bf1,Humphead Bannerfish,Heniochus varius,pending_review,account transcription confidence is not high; identification descriptions are not high-confidence transcriptions,True,SRC-47E7C38F,28,29,br,high,100,medium,,,"ID: Large brown to black triangular area on body; pair of homs just above eyes; bump on nape. Solitary, in pairs or form groups; often under ledges. Coral-rich areas of lagoons and seaward reef slopes in 2-30 m."
847,ff30ca9b-475f-510e-bcff-de5583e8f30a,,Heteroconger enigmaticus,pending_review,identity confidence is below the inclusion threshold; account transcription confidence is not high; printed identity is incomplete; no identification description,True,SRC-17124E24,447,448,,low,,low,,,
848,457049e0-41ad-5319-b13c-01491df9b792,Spotted Garden Eel,Heteroconger hassi,pending_review,account transcription confidence is not high; identification descriptions are not high-confidence transcriptions,True,SRC-47D2C88E,447,448,ml,high,100,medium,,,"ID: Whitish with dense covering of small black spots; large black patch over gill opening, on back and over anus. Form large colonies on sandy bottoms in lagoons and around seaward reefs in 5-50 m."
849,9177b115-c1ac-5765-b426-6448e27e61ea,Dusky Garden Eel,Heteroconger perissodon,included,,True,SRC-0EDC9997,447,448,bl,high,100,high,,,"ID: Mottled brown flecked with irregular white to bluish gxay spots; white patch on gill cover, narrow white margin on dorsal fin. Solitary or form colonies on sand or mud bottoms in sheltered bays and coastal slopes in 1-35 m."
850,3d9646d3-9389-59d9-bf9a-79ff0018ddac,Banded Garden Eel,Heteroconger polyzona,pending_review,account transcription confidence is not high; identification descriptions are not high-confidence transcriptions,True,SRC-AAE37846,447,448,tr,high,100,medium,,,ID: White with numerous close-set narrow dark bars (most do Not completely encircle body). Form colonies on sand bottoms near reefs in sheltered bays and on coastal slopes in 1-10 m.
851,f3acf6ff-1267-5c36-9412-853282032c20,,Heteroconger taylori,pending_review,identity confidence is below the inclusion threshold; account transcription confidence is not high; printed identity is incomplete; no identification description,True,SRC-6CA654ED,447,448,,low,,low,,,
852,33396fa1-bcc9-5e8a-ad02-3793285976bd,Sand Goby,Heteroplopomus barbatus,included,,True,SRC-20894097,323,324,bl,high,100,high,,,ID: Translucent with brown and white spotting including paired brown spots interspersed with white spots on rear lower side. Identification tentative. Solitary. Sand of sheltered reefs in 2-20 m. | 3D; Translucent with brown and white spotting inciuding paired brown spots interspersed with white spots jower side. Identification tentative. Solitary. Sand of sheltered reafs:in 2-20.
853,08020ee6-f8e6-5442-b240-bd6ebc4da0bf,Glasseye Bigeye,Heteropniacanthus cruentatus,pending_review,account transcription confidence is not high; identification descriptions are not high-confidence transcriptions,True,SRC-38C07F76,244,245,bl,high,100,medium,,,ID: Variable red to silvery with distinct to obscure bars or hiotches; fins lightly spotted or mottled; tail slightly rounded. Solitary or form small groups: drift next to coral heads during day. Lagoon and seaward reefs in 3-20 m.
854,f272b8c6-75b7-5c3f-8d83-ceb0e8743c55,Tahitian ‘ingray,Himantura fai,included,,True,SRC-EBDC8056,457,458,tl,high,100,high,,,"ID: Light gray to pinkish brown, occasionally blotched or mottled; snout bluntly pointed, rounded “wings” and long tapering tail can be nearly 3 times disc diameter. Solitary or form aggregations. Sand and rubble of lagoons to 20 m."
855,fdd38925-1cfd-5220-a7ae-e03e7c3b7bea,Whitetail ‘ingray,Himantura granulata,included,,True,SRC-8508866D,456,457,br,high,100,high,,,"ID: Dark slate gray, often with scattered white spots and pale borders on disc; stingers (usually 2) and tail behind white. Solitary. On sand bottoms of lagoons, bays and protected areas around shallow reefs"
856,585a484d-2d1e-51a7-9905-78b98faf5ed4,Estuary Pipefish,Hippichthys cyanospilus,pending_review,account transcription confidence is not high; identification descriptions are not high-confidence transcriptions,True,SRC-68F969AB,430,431,tr,high,100,medium,,,"ID: Yellow to greenish or nearly black; white and dark bars on lower half of snout; 12-1§ whitish saddles or spots on back and mid-side. Solitary. Tidal estuaries, mangroves and brackish creeks to 4 m."
857,40c4368b-bc45-532e-8a84-6e717de6c252,Gorgonian Pygmy Seahorse,Hippocampus barbouri,pending_review,identity confidence is below the inclusion threshold; account transcription confidence is not high,True,SRC-756C9DB1,432,433,ml,low,,low,,,"‘toSmm (Yin) ‘Seahorses - Syngnathidas ewe ID: Exceedingly ‘ith supellent camouRage coleestion, ar idathonone eas carls) ad gegen Organ pipe coral, sea fans, Coral reais in 10-60 m,"
858,de4b1e29-c522-54a6-aa35-0c66a0feac61,Pygmy Seahorse,Hippocampus bargibanti,pending_review,identity confidence is below the inclusion threshold; account transcription confidence is not high,True,SRC-E8F5B326,432,433,mr,low,,low,,,"mD: xize, smooth skin texture, prota‘ Fr, SO, Sooty aa otoune Ackng eke nae orl or cy als in 8-16 m, Tovaltsed: Lard Howe 1, and Milne Sty Province ip Papua jew Guinier. nd"
859,889d11d5-bb17-5197-8285-132aeaa6dac4,,Hippocampus comes,pending_review,identity confidence is below the inclusion threshold; account transcription confidence is not high; printed identity is incomplete; no identification description,True,SRC-27611082,433,434,,low,,low,,,
860,8090c447-3b46-5149-9876-4a1a3d933b3b,Thorny Seahorse,Hippocampus hystrix,pending_review,identity confidence is below the inclusion threshold; account transcription confidence is not high,True,SRC-F957A92D,431,432,mr,high,94,medium,,,"ID: Spines protrude from head and body ridges, elongate snout usually with a few white bars; variable shades of red brown, yellow or green, often with gold speckling. Solitary Sponges, gorgonians. soft corals and weeds of coastal reefs in 10-25 m. | 1D: Spines protrude from head ‘and body ridges, elongata Brown ylow gion fe wit gu pecking. Say. Sponges, goryonians, soft cardls and weeds of coastal reefs «10-25 m."
861,62af111a-c30c-54ed-915d-27cdee4505ff,Smooth Seahorse,Hippocampus kampylotrachelos,included,,True,SRC-EC129FBD,433,434,mr,high,100,high,,,"ID: Dusky brown with white speckles, lines radiate from pupil; poorly developed crown, slender body without thomy projections, Solitary. Estuaries and offshore sand and mud bottoms in 3-30 m."
862,b21f6b66-e27f-53f5-a189-2b64882a888f,Estuary Seahorse,Hippocampus kuda,included,,True,SRC-E8A239AB,433,434,tl,high,100,high,,,"ID: Drab brown to back with sprinkling of small dark spots blunt crown, often long filaments on crown and snout smooth knobs on body ridges, black sub-marginal band on dorsal fin. Solitary. Estuaries, mangroves and bays to 10 m. | ID: Diab brown to back with prinkting of smal dark spots; Bint crows, often Jo Siaments an crown end enout, smooth knobs on oa ay iagos, black su moagtnal ‘dorsal fin. Solitary. Retuarias, mangroves. and t020m,"
863,f46bd107-d5cd-5c6c-a03c-8b98b69740a4,Moluccan Seahorse,Hippocampus moluccensis,included,,True,SRC-3F73A863,433,434,ml,high,100,high,,,"ID: Variable from brown, purplish, reddish, orangish or yellow frequently white saddies on neck and back, white striations around eye; knobby crown often with filaments. Solitary. Open sand and mud bottoms of coastal areas to 20 m."
864,8b2e8670-bfc9-5fe2-a69b-aaed20b3ce89,,Hippocampus polytaenia,pending_review,identity confidence is below the inclusion threshold; account transcription confidence is not high; printed identity is incomplete; no identification description,True,SRC-B688DFD9,433,434,,low,,low,,,
865,cf7ea288-d448-52f2-8e2b-fe08d17bdb4c,Common Seahorse,Hippocampus taeniopterus,included,,True,SRC-5605990F,432,433,br,high,100,high,,,"ID: Dusky brown to blackish; covered with tiny black and white spots, females sometimes yellowish with several dark spots; back-swept relatively smooth crown. Solitary. Seagrass beds and mangroves to 15 m."
866,ad349216-696d-5a91-877e-0a91bd733488,Longnose Parrotfish,Tipposcarus harid,pending_review,account transcription confidence is not high; identification descriptions are not high-confidence transcriptions,True,SRC-10FD4C79,179,180,mr,high,100,medium,,,"ID: TP - Long snout; pale yellow to green with vertical blue streaks on scales, blue tail; elongate tail lobes. IP - Similar, but lack elongate tail lobes. Form aggregations. Sheltered areas usually on sand bottoms near reefs to 25 m."
867,989e7f65-0ec9-5540-adb3-308955f78bb0,Pacific Longnose Parrotfish,Tipposcarus longiceps,pending_review,account transcription confidence is not high; identification descriptions are not high-confidence transcriptions,True,SRC-6B148C6A,179,180,bl,high,100,medium,,,"ID: IP - Long snout; pale yellowish gray with pale vertical streaks on scales, yellow tail base; short tail lobes. TP - Similar but lack yellow tail base. Lagoons and seaward reefs on sand. bottoms near reefs in 2-40 m."
868,094d1295-0561-54cc-a30c-d4a91004b637,Sargassumfish,Tistrio histrio,pending_review,account transcription confidence is not high; identification descriptions are not high-confidence transcriptions,True,SRC-5C50995B,367,368,br,high,100,medium,,,"ID: Shades of brown to yellow with skin flaps, random lines spots and dusky blotches. Usually solitary: several individuals may inhabit same float of Sargassum seaweed. in Sargassum or other algae patches near surface near shore to open ocean."
869,6c01745a-87d6-5f86-b164-426816c1c906,Pastel Ring Wormfish,Hologymnosus doliatus,pending_review,identity confidence is below the inclusion threshold,True,SRC-C296F938,211,212,tl,high,85.3,high,,,"ID: TP - Elongate; light green; blue and green markings on head, numerous blue body bars, wide pale bar with blue borders on forebody, bicolor spot on edge of gill cover. Solitary. Mixed sand, rubble and coral areas to 30 m."
870,c99eef11-e052-5dd4-99ca-0e9e7a4e980a,Redback Ring Wormfish,Hologymnosus rhodonotus,pending_review,identity confidence is below the inclusion threshold,True,SRC-6C59DE7D,211,212,bl,high,86.2,high,,,"ID: ® - Elongate; white with 3-4 red stripes becoming yellow towards tail, white belly; dark “ear” spot. TP - Solid red upper half, white below. Solitary or form groups. Mixed rubble, coral and Halimeda algae in 15-40 m."
871,9d6d82f7-beab-52e7-bf23-a0115cf267f6,Pale Tilefish,Hoplolatilus cuniculus,pending_review,identity confidence is below the inclusion threshold,True,SRC-2894079E,287,288,bl,high,99.3,high,,,"ID: Pale gray to yellowish with fine blue margin on dorsal and anal fins. Solitary, in pairs or loose colonies; shy, quickly Tetreat to burrows when threatened. Rubble slopes on outer reefs in 25-115 m."
872,5afb0e54-10c3-5b11-b29a-eb4a93774a39,Stocky Tilefish,Hopiolatilus fronticinctus,pending_review,account transcription confidence is not high; identification descriptions are not high-confidence transcriptions,True,SRC-C40B6428,287,288,mr,high,100,medium,,,ID: Pale blue to green with long blue patch from end of rear dorsal fin to tail; stouv/deep body compared to other tilefishes. Groups hover above huge constructed mounds of sand and mbble on deep sand and rubble slopes in 35-70 m.
873,213631b4-5ddc-5d40-98d3-3dee5cf58100,Yellow Tilefish,Hoplolatilus luteus,pending_review,identity confidence is below the inclusion threshold; account transcription confidence is not high; identification descriptions are not high-confidence transcriptions,True,SRC-7EF3D93E,287,288,br,high,98.2,medium,,,"ID: Yellow with whitish breast and belly; blue marking above eye, black spot on upper gill cover. Solitary or form smail groups. Flat mud or fine silt bottoms well away from reefs in 30-40 m."
874,5a91ba37-ce1b-556d-adc7-48a2eb2f5eea,Redlined Tilefish,Hoplolatilus marcosi,pending_review,identity confidence is below the inclusion threshold; account transcription confidence is not high; identification descriptions are not high-confidence transcriptions,True,SRC-3106C807,288,289,ml,medium,78.5,medium,,,"ID: White with vivid arching red stripe that narrows on rear body before widening on tail. Solitary or form small groups shy, retreat to sandy burrow when threatened. Sand and tubble slopes of seaward reefs in 18-60 m."
875,d66dcab5-ea2e-5120-9423-99c606717c28,Purple Tilefish,Hoplolatilus purpureus,pending_review,identity confidence is below the inclusion threshold,True,SRC-1F5B5912,288,289,tr,high,99.3,high,,,"ID: Lavender with broad dark red to black upper and lower borders on tail. Solitary or form small groups: shy, retreating to sandy burrow when threatened, Sand and rubble slopes of seaward reefs in 18-80 m."
876,1193e8cd-2e4d-5964-abd6-5b9e27611647,Bluehead Tilefish,Hoploiatilus starcki,pending_review,identity confidence is below the inclusion threshold; account transcription confidence is not high; identification descriptions are not high-confidence transcriptions,True,SRC-F9CC8365,288,289,tl,medium,73.3,medium,,,"PEs etowsih tt wth ig hee ad i yellowtail. dewalie- Sky bine without meriing. Similar to ‘Queen Anthias; offen mix veith anthise. Usually in pains, Hover above ‘burroves of sand and rubble on outer reef: ‘in. 20-106 m."
877,f5f18976-ed6c-5013-93fd-93addf9cea0e,Celebes Razorfish,Iniistius celebicus,included,,True,SRC-59791A3D,234,235,tr,high,100,high,,,"ID: TP - Pale gray back and white below; large black patch on mid-forebody, horizontally elongate black streak on tail base. Solitary or form loose groups. Open over sand areas near reefs in 5-20 m."
878,d8dfc9fa-b95d-5a38-8dc1-66ecd6c1fcca,Peacock Razorfish,Inistius pavo,pending_review,account transcription confidence is not high; identification descriptions are not high-confidence transcriptions,True,SRC-3175B5F8,233,234,ml,high,100,medium,,,"ID: Te - Steep blunt head; light gray; whitish patch on lower forebody with one or two black spots above, may display dusky bars. Solitary; dive into sand when alarmed and to sleep at night Open sand areas neaz reefs in 20-100 m. | ‘3D: IP - Steep blunt heed; light gray; whitish patch on lower forebody with one or blecs spate cbove, iaxy display bo Seay civ dusky bars. dive into sand when alarmed and to sleep at night Open sand areas near reefs in 20-100 m, Tarte Deaf: Rex Set oped Afton to Hawall, French Polynesia and Contral Ametice. - 8. Japan to. | Ponrack Rezarfish - JP Variation ID: Long ist dorsal fin spines, Diunt bead whitish whitish with 3-4 brown bars:‘on beazt-and Arne b spots on foreback, mid and rear domal"
879,a8a55dc8-805e-569f-ac7b-aa2d40b54b73,Fivefinger Razorfish,Inustius pentadactylus,included,,True,SRC-CD31AFBE,233,234,tl,high,100,high,,,"ID: TP - Greenish gray; 4-5 overlapping red spots (appear dark underwater) above pectoral fin, often whitish area followed by a dark blotch on forebody: steep blunt head. Solitary or form loose groups. Sand to mud slopes to 30 m."
880,d441958b-a1e3-51b4-8e0b-b5d25ba25295,Blackbarred Razorfish,Tistrio tetrazona,pending_review,identity confidence is below the inclusion threshold; account transcription confidence is not high; no identification description,True,SRC-75B270E2,234,235,,low,,low,,,
881,9e83daba-901a-5d58-bc73-f082e22802fd,Spiny Devilfish,Inimicus didactylus,pending_review,identity confidence is below the inclusion threshold,True,SRC-67E2E35B,379,380,tl,high,99,high,,,"ID: Uptumed snout and bulbous eyes set on top of head fan-like pectoral fins, dorsal fin with isolated spiky spines except 1st 3 connected with membrane. Solitary or in pairs. Sand, rubble, silt and mud of protected inshore reefs m1 5-40 m_"
882,fc2b687e-1733-5654-9271-9ae4aca4d045,Spotted Devilfish,Jnimicus sinensis,pending_review,identity confidence is below the inclusion threshold; account transcription confidence is not high; identification descriptions are not high-confidence transcriptions,True,SRC-E6A50FEC,379,380,br,high,98.3,medium,,,ID: Similar to Spiny Devilfish and Caledonian Devilfish [previous] best distinguished by dark inner surface of pectoral fin with large pale to yellow spots (no bands of color). Solitary. Sand Tubble and mud in 5-90 m.
883,17811cfe-5cae-5221-91c4-8c5be82684b0,Streaky Rockskipper Blenny,Jsublennius dussumieni,pending_review,identity confidence is below the inclusion threshold; account transcription confidence is not high; identification descriptions are not high-confidence transcriptions,True,SRC-C5CA2F1A,355,356,tl,medium,76,medium,,,ID: Pale gray with series of gray rectangular markings and vertical lines combine to form unaligned bars; black spots on forebody; branched tentacle above eye. Solitary or form groups. Sheltered rocky shores to 1 m.
884,f9f3f9d9-9ff7-5273-8543-c87018d04c00,,Tistrio edentulus,pending_review,identity confidence is below the inclusion threshold; account transcription confidence is not high; printed identity is incomplete; identification descriptions are not high-confidence transcriptions,True,SRC-40A926C2,355,356,tl,low,29.5,medium,,,‘ID: Pale: with seties of gray rectangular inarkings and: gn forebody; branched tentacte above eye. Solitary orform (groups. Sheltered rocky shores to 1m. Tain Winst Dandiie TE Aivins bn Tl Takuan tn Andiala
885,60424591-66dd-5a04-b0e7-388745027869,Streaky Rockskipper Blenny,Ustiblennius lineatus,pending_review,identity confidence is below the inclusion threshold; account transcription confidence is not high; identification descriptions are not high-confidence transcriptions,True,SRC-CD91C39C,355,356,ml,high,89.2,medium,,,ID: Female - Gray with vertical black lines on head and horizontal gray to black lines on sides. Male - Skin flap on top of head. Usually in groups that graze algae from rocks. Rocky shores and intertidal zone exposed to waves to 2 m.
886,b20aff45-13ab-5b2e-b425-52124a2f7130,Omate Goby,Istigobius ornatus,pending_review,identity confidence is below the inclusion threshold; account transcription confidence is not high; identification descriptions are not high-confidence transcriptions,True,SRC-DC4A2526,326,327,tl,medium,74.9,medium,,,"ID: Pale gray upper body with white below; numerous black streaks arranged in horizontal rows on side, yellowish tip on ist dorsal fin. Solitary or form groups. Silt or mud bottoms of mangroves and protected bays to 2 m."
887,c9670ac7-2e6b-5b62-b4b6-e80c7c723215,Orangespotted Goby,Istigobius rigilius,pending_review,identity confidence is below the inclusion threshold; account transcription confidence is not high; identification descriptions are not high-confidence transcriptions,True,SRC-02576E3E,325,326,mr,high,91.2,medium,,,"ID: Translucent-whitish with numerous small orangish brown and white spots, mid-lateral row of slightly larger orangish brown double spots. Solitary. Clean sand and rubble bottoms of lagoon and seaward reefs to 30 m."
888,c7cdf08a-925a-5ed1-b85d-8fafa0bd1d2c,Barred Flagtail,Kuhlia mugil,pending_review,identity confidence is below the inclusion threshold; account transcription confidence is not high; identification descriptions are not high-confidence transcriptions,True,SRC-ED30D090,136,137,bl,high,90.7,medium,,,"ID: Silvery, perch-like fish with striped pattern on tail. Frequently form schools. Rocky surf zones. Juveniles often inhabit rocky tide pools."
889,21fe3005-67fb-5dea-928a-487617f1dfbe,Plain Flagtail,Kuhlia petit,pending_review,account transcription confidence is not high; identification descriptions are not high-confidence transcriptions,True,SRC-F188F970,136,137,br,high,100,medium,,,"ID: Silvery with no distinguishing markings: may mix with Barred Flagtail, but lack of bold markings on tail. Form aggregations in surf zone of rocky shores or in tide pools."
890,82f2ab49-d3e1-57e6-b8f1-2fc98801fd15,Drummer Dragonet,Kyphosus bigibbus,included,,True,SRC-4167CA04,132,133,bl,high,100,high,,,ID: Silvery gray with narrow bronzy stripes: may display large white spots; rear dorsal fin not elevated: rear edge of anal fin aligns forward of front edge of upper tail lobe. Form groups. Seaward reefs to 25 m.
891,d6d03c12-6341-5f25-a95f-ae2b409ae45b,Topsail Dragonet,Kyphosus cinerascens,included,,True,SRC-CF5AB70C,132,133,tr,high,100,high,,,"ID: Silvery gray with thin dark horizontal lines on side; rear dorsal fin distinctly elevated (higher than tallest dorsal spines). Form small to large groups. Rocky shores, reef flats lagoons and outer reefs to 25 m."
892,04ef296b-c734-55e7-be0d-ba371f0ff5f9,Wester Dragonet,Kyphosus cornelii,pending_review,identity confidence is below the inclusion threshold,True,SRC-A0CBCE73,133,134,tl,high,85.6,high,,,ID: Silvery gray with broad brown streak along upper and lower margins of tai]. Usually form schools. Rock or coral reefs to 20 m.
893,f43b661c-a99d-5990-b79a-26f1fb94e2bb,Lowfin Dragonet,Kyphosus vaigiensis,included,,True,SRC-F3EBC701,132,133,ml,high,100,high,,,"ID: Silvery gray with narrow bronzy stripes; rear dorsal fin not elevated; outer edge of anal fin aligns with outer edge of upper tail lobe. Form smali to large groups. Rocky shores reef flats, lagoons and outer reefs to 25 m."
894,d140620a-7d95-50a6-aaff-5cd30cbde260,White-tailed Dottyback,Labracinus atrofasciatus,included,,True,SRC-B3BF7C9F,273,274,mr,high,100,high,,,ID: Dark brown with white tail base and pale tail; black spot on rear dorsal fin. Solitary. Silty coastal reefs in 1-8 m. | TD: ele ~ Btuo with yellow area jowar head to pectoral fin;
895,a1111ede-d038-58f5-b4d3-8f7dacc03c6f,Firetail Dottyback,Labracinus cyclophthalmus,pending_review,account transcription confidence is not high,True,SRC-8654CD5A,271,272,tl,high,100,medium,,,"ID: Highly variable, this variation has bright red body and fins dark blotch on middle of 1st dorsal fin; all variations have blue-gray diagonal lines on head and front of body. Solitary or in loose pairs. Coastal, lagoon and outer reefs to 15 m. | ID: Highly vei, this variation has bight red body and fins, dark blotch on middie of 1et dorsal fin; all variations have Dheo-gray disgonal lines on heed and front of body. Sotieay orin loose pairs. Constal, lagoon and cuter reals to 15 1, Asian Pacitio: SW. Javan. forionesin and Philinaines to | _Fetell Dettyhack - Variation _Delly endl 12 pale bars under front of donsal fin, mid-side; -ité-gray diagonal lines on head and front of body. Lurk ‘04 Glevioee and recesses in reets."
896,a515f207-f215-55eb-88c8-90402e50d46b,Lined Dottyback,Labracinus lineatus,included,,True,SRC-1DF1093A,270,271,bl,high,100,high,,,"ID: Orange-brown head, pinkish front of body gradating to gay on body and fins; numerous blue scale row stripes and spots on body, blue markings on head. Solitary. Coral patches or near ledges in coastal reefs in 2-15 m."
897,973fbf2f-cb8b-59b6-a3c7-3c41d953d28f,Tubelip Wormfish,Labrichthys unilineatus,pending_review,identity confidence is below the inclusion threshold; account transcription confidence is not high; identification descriptions are not high-confidence transcriptions,True,SRC-F654C101,234,235,bl,high,88.1,medium,,,"ID: TP - Dark olive with numerous thin blue stripes; broad yellowish bar behind head. If - Similar, but have yellow lips and Jack yellowish bar. Solitary or form small groups: feed on coral polyps. Sheltered reefs with rich coral growth to 20 m."
898,ce1a082d-c11e-5669-ad9e-051fd6fd763a,Yellowtail Tubelip Wormfish,Labropsis alleni,pending_review,common name duplicates another otherwise eligible row,True,SRC-B536A716,235,236,bl,high,100,high,,,"ID: TP - Slender; brown head, yellow green mid-body, white tear and tail; large ocellated spot at pectoral base, small black spot on front of dorsal fin and rear belly. Solitary or in pairs. Steep slopes of lagoon and seaward reefs in 4-52 m."
899,a7b5abc3-0287-5179-a878-46a46e30492a,Southern Tubelip Wormfish,Labropsis australis,included,,True,SRC-29A09EB5,236,237,ml,high,100,high,,,"ID: Dark gray head and tail, golden-brown to orange body pale fleshy lips, black spot on pectoral fin base. Solitary or occasionally in pairs. Corai-rich areas of lagoons, outer reefs and passes in 2-55 m."
900,d0d75a40-d5d5-5500-88de-551f29847498,Bicolor Cleaner Wormfish,Labropsis bicolor,included,,True,SRC-43BB0187,237,238,tl,high,100,high,,,"ID: Slender: biue lips gradating to black forebody, pale yellow to white rear body and tail; blue crescent on tail. Solitary or in pairs; cleaner, swim with jerky motion to attract clients. Coral reefs in 2-25 m."
901,936a74f9-2c44-5a7d-af64-4c38fd90999b,Bluestreak Cleaner Wormfish,Labropsis dimidiatus,pending_review,identity confidence is below the inclusion threshold; account transcription confidence is not high; no identification description,True,SRC-582C8D43,237,238,,medium,71.1,medium,,,
902,6b5a01df-13a9-5671-824c-5e80a0674e38,Norther Tubelip Wormfish,Labropsis manabei,pending_review,identity confidence is below the inclusion threshold; account transcription confidence is not high; identification descriptions are not high-confidence transcriptions,True,SRC-5DF3DBD2,236,237,bl,high,98.8,medium,,,"ID: 1? - Dark gray head, brown body, blue lips; large yellow patch at base of blue tail, black spot on pectoral fin base. JP/IP - Similar to Souther Tubelip [below]. Solitary or form small groups, Coral-rich areas in 15-30."
903,21301045-bf09-5ccf-844a-786d220d901d,Micronesian Tubelip Wormfish,Labropsis micrornesica,pending_review,account transcription confidence is not high; identification descriptions are not high-confidence transcriptions,True,SRC-C24310DD,236,237,tl,high,100,medium,,,"ID: TP - Crange-brown with dark scale margins, gray to blue- gray head with white lips. black tail with white margin. Solitary; occasionally act a cleaners. Clear lagoon or seaward reefs in 7-33 m."
904,992317fc-5564-5699-a562-2bec0ca27ca4,Blackspot Cleaner Wormfish,Labropsis pectoralis,included,,True,SRC-D38331A3,237,238,ml,high,100,high,,,"ID: Yellow head and back, white belly; dark stripe from snout becomes progressively wider toward tail, black spot below pectoral fin. Solitary cleaner; swim with jerky motion to attract clients. Coral reefs in 2-28 m."
905,8b9f723e-09a2-5fa9-bf3e-646a2ffe9d4e,Redlip Cleaner Wormfish,Labropsis rubrolabiatus,included,,True,SRC-820A22CD,236,237,br,high,100,high,,,"ID: Variable from yellow to white head and brown body, black tail with blue borders; dark stnpe from snout onto body and narrower stripe from head to dorsal fin base. Solitary cleaner swim with jerky motion to attract clients, Coral reefs in 2-25 m."
906,dd13167c-1ea0-52d0-ab09-dd3e0e80fd30,Wedge-tailed Wormfish,Labropsis xanthonota,pending_review,account transcription confidence is not high; identification descriptions are not high-confidence transcriptions,True,SRC-707E0561,235,236,tr,high,100,medium,,,"ID: TP - Bluish gray to brown with yellow spot on each scale biue markings on head, yellow edge on gill cover, white triangular marking centered on tail. Solitary. Coral-rich areas of clear lagoons to seaward reefs in 7-55 m."
907,490d41af-6fe3-5ee5-90c1-8db7343bd488,Roundbelly Cowfish,Lactoria diaphana,included,,True,SRC-DDEFCE94,393,394,ml,high,100,high,,,"ID: Rounded belly; mottled shades of white, brown and gray with honeycomb net pattern; pairs of short homs in front of eyes and lower rear body and a single thorn on mid-back. Solitary. Coastal and outer reefs to 50 m."
908,45d90b53-2bd4-51fd-99a7-9add445b4d10,Thornback Cowfish,Lactona fornasini,pending_review,identity confidence is below the inclusion threshold; account transcription confidence is not high; identification descriptions are not high-confidence transcriptions,True,SRC-C86F4CBD,393,394,mr,high,82.9,medium,,,"ID: Tan with blue scrawl markings; pair of homs in front of eyes, a second pair on lower rear body and a singe thom on. mid-back. Solitary. Sand, rubble and weed bottoms of coastal. lagoon and outer reefs to 30 m."
909,11114c07-c08b-5d58-b11c-75bc0f6f7aa5,Shortnose Boxfish,Labropsis nasus,pending_review,identity confidence is below the inclusion threshold; account transcription confidence is not high; identification descriptions are not high-confidence transcriptions,True,SRC-0DD1F8E1,393,394,bl,low,,low,,,"oo Oats eemnuaen HD: Bump on snout tip; to greenish brown with numerous sinall black; around edge af palle blue spots, fins biuish with black epots. Solitary. Rock and.cand bottoms near reefs in 2-80:m."
910,ab356ecb-3108-515b-9fb3-ddc6c1cd09d9,Yellowtail Emperor,Lethnnus atkinsoni,pending_review,identity confidence is below the inclusion threshold; identification descriptions are not high-confidence transcriptions,True,SRC-F85E367E,121,122,bl,medium,78.9,high,,,"BD: Silvery to siteery bhis ar alive-txown, yellow tail and bese; diffuse yellow ares may extend from pectoral fin to tail base; yellow around upper eye. Solitary. Outer real slopes, sandy Hreom of lagoons and bas prams bows fa 2 25m;"
911,e0980451-2ca8-568e-90ac-5b8b458c7452,Yellowfin Emperor,Lethnnus erythracanthus,pending_review,identity confidence is below the inclusion threshold; account transcription confidence is not high; no identification description,True,SRC-864DEF65,120,121,tl,high,96.7,medium,,,
912,dee56a80-8a7d-5ed3-8473-90dd9e8db7ee,Longfin Emperor,Lethrinus erythropterus,included,,True,SRC-5AF504F5,121,122,tr,high,100,high,,,"ID: Red to yellow-brown, often with faint bars; pair of pale to bright white bars on base of tail. Solitary or form small groups. Coastal reefs. lagoons and outer slopes in 2-25 m."
913,62aae235-813e-5537-97a5-90a240afbdfa,Longspine Emperor,Lethninus genivittatus,pending_review,account transcription confidence is not high; identification descriptions are not high-confidence transcriptions,True,SRC-9E02DE4A,120,121,ml,high,100,medium,,,"ID: Sitvery brown with brown bars, spots and mottling; second spine of dorsal fin longest (often much longer). Solitary. Grass beds, estuaries, mangroves and shallow areas of sand around coastal reefs."
914,215295d6-b3da-57ad-81b8-e10f798f921e,Thumbprint Emperor,Lethrinus harak,included,,True,SRC-5383F480,118,119,bl,high,100,high,,,"ID: Pale gray with elongate dark blotch on middle of side. (Indian Ocean variation has dark blotch surrounded by orange halo.) Solitary or form groups, Sandy shallows next to shore coastal reefs and lagoons to 20 m."
915,f13a0057-7368-502d-a236-3e787ccab248,Grass Emperor,Lethrinus laticaudis,pending_review,identity confidence is below the inclusion threshold; account transcription confidence is not high; identification descriptions are not high-confidence transcriptions,True,SRC-C466A771,120,121,bl,high,82,medium,,,"ID: Pale silvery gray; often marked with diffuse dark blotches and irregular bars, blue line markings radiate from lower edge of eye and pale blue spots on cheek. Solitary or form groups. Sandy areas near reefs in 5-35 m."
916,2eb417ff-7a68-5ea8-8c1d-6677ce1e57fe,Pinkear Emperor,Lethnnus lentjan,pending_review,identity confidence is below the inclusion threshold,True,SRC-C529DBEC,119,120,tl,high,96.6,high,,,"ID: Pale silvery gray; bright red streak on rear edge of gill cover. Solitary or form groups. Sandy areas of coastal reefs lagoons and outer slopes in 10-50 m. | 1D: Pals very gray; bright re streak on reer age of gil cower. Solitary of form groupe. Sandy areas of coastal reats, Aagoores and cuter slopes in 10-60 m. Tntio-! ‘West Panific: Baxi Sea snd &, Aftion to Tong. « SW. Jopan ‘to Avnstentia-and Maser Pal"
917,8be0a9b0-9b8c-5d76-9574-8b499a6c179c,Smalltooth Emperor,Lethrinus microdon,pending_review,account transcription confidence is not high; identification descriptions are not high-confidence transcriptions,True,SRC-71992A2E,119,120,bl,high,100,medium,,,"ID: Long pointed snout; silvery gray; dark streaks radiate from fore lower quarter of eye. Solitary or form groups. Coastal reefs, lagoons and outer slopes in 10-80 m."
918,9441a33b-0202-5f89-825f-3703eebbeb4d,Sweetlip Emperor,Lethrinus miniatus,pending_review,identity confidence is below the inclusion threshold; account transcription confidence is not high,True,SRC-C8E6DDAE,120,121,br,medium,79.2,low,,,"ID: Long pointed snout; gray. dark centers on scales of back reddish brown upper head, lips often red; base of pectoral fins bright red; may display alternating light and dark bars, Solitary or form groups. Sand and rubble between reefs in 5-35 m."
919,fb2ac840-ee73-588f-949f-74c2949f308a,Spangled Emperor,Lethninus nebulosus,pending_review,account transcription confidence is not high; identification descriptions are not high-confidence transcriptions,True,SRC-1780D121,118,119,tr,high,100,medium,,,"ID: Elongate pointed snout; pale gray with blue to white scale centers; biue streaks on cheek, Solitary to large groups. Flat sand bottoms in the vicinity of reefs to 75 m:; also frequent seagrass beds and mangrove areas."
920,500dfe0f-431d-5234-934a-10cf272ae7e3,Orange-striped Emperor,Lethrinus obsoletus,included,,True,SRC-B3A835FB,119,120,ml,high,100,high,,,"ID: Pale gray; yellow stripe from base of pectoral fin to tail. Solitary or form small groups. Seagrass beds and sand and Tubble areas of coastal reefs, lagoons and outer slopes to 30 m. | TD, Pele gtny; yellow strizie from bee of puctoral fin to tail, Solitary Seifary orm emul groups. gree, Seagrass Soagrans bac and san and ‘aa Wert Paci: Ret So av. Alon Tonge and Saree ~ 8.00. Japan end Micronsenia to ‘Now Caledonia."
921,2f41db07-5f70-56e8-b733-968ee8b2fe01,Longface Emperor,Lethnnus olivaceus,pending_review,identity confidence is below the inclusion threshold; account transcription confidence is not high; identification descriptions are not high-confidence transcriptions,True,SRC-0BEFCB7E,118,119,tl,high,97.4,medium,,,ID: Elongate body with long pointed snout; gray to olive with no distinctive markings; often display mottled pattern. Largest Species in family. Solitary or form groups; highly active and fast swiraming. Sand bottoms of lagoons and outer slopes in 1-185 m.
922,e431a5ec-110e-5e87-b171-0945fd45d504,Ornate Emperor,Labropsis ornatus,pending_review,identity confidence is below the inclusion threshold; identification descriptions are not high-confidence transcriptions,True,SRC-9E5C4CCF,121,122,mr,medium,71.2,high,,,"ID: Silvery; ed mangin on eed andl GX covet, bead yexowviah pe si ecient en oT Indp- Asian Pactlie: St Lantos to Papua New Guinea. -SW. Jepen © Grout Barsier‘ Reef. ee"
923,31377592-be2f-5087-8cb3-4396652ee704,Spotcheek Emperor,Lethninus rubrioperculatus,pending_review,account transcription confidence is not high; identification descriptions are not high-confidence transcriptions,True,SRC-F8A3FFD3,118,119,ml,high,100,medium,,,"ID: Bright silver to brownish silver with diffuse stripe and bar markings on lower body; reddish brown spot on rear edge of gill cover, Solitary or form small groups. Sand and rubble bottoms of coastal reefs and outer slopes to 40 m."
924,a10acacc-dec5-5bb9-981f-1729657b27dc,Blackblotch Emperor,Lethnnus semicinctus,pending_review,identity confidence is below the inclusion threshold,True,SRC-66DBE467,120,121,mr,medium,75.2,high,,,ID: Slender body; reddish upper body gradating to gray below may have yellowish head: short dusky band behind gill cover can rapidly intensify or fade large dark mid-body biotch below 2nd dorsal fin. Solitary. Sandy reef flats and lagoons.
925,a2b36a32-11ea-5238-b768-3db26281635b,Slender Emperor,Lethninus variegatus,pending_review,identity confidence is below the inclusion threshold; account transcription confidence is not high; identification descriptions are not high-confidence transcriptions,True,SRC-751D3940,121,122,ml,high,82.4,medium,,,"ID: Small elongate body; mottled shades of green to brown mixed with white; wide darkish mid-lateral stripe, pale spots on fins, Usually form groups. Seagrass beds and sandy areas near coral reefs to 15 m."
926,4d319876-0397-5497-850a-ef397c79d7c3,Smalltooth Emperor,Lethrinus xanthochilus,pending_review,identity confidence is below the inclusion threshold,True,SRC-EA01E627,118,119,mr,high,94.3,high,,,"ID: Elongate body; unmarked silvery pale gray to olive, also mottled and blotched pattern; yellow upper lip, yellow to orange spot on base of pectoral fin. Solitary or form small groups. Sand and rubble bottoms near reefs in 5-30 m."
927,17a3c302-bdbf-5761-a198-217c802baa89,Manyline Basslet,Liopropoma multilineatum,included,,True,SRC-AAC3A9C6,270,271,ml,high,100,high,,,"ID: Pink head, yellowish body and red tail base; red longitudinal lines on scale rows and central white stripe below mid-rear dorsal and anal fins to tail. Solitary and cryptic. Caves and recesses of steep outer reef slopes in 20-46 m."
928,94f77fa4-ed54-525d-b811-7ad60e04f6da,Striped Basslet,Liopropoma susumi,pending_review,account transcription confidence is not high; identification descriptions are not high-confidence transcriptions,True,SRC-3E5B4C59,270,271,mr,high,100,medium,,,ID: Brownish gray to pale reddish with eight yellowish brown stripes. Solitary and cryptic. Caves and recesses in lagoon and outer reefs in 2-34 m.
929,71684d5f-799a-5dd4-bf5a-bf704a0285b9,Redstriped Basslet,Liopropoma tonstrinum,pending_review,identity confidence is below the inclusion threshold; account transcription confidence is not high; identification descriptions are not high-confidence transcriptions,True,SRC-36A9EC89,270,271,tl,high,96.3,medium,,,ID: Pale reddish to yellowish head; two wide red stripes from head to tail with narrower white stripes between and on back. Solitary and cryptic. Caves and recesses of steep outer teef slopes in 11-50 m.
930,4d3a6406-904a-51e1-ac4f-25d5e2fa68a0,Rcupinefish,Lophodiodon calori,pending_review,identity confidence is below the inclusion threshold,True,SRC-BD9B9BF0,421,422,mr,high,82.8,high,,,"ID: Brown with white underside; short movable spines on. head and belly and fixed spines on back and sides; black lips blackish bar below eye, 2-3 dusky dark patches on lower side. Solitary. Sand and nibble bottoms in 10-50 m."
931,98c8f995-c9ff-5841-bdca-365e9e98dbae,Whitecap Shrimpgoby,Lotilia graciliosa,pending_review,account transcription confidence is not high; identification descriptions are not high-confidence transcriptions,True,SRC-7A714E4E,308,309,br,high,100,medium,,,"ID: Dark brown with white band from snout to dorsal fin ocellated spot on 1st dorsal fin, clear pectoral and tail fins with large brown spots. Share burrow with alpheid shrimp. Sand bottoms of lagoon and coastal reefs in 5-40 m."
932,81966f42-313c-5c42-b7d8-8a5280b807fa,Wolfsnout Goby,Luposicya lupus,pending_review,account transcription confidence is not high; identification descriptions are not high-confidence transcriptions,True,SRC-12F18D17,336,337,tl,high,100,medium,,,"ID: Elongate; translucent body with dense covering of pepper-like spots; prominent snout overhangs lower jaw. Solitary. On sponges, especially Phyllospongia foliascens, to 10m."
933,6a1baa48-3855-5caf-818d-f0b826ce5cf4,Mangrove Red Snapper,Lutjanus argentimaculatus,pending_review,account transcription confidence is not high; identification descriptions are not high-confidence transcriptions,True,SRC-FDC8C2E1,106,107,bl,high,100,medium,,,"ID: Grayish with tints of red, green and brown, darkish fins darkish scale centers. Jevealle - § white bars and pair of blue streaks across cheek. Solitary or form loose aggregations. Mangrove coasts to steep outer reefs in 1-120 m."
934,4dbee47b-5654-5195-b668-14417a8e3fcd,Bengal Snapper,Lutjanus bengalensis,included,,True,SRC-8F98860A,104,105,bl,high,100,high,,,"ID: Yellow upper half of body with 4 neon-blue stripes; white unmarked lower body immediately below 4th stripe. Small groups congregate around outcroppings. Coastal reefs, lagoons and outer slopes in 10-30 m."
935,4f5c2236-1b06-58fc-83af-3db20fef0fd5,Two-spot Snapper,Lutjanus biguttatus,included,,True,SRC-FD528E6B,105,106,tr,high,100,high,,,"ID: Slender; brownish gray back with 2-3 white spots, reddish brown belly; wide reddish brown stripe from snout to tail and wide white stripe from mouth to tail. Form small to large groups. Coastal reefs, lagoons and seaward slopes in 5-30 m."
936,047c8b8f-254b-573b-a888-cfdf300a983b,Red Snapper,Lutjanus bohar,included,,True,SRC-70C6ADC3,107,108,tl,high,100,high,,,"ID: Red to reddish gray; large robust body: pronounced groove in front of eyes, upper edge of pectoral fin dark. Solitary or form groups. Lagoons and outer reefs in 5-150 m."
937,fa543287-dce6-5618-b388-490e1d1ddeed,Button Snapper,Lutjanus boutton,pending_review,account transcription confidence is not high; identification descriptions are not high-confidence transcriptions,True,SRC-FD99ECEA,105,106,br,high,100,medium,,,"ID: Dusky reddish brown, often yellow-orange lower body deep notch in gill cover: lack distinctive markings. Solitary or form loose aggregations. Coastal reefs, lagoons and outer slopes in 3-20 m."
938,5eab798c-486d-509c-9816-0c722108978b,Spanish Flag Snapper,Lutjanus carponotatus,pending_review,account transcription confidence is not high; identification descriptions are not high-confidence transcriptions,True,SRC-E352904E,104,105,br,high,100,medium,,,"ID: Grayish to white undercolor with 5-9 yellow to golden brown stripes: black spot on base of pectoral fin. Solitary or form groups. Turbid coastal reefs, lagoons and outer slopes in 1-35 m."
939,1695d4a3-6635-5dda-9299-0d140a54fccb,Checkered Snapper,Lutjanus decussatus,pending_review,identity confidence is below the inclusion threshold; account transcription confidence is not high; identification descriptions are not high-confidence transcriptions,True,SRC-3D208397,107,108,tr,low,,low,,,1: Gray baowen with twa ibe po on back fut owrataa snclenco oat asl fn; cacy tal wih Cats ROSAS
940,1e47ce96-2cae-52ff-b122-eace100e73a2,Blackspot Snapper,Lutjanus ehrenbergii,included,,True,SRC-7B8106DF,104,105,tr,high,100,high,,,"ID: Whitish undercolor with § thin yellow stripes below lateral line, yellowish tail and anal fins; large round black spot on lateral line below mid-dorsal fin. Usually form groups. Coastal reefs and estuaries in 1-20 m"
941,b6ddfe6c-c4aa-5817-936c-0c68396e4376,Longspot Snapper,Lutjanus fulviflamma,pending_review,account transcription confidence is not high; identification descriptions are not high-confidence transcriptions,True,SRC-168D4CFB,104,105,tl,high,100,medium,,,"ID: Whitish undercolor with yellow stripes of equal width below lateral line, yellow tail and anal fin: long oval to rectangular spot on lateral line below mid-dorsal fin. Usually form groups. Estuaries, coastal reefs and outer slopes in 3-35 m."
942,68c43aa4-d30f-5e1f-a4be-82b5e2c4085b,Lunartail Snapper,Lutjanus fulvus,included,,True,SRC-97DE3164,106,107,mr,high,100,high,,,"ID: Silvery white to pale yellow to yellow or tan with black tail yellow pectoral, ventral and anal fins. Solitary or form loose aggregations. Coastal reefs, lagoons and outer slopes in 1-75 m."
943,685a2f3f-a432-5ff5-975a-8275c5d33298,Humpback Snapper,Lutjanus gibbus,pending_review,identity confidence is below the inclusion threshold; account transcription confidence is not high; no identification description,True,SRC-92A1C8A0,103,104,ml,low,,low,,,
944,5dcf0939-9d4c-5329-a613-10227976393b,Bluestripe Snapper,Lutjanus kasmira,pending_review,account transcription confidence is not high; identification descriptions are not high-confidence transcriptions,True,SRC-9094606E,104,105,ml,high,100,medium,,,"ID: Bright yellow upper body with 4 neon-blue stripes; white belly with faint gray stripes. Usually congregate around coral outcroppings. Coastal reefs, lagoons and outer slopes in 1-265 m."
945,2e2e7060-9dec-531b-9781-237ca6b272b1,Dark-tailed Snapper,Lutjanus lemniscatus,pending_review,account transcription confidence is not high; identification descriptions are not high-confidence transcriptions,True,SRC-3794C9C3,106,107,br,high,100,medium,,,"ID: Gray-brown to olive, silvery or reddish with black tail pectoral, ventral and anal fins match color of body (never yellow). Jeveslle - Broad black stripe on side. Solitary or form groups. Coastal reefs, lagoons and outer slopes in 2-80 m."
946,64258909-442b-5bd2-b282-978cd3ab957d,Lunartail Snapper,Lutjanus lunulatus,pending_review,no identification description,True,SRC-28DA4B47,106,107,tl,high,100,high,,,
947,45fc47d3-065a-5b31-a972-2f62953027ac,Bigeye,Lutjanus lutjanus,pending_review,account transcription confidence is not high; identification descriptions are not high-confidence transcriptions,True,SRC-51783A58,105,106,ml,high,100,medium,,,ID: Silvery with yellow or yellow-brown stripe from eye to yellow tail with several narrower stripes below; small gap between large eye and lip. Form large drifting aggregations. Coastal reefs and outer slopes in 10-90 m.
948,63d67ed2-5bfb-5669-8d0d-8571db4a0f19,Indian Snapper,Lutjanus madras,included,,True,SRC-B87AF189,105,106,mr,high,100,high,,,"ID: Similar to Bigeye Snapper [next], but wider gap between eye and lip. Form small to Jarge aggregations. Congregate around coral or rock outcroppings on coastal reefs and outer slopes in 5-90 m."
949,aa5cf74a-5585-5385-ace2-24ee90827e98,,Lutjanus malabaricus,pending_review,identity confidence is below the inclusion threshold; account transcription confidence is not high; printed identity is incomplete; no identification description,True,SRC-622C4EDD,103,104,,low,17.7,low,,,
950,332bedc8-1455-5748-b544-2e60459442e8,Pygmy Snapper,Lutjanus maxweberi,pending_review,identity confidence is below the inclusion threshold,True,SRC-5DBE48D0,106,107,tr,medium,77.6,high,,,"ID: White with 4 black stripes. A rare, poorly known, species. Occurs in small groups. Apparently restricted to lower reaches of freshwater streams, brackish estuaries and mangrove-lined inlets in 3-4 m."
951,6baa1e1d-ae7a-55eb-874b-695b71c7faf2,Onespot Snapper,Lutjanus monostigma,included,,True,SRC-556968E5,105,106,bl,high,100,high,,,"ID: Silver to reddish or yellowish silver with yellow fins; may display a horizontally elongate black spot on rear back, Solitary or form small groups. Outer reef areas in 5-60 m."
952,8efd4937-5f3b-515e-8ea1-947d1be5862c,Five-lined Snapper,Lutjanus quinquelineatus,pending_review,account transcription confidence is not high; identification descriptions are not high-confidence transcriptions,True,SRC-0F747FF5,104,105,mr,high,100,medium,,,"ID: Yellow with 5 biue stripes, bottom stripe on yellow belly usually black spot or smudge on rear back. Frequently form groups. Coastal reefs, lagoons and outer reef slopes in 2-40 m."
953,05c9e0f9-050e-5821-a2ca-ea677186a5e7,Golden-lined Snapper,Lutjanus rufolineatus,pending_review,identity confidence is below the inclusion threshold; account transcription confidence is not high; identification descriptions are not high-confidence transcriptions,True,SRC-88303AEE,105,106,tl,high,95.3,medium,,,ID: Pale reddish undercolor with narrow yellow stripes on side yellow tail: often a small dark spot on rear upper back. Usually form large aggregations; hover above reefs. Steep coastal slopes and outer reefs in 10-50 m.
954,5b9651dd-06c3-5292-8386-e16de8155ea3,Russell's Snapper,Lutjanus russelli,pending_review,account transcription confidence is not high; identification descriptions are not high-confidence transcriptions,True,SRC-9E9CE763,107,108,ml,high,100,medium,,,"ID: Silvery white with pinkish hue, yelow ventral and anal fins black pectoral fin base, frequently black spot or blotch on rear ‘back Solitary ot form groups. Estuaries and coastal reefs to 80 m."
955,ca2342da-d2fe-503c-9232-83315b7ec9a8,Red Emperor,Lutjanus sebae,included,,True,SRC-F0D69C32,103,104,mr,high,100,high,,,"ID: Juveaile /Seb-adelt - White with red-brown mid-body bar band from lip to nape, 2nd band mid-dorsal fin to lower tail. Adelt - Solid red. Solitary. Typically deep, sandy bottoms to 100 m. Juveniles associate with sea urchins"
956,140d18f0-dcef-564f-ad8c-965b1fb41871,Black-banded Snapper,Lutjanus semicinctus,pending_review,account transcription confidence is not high; identification descriptions are not high-confidence transcriptions,True,SRC-276C117C,107,108,bl,high,100,medium,,,"ID: Olive back, white below: 7 black bars on upper half of body large black spot covering tail base. Solitary or form small groups. Lagoons and seaward reefs in 5-35 m."
957,1243acc2-ac01-5bcd-af9b-d3cb7fce670b,Timor Snapper,Lutjanus timorensis,pending_review,no identification description,True,SRC-A6AEE4AC,103,104,br,high,100,high,,,
958,a4cc9dfb-7112-5495-9022-740ba693ad0a,Brownstripe Snapper,Lutjanus vitta,included,,True,SRC-022FCF0E,106,107,ml,high,100,high,,,ID: Whitish with diagonal brownish lines above lateral tine and horizontal below; yellow to brown or biack stripe from eye to base of tail. Solitary or form groups. Coastal and offshore teefs in 10-72 m.
959,70a493c4-3cc1-5975-b8ca-6b06aecd4898,Yellowback Anthias,Luzonichthys earlei,pending_review,identity confidence is below the inclusion threshold; account transcription confidence is not high; identification descriptions are not high-confidence transcriptions,True,SRC-D252C55C,142,143,br,low,,low,,,Ds Vib vba reo ck fm nope ere oboe eelbentets end outa es ron orange ‘muanabes tn
960,fc2a5799-cd19-5459-97b7-c4f3896ab0eb,Red Slender Anthias,Luzonichthys waitei,pending_review,identity confidence is below the inclusion threshold; account transcription confidence is not high; identification descriptions are not high-confidence transcriptions,True,SRC-7FCA3021,142,143,tr,high,98.4,medium,,,"ID: Magenta with yellow to orange upper head and on back deep violet to yellow on tail borders; 2 separate dorsal fins. Form huge schools, often mix with other anthias species. Steep outer reef slopes to 35 m."
961,8e7606d3-7c68-5884-af54-06f6f2cf81c6,Yellownose Slender Anthias,Luzonichthys whitleyi,included,,True,SRC-D25CEC82,142,143,ml,high,100,high,,,"ID: Red to pink with yellow to orange upper head and back body color continues onto tail; 2 separate dorsal fins. Form plankton-feeding aggregations 1-3 m above substrate, often mix with other anthias species. Steep slopes of outer reefs in 15-50 m."
962,f34807df-5978-5590-a5fa-edb90d64b7e3,Midnight Snapper,Macolor macularis,pending_review,identity confidence is below the inclusion threshold; account transcription confidence is not high; identification descriptions are not high-confidence transcriptions,True,SRC-A90FBEFF,108,109,ml,high,96.5,medium,,,"ID: Black with pale line markings in scales: blue line and spot markings on head; large eye with bright gold iris. Solitary or form groups. Edge of steep slopes of lagoons, passes and outer teefs in 5-50 m."
963,6b449b85-1344-554c-965e-f2fce0b6e9e9,Black Snapper,Macolor niger,included,,True,SRC-0CDF2EE8,108,109,tl,high,100,high,,,"ID: Gray to gray-brown with numerous indistinct blotches no blue lines or spots on head; large eye with dull gold iris. Solitary or form schools. Steep slopes of lagoons, passes and outer reefs in 3-90 m."
964,f26c7a11-c197-5f04-b6f7-119598cdee5c,Largetooth Goby,Macrodontogobius wilburi,pending_review,account transcription confidence is not high; identification descriptions are not high-confidence transcriptions,True,SRC-13DB42D9,326,327,tr,high,100,medium,,,"ID: Translucent to pale tan with dense network of small brown spots, several pairs of large brown spots in mid-lateral row brown patch below eye. Solitary. Lagoons and sheltered coastal reefs to 10m."
965,da1e2342-481c-5f18-83ba-c49f12195024,Choat's Wormfish,Macropharyngodon choati,included,,True,SRC-2DEF0085,204,205,bl,high,100,high,,,"ID: TP - White with red blotches and red stripes on lower head; large dark spot surrounded by yellow on gill cover. Solitary or small groups, Lagoons, passes and seaward reefs in 6-28 m."
966,12bf6758-aa79-5211-8d9b-dba6f021b6cb,Kuiter’'s Wormfish,Macropharyngodon kuiteri,pending_review,identity confidence is below the inclusion threshold,True,SRC-F152228B,203,204,br,high,83.2,high,,,"ID: TP - Whitish with orange scale margins; pale-edged black spot on rear gill cover; green bands on head. IP - Similar, but lack head bands. Solitary or form small groups. Base of dropoffs in deeper water."
967,ab43e49d-4947-55a2-a8eb-9f0e7b7d96bb,Leopard Wormfish,Macropharyngodon meleagris,pending_review,account transcription confidence is not high; identification descriptions are not high-confidence transcriptions,True,SRC-49F0F4E1,204,205,tl,high,100,medium,,,"ID: TP- Dull orange-red to purple or green undercolor with black or blue-edged green spot on each body scale; blue-edged green. bands on head, small black spot above pectoral. Solitary or form small groups. Coral and rubble bottoms in 2-30 m."
968,e8ab5e70-bc16-512e-be7b-91a61ed8dea6,Black Wormfish,Macropharyngodon negrosensis,included,,True,SRC-AF3B2288,204,205,ml,high,100,high,,,"ID: TP - Black with translucent tail that may have dark borders several pale saddle blotches on back and band markings on head. Solitary or form smail groups. Mixed sand, rubble and coral areas in 8-32 m."
969,05c58fa8-0ba9-57d7-b86c-fe21b4cc88e5,OrangeHead Wormfish,Macropharyngodon ornatus,pending_review,identity confidence is below the inclusion threshold,True,SRC-4CC3661F,204,205,br,high,91.3,high,,,"ID: TP - Black body with blue spot on each scale; head and fins orange with dark-edged blue bands. IP - Similar, but head pinkish and breast yellowish. Solitary or form small groups. Sand and mubble bottoms of coral reefs in 3-30 m."
970,65f1bc34-31c4-5d80-9b3a-21c378479403,Bluefin Shrimpgoby,Mahidolia mystacina,pending_review,identity confidence is below the inclusion threshold; account transcription confidence is not high; identification descriptions are not high-confidence transcriptions,True,SRC-20090CE2,309,310,bl,low,39.3,medium,,,"Flagfia Shrtapgeby ~ Fesnele Variation ‘ID: Gmmy to brown with dark body bands; large saittike tat dowel fin with bend sharkings, | 1D: Gray, bias band ot rw of spots behind eye and tin bine melas /atzipe; tall hive tet doteal fn with red streaks ‘and blue stripes in-2nd dorsal, anal and tail fins. Share. burrow with alpheid shrimp, Sheltared reas in 20-40 zm."
971,ffebb95a-b8a6-5541-bd3d-60af99475e78,Flagtail Blanquillo Tilefish,Malacanthus brevirostris,pending_review,account transcription confidence is not high; identification descriptions are not high-confidence transcriptions,True,SRC-35B6029F,288,289,mr,high,100,medium,,,"ID: Pale yellow head and pale blue body; pair of black stripes on tail, vague body bars. Usually in pairs; hover with undulating motion near sandy burrows typically constructed under rocks. Sand and rubble of seaward reefs in 14-45 m."
972,96b39a71-6c8f-515d-b5e6-1ac30c834a8c,Blue Blanquillo Tilefish,Malacanthus latovittatus,included,,True,SRC-31D04E2A,288,289,bl,high,100,high,,,ID: Blue head with blue to blue-green back and pale underside; broad black mid-lateral stripe extends onto tail Solitary or in pairs; swim away when threatened rather than Tetreating to burrows. Sand and rubble areas in 5-30 m.
973,55d92de6-53fb-57fb-b39d-5220c1f2c1a3,Giant Manta,Manta birostris,pending_review,identity confidence is below the inclusion threshold; no identification description,True,SRC-47409456,457,458,bl,high,96.3,high,,,
974,381300ee-cfe4-5e00-a896-d051f7f22b00,Indo-Pacific Tarpon,Megalops cyprinoides,pending_review,no identification description,True,SRC-7E9D776D,134,135,bl,high,100,high,,,
975,f0c4bc22-176d-5de0-bad0-ec82eb76787b,Sulu Fangblenny,Meiacanthus abditus,included,,True,SRC-FA379252,340,341,br,high,100,high,,,ID: White with 3 black stripes and blackish dorsal fin. Form aggregations among gorgonians and black coral. Coastal teefs and steep slopes in 5-40 m.
976,e2ed2b6f-5416-5c22-92d5-3526cd178d11,Shorthead Fangblenny,Meiacanthus anema,pending_review,account transcription confidence is not high; no identification description,True,SRC-4049900E,341,342,tr,high,100,medium,,,
977,b9452ab2-5013-5bbd-b9c8-1d9ecf0726e9,Yellowtail Fangblenny,Meiacanthus atrodorsalis,pending_review,account transcription confidence is not high; no identification description,True,SRC-95D8DC06,339,340,ml,high,100,medium,,,
978,b51c8fcb-aa78-5408-9dd5-4ff4eb8765fd,Bundoon Fangblenny,Meiacanthus bundoon,included,,True,SRC-EA1488C7,340,341,tr,high,100,high,,,"ID: Brown to gray to black; tapering yellowish green to yellow or tan stripe from head to tail base, black tail borders. Solitary or in pairs. Coral reefs'in 5-20 m."
979,6994a4a6-b7c6-5d1f-a6d3-7c6561966d46,Lined Fangblenny,Meiacanthus crinitus,pending_review,identity confidence is below the inclusion threshold; account transcription confidence is not high,True,SRC-2EFF2CE5,341,342,tl,high,83.9,medium,,,ID: White with 3 black stripes and narrow black edge on dorsal fin. Solitary or in pairs; possibly mimic young of Three-striped Whiptail. Sheltered coastal reefs to 20 m. | estehmmnnrlte ‘Blonnies - Blennitdae Sellars of in Stltered pairs; possibly coastal mimic roots t0 young m. Localan: Raown xy tom te ef pete ete 0 oe
980,8c588b88-487d-5a04-aff0-717512d35817,Doublepore Fangblenny,Meiacanthus ditrema,included,,True,SRC-3F2FE539,340,341,bl,high,100,high,,,"ID: White with silver reflections; 2 narrow black stripes, the lowermost splits on head. Form aggregations among branches of gorgonians or black coral. Sheltered coastal Teefs in 3-20 m."
981,ceba8f13-3230-5a4f-ad2f-b20b90578ba9,[win Fangblenny,Meiacanthus geminatus,pending_review,account transcription confidence is not high; identification descriptions are not high-confidence transcriptions,True,SRC-8C65782B,339,340,bl,high,100,medium,,,ID: Gray back and dorsal fin and yellow belly; white stripe above black mid-lateral stripe. Mimic the Yellowbelly Cardinaifish. Solitary. Sheltered coastal reefs in 1-15 m.
982,a1cd00fe-6e62-5abd-b138-da65a9d42b45,Striped Fangblenny,Meiacanthus grammistes,included,,True,SRC-947B46F8,341,342,ml,high,100,high,,,"ID: White with yellowish head and upper body with 3 black stripes; hlack edges on dorsal and anal fins, black spots on tail Mimic Shorthead Fangblenny [below). Solitary or in pairs. Coastal, lagoon and outer slopes to 20 m."
983,7ccace22-6a81-52e0-960f-51e5d67a8b88,Kamohara's Fangblenny,Meiacanthus kamoharai,pending_review,identity confidence is below the inclusion threshold; account transcription confidence is not high; identification descriptions are not high-confidence transcriptions,True,SRC-74305383,340,341,ml,high,97.3,medium,,,"ID: Black with white stripe on upper head and body, 2 white stripes on lower head, light gray tail base. Solitary or in pairs. Coastal, lagoon and seaward reefs to 20 m."
984,a388889a-8816-5616-9b14-7b606e7a7137,Lined Fangblenny,Meiacanthus lineatus,included,,True,SRC-D52889F3,341,342,mr,high,100,high,,,"ID: Bright yellow with white belly: 3 black stripes on head and body, black sub-marginal stripe on dorsal fin. Mimic Deceiver Blenny [next page}, which lacks dorsal fin stripe. Solitary or in pairs. Lagoons and seaward reefs in 3-18 m."
985,54428e34-e267-574d-a54b-08850134ed90,Smith's Fangblenny,Meiacanthus smithi,pending_review,account transcription confidence is not high; no identification description,True,SRC-84729798,339,340,mr,high,100,medium,,,
986,9062512a-72c2-58fc-8fc7-0e51b6c86622,Sulawesi Fangblenny,Meiacanthus vicinus,pending_review,account transcription confidence is not high; identification descriptions are not high-confidence transcriptions,True,SRC-7C464F05,340,341,mr,high,100,medium,,,"ID: White with pair of black stripes on upper head and body. Solitary or in pairs. Sheltered coastal, lagoon and outer reefs to 10m."
987,1d3ecbd3-f4ca-5b53-b4a8-6bbc75f1ab17,Blackstripe Fangblenny,Meiacanthus vittatus,pending_review,account transcription confidence is not high; no identification description,True,SRC-77F75BEF,339,340,br,high,100,medium,,,
988,6b7cc03f-9b7c-5a84-a2e2-0aa00eb67a7f,Indian Triggerfish,Melichthys indicus,pending_review,account transcription confidence is not high; identification descriptions are not high-confidence transcriptions,True,SRC-71578FB0,408,409,ml,high,100,medium,,,"ID: Dark grayish black with jet black fins; white band at base of dorsal and anal fins, white margin around tail. Solitary or form groups. Coral-rich areas of outer reefs slopes in 2-20 m."
989,ded990cc-3044-5f31-98d4-d388267b0167,Black Triggerfish,Melichthys niger,included,,True,SRC-6800A33D,408,409,mr,high,100,high,,,"ID: Black with bluish scale margins; pale blue to white band at base of dorsal and anal fins, may display blue markings on upper head and yellow marking on cheek, Solitary or form loose groups. Outer reefs in 2-70 m. | 1D; Black with binigh svale margin; pale bius to white bend. upper head hod and on yellow: lo ming noc. ery to oro an cheeks. Solitary o¢ Forme Toose groups, Outer reefs in Clecumtropical."
990,12135912-59af-5b63-9015-67e636beea7c,Pinktail Triggerfish,Melichthys vidua,included,,True,SRC-222174AE,408,409,bl,high,100,high,,,"ID: Brown with yellowish snout and pectoral fins, white dorsal and anal fins with black margins, white tail with wide pink margin. Solitary or form loose groups; feed on algae mixed invertebrates and fishes. Outer reefs in 4-60 m."
991,20e5be0e-fe6c-55c6-ab19-09d8f8f8a99f,Silver Grunter,Mesopristes argenteus,included,,True,SRC-097965A5,134,135,mr,high,100,high,,,"ID: Silvery gray with white belly; white first spine on ventral and anal fins, yellow iris. Small Seveniles - White with 4 or 5 black stripes and yellow fins, Solitary or form groups. Estuaries and stream mouths, occasionally near reefs to 3 m."
992,ad90efee-97f9-5f1a-b491-8e7089619805,Stripey Dragonet,Microcanthus strigatus,pending_review,account transcription confidence is not high; identification descriptions are not high-confidence transcriptions,True,SRC-5A84D768,133,134,tr,high,100,medium,,,"ID: White to yellow undercolor with 5-6 black stripes. Solitary or form smail or dense aggregations. Lagoons, rocky areas and shallow coral reefs."
993,78fd070d-2351-5d3e-a9e3-a10b7748759c,Shortnose Pipefish,Micrognathus andersonii,pending_review,identity confidence is below the inclusion threshold; account transcription confidence is not high; identification descriptions are not high-confidence transcriptions,True,SRC-33484AA5,430,431,ml,high,91.6,medium,,,"ID: Snout short, small thin skin flaps primarily on head; brown with several black-edged pale bars across back and on upper side; tiny tail. Solitary and cryptic. Inside crevices and among Tubble of coastal reefs to 10 m."
994,e37c56de-e0e1-5d7e-91f1-c7bca8632873,Samoan Pipefish,Micrognathus pygmaeus,pending_review,identity confidence is below the inclusion threshold; identification descriptions are not high-confidence transcriptions,True,SRC-30A60DE5,430,431,bl,low,42.6,high,,,"3D; Short siout, skin Naps absent, 10 wna body 2ings: Fe eT eee Series of ubbored ssa oabeen 10"
995,d682a732-a012-599f-8084-05706c3ef504,Painted Stingfish,Minous pictus,pending_review,account transcription confidence is not high; identification descriptions are not high-confidence transcriptions,True,SRC-916D7E12,380,381,br,high,100,medium,,,"ID: Shades of brown with reddish cheek and base of pectoral fin; lowest ray of pectoral fin separated and used for “walking”, barbels on chin; faint bands on fins. Solitary. Soft bottoms of coastal seas in 12-60 m."
996,705f1356-d8a4-59fe-ae28-654cda954e9e,Blue-Eyed Stingfish,Minous trachycephalus,pending_review,account transcription confidence is not high; identification descriptions are not high-confidence transcriptions,True,SRC-6F4F6E2E,380,381,bl,high,100,medium,,,"ID: Blotchy earthtones; lowest ray of pectoral fin separated and used for “walking”, barbels on chin; white irregular spot below eye, bands on outer pectoral fin. Solitary. Fine sand or mud bottoms of coastal areas in 10-46 m."
997,30f2be0b-30b7-5321-8efa-6cd51c048541,Devil Ray,Mobula tarapacana,included,,True,SRC-8740BE2C,457,458,br,high,100,high,,,"ID: Blackish back rhomboidal disc with graceful pectoral “wings”, pair of Naps protruding on either side of mouth similar to Giant Manta, but mouth on underside instead of front of head. Solitary or groups. Open water of lagoons and outer reefs."
998,a1501e6e-f9a9-5b6f-a3f1-745778a19848,,Mola mola,pending_review,identity confidence is below the inclusion threshold; account transcription confidence is not high; printed identity is incomplete; no identification description,True,SRC-5ECFEA42,437,438,,low,25.3,medium,,,
999,eadcc05d-005e-5f45-8910-e8b1253d4b31,Fan-bellied Filefish,Monacanthus chinensis,included,,True,SRC-2961F1A1,410,411,bl,high,100,high,,,"ID: Pale brown with medium brown blotches covered with dark brown spots; large fan-shaped ventral skin flap concave snout. Solitary. Sheltered coastal reefs and rocky areas, frequently in weed beds to 20 m."
1000,3349021f-81eb-51b4-8948-856de8af4a19,Pineconefish,Monocentris japonicus,pending_review,account transcription confidence is not high; identification descriptions are not high-confidence transcriptions,True,SRC-4D5E3F0B,403,404,tl,high,100,medium,,,"ID: Yellow with black scale margins; hard scales form bony carapace, small rectangular light organ powered by luminous bacteria near tip of lower jaw. Solitary or in pairs. Rocky reefs in caves and under ledges in 15-200 m."
1001,3d1e410c-a786-5140-b769-6aa273aae591,Amondfish,Monodactyus argenteus,pending_review,account transcription confidence is not high; identification descriptions are not high-confidence transcriptions,True,SRC-C0FCE32B,134,135,br,high,100,medium,,,"ID: Silver, dorsal and tail fins yellowish to yellow; round laterally compressed body with prominent triangular dorsal and anal fins. Form schools. Estuaries, harbors and silty inshore reefs to 10m."
1002,9c516f12-72f4-5119-a6ee-3bfe784720ba,Humpnose Bigeye,Monotaxis grandoculis,included,,True,SRC-851E0B9B,116,117,mr,high,100,high,,,"ID: Black to gray. silver or brown back gradating to pale underside, often yellowish tints on head; black spot on base of pectoral fin. Solitary or form groups, Coastal reefs, lagoons and ‘outer slopes to 100 m."
1003,26be8f5b-c582-5eba-b53d-b1bb32df8f49,Black Spear Shrimpgoby,Myersina lachneri,pending_review,account transcription confidence is not high; identification descriptions are not high-confidence transcriptions,True,SRC-35E9EC1C,310,311,tl,high,100,medium,,,"ID: Grayish brown; very tall dark Ist dorsal spine with back front edge; pale stripe from eye to upper tail base, blue edge on 2nd dorsal and upper tail fins. Share burrow with alpheid shrimp. Sand and silt bottoms of sheltered reefs in 2-10 m."
1004,fca9b667-1745-516f-ae9b-570f6dd54071,Blue Shrimpgoby,Myersina larsonae,pending_review,account transcription confidence is not high; identification descriptions are not high-confidence transcriptions,True,SRC-0816C6D3,309,310,bl,high,100,medium,,,"ID: Gray; blue band or row of spots behind eye and thin blue mid-lateral stripe; tall blue 1st dorsal fin with red streaks and blue stripes in 2nd dorsal, anal and tail fins. Share burrow with alpheid shrimp. Sheltered reefs in 20-40 m."
1005,d2b7404c-df37-5067-a8e4-e24992358dfb,Blackline Shrimpgoby,Myersina nigrivirgata,included,,True,SRC-50EAA282,309,310,mr,high,100,high,,,ID: Whitish to pale gray to pale brown or bright yellow darkish brown to blackish stripe from eye to tail base orange or white spots on head. Share burrow with alpheid shrimp. Sheltered bays and lagoons in 2-20 m.
1006,4691113c-5444-53e7-8db9-3088c11723ad,Banded Snake Eel,Myrichthys colubrinus,included,,True,SRC-B6B31E0B,444,445,mr,high,100,high,,,"ID: White with brown to black {usually encircling) bars occasionally with black spots between; overhanging snout small pectoral fins. Solitary, mimics sea snake. Inhabit sandy patches of lagoons and seaward reefs in 1-30 m."
1007,c0a018a0-9404-5a87-a6d1-6b70dde8db4c,Spotted Snake Eel,Myrichthys maculosus,pending_review,account transcription confidence is not high; identification descriptions are not high-confidence transcriptions,True,SRC-056400E4,444,445,ml,high,100,medium,,,"ID: Yellowish to cream with large dark oval spots; overhanging snout with long tubular nostrils, small pectoral fins. Solitary occasionally in open during day, but more commonly out at night. Lagoon and seaward sand in 1-262 m."
1008,4cc923ed-4e67-5573-a6ec-bd0d8c724d04,Shadowfin \dierfish,Myripristis adusta,pending_review,account transcription confidence is not high; identification descriptions are not high-confidence transcriptions,True,SRC-1C826D0E,240,241,br,high,100,medium,,,"ID: Pale salmon-pink with dark scale margins: black margin on rear dorsal and tail fins, black spot on rear gill cover. Solitary or form small groups. Coastal, lagoon and outer reefs to 25 m."
1009,dc422836-1556-5bed-bd16-52f7b30fb5b8,Brick \dierfish,Myripristis amaena,included,,True,SRC-9F9CE2B3,240,241,bl,high,100,high,,,"ID: Red with dark scale margins, red dorsal, anal and tail fins without white margins; dark margin on rear gill cover. During day often form large aggregations under ledges or inside caves. Lagoons and outer slopes in 2-52 m."
1010,bb9e1d20-adf3-5d0c-9994-b877e2a71190,Big-scale \dierfish,Myripristis berndti,pending_review,identity confidence is below the inclusion threshold; account transcription confidence is not high; identification descriptions are not high-confidence transcriptions,True,SRC-3CA082E5,241,242,tl,high,90.8,medium,,,"ID: White with reddish tints and red scale margins; yellow spiny dorsal fin, narrow white margins on all fins (except pectorais), dark margin on rear gill cover. Lagoon and seaward reefs in 3-50 m."
1011,d9da6112-f69d-5171-b50c-a57d50a40d84,Splendid \dierfish,Myripristis botche,pending_review,account transcription confidence is not high; identification descriptions are not high-confidence transcriptions,True,SRC-2AEAF279,240,241,tr,high,100,medium,,,"ID: White with red scale margins: red dorsal, anal and tail fins with dark lobe tips and narew white margins, dark brown edge on gill cover. Bottom of slopes, dead reef areas and isolated coral formations in 20-65 m."
1012,aa98f7ed-7868-58f3-b516-dc2ff15445ac,Scarlet \dierfish,Myripristis chryseres,included,,True,SRC-5A438C30,239,240,br,high,100,high,,,"ID: Red with darkish scale margins; ail fins (except pectorals) bright yellow, dark brown rear margin on gill cover. Solitary or form groups. Seaward reef slopes in 30-200 m, rarely to 12m."
1013,8c071d0a-e8d7-57d8-88f6-696a7bd9259c,Earl's \dierfish,Mynpnsus earlei,pending_review,identity confidence is below the inclusion threshold; account transcription confidence is not high; identification descriptions are not high-confidence transcriptions,True,SRC-948FC82A,241,242,tr,high,98.2,medium,,,ID: Yellow dorsal fin: red margins on whitish body scales dark margin on rear gill cover. Usually in groups that shelter in caves and under ledges during day. Seaward reefs slopes in 10-20m
1014,ff1fb9d6-39e4-54bf-8141-fd81e55a1b5f,Double-tooth \dierfish,Myripristis hexagona,pending_review,account transcription confidence is not high; identification descriptions are not high-confidence transcriptions,True,SRC-89FEE816,239,240,mr,high,100,medium,,,"ID: Red with broad pink scale margins, pale reddish fins have no white margins; broad dark red band on rear margin of gill cover. Coastal reefs and seaward slopes, often in turbid areas in 3-40 m."
1015,e6a6e33e-f90f-5f80-99b5-93c2750424e0,Epaulette \dierfish,Myripristis kuntee,pending_review,account transcription confidence is not high; identification descriptions are not high-confidence transcriptions,True,SRC-285483F1,240,241,tl,high,100,medium,,,"ID: Orange-red with pearly scale centers; scales small compared with other soldierfishes, red fins with narrow white margins, dusky brown band along rear gill cover. Form loose groups. Coastal, lagoon and outer reefs in 2-35 m."
1016,04cbf9ce-2ac9-529d-b3cb-72e81dc79ef9,Blotcheye \dierfish,Myripristis murdjan,pending_review,account transcription confidence is not high; identification descriptions are not high-confidence transcriptions,True,SRC-6B2EC060,240,241,ml,high,100,medium,,,"ID: Pink to silvery white with red scale margins; red spiny dorsa) fin, narrow white margins on all fins (except pectorals) gill cover with brown margin. Solitary; hide inside caves during day. Coastal, lagoon and outer reefs in 2-40 m."
1017,93f1f120-6b57-5df0-b02d-d2498b93e094,Scarlet Soldierfish,Myripristis pralinia,pending_review,account transcription confidence is not high; identification descriptions are not high-confidence transcriptions,True,SRC-01B55C92,239,240,bl,high,100,medium,,,"ID: Red back shading to silvery on side with red scale margins and silver breast; red fins with narrow white margins, brown margin confined to upper gill cover. Coastal, lagoon and outer teefs in 2-40 m."
1018,95563b3c-7a65-5c8f-b43e-ca11d2271731,East Indian \dierfish,Myripristis trachyacron,pending_review,account transcription confidence is not high; identification descriptions are not high-confidence transcriptions,True,SRC-90CDA841,239,240,tr,high,100,medium,,,"ID: Shades of red; reddish fins with narrow white margins blackish tips on rear lobes of dorsal, anal and tail fins, only slight dusky margin on gill cover. Cuter reef slopes in 3-50 m."
1019,f2de27a1-f22d-5bb1-bc26-c8f56213bd92,Violet \dierfish,Myripristis violacea,pending_review,account transcription confidence is not high; identification descriptions are not high-confidence transcriptions,True,SRC-E77513DA,240,241,mr,high,100,medium,,,"ID: Silvery with violet sheen and prominent dark scale margins fins red with narrow white margins {except pectorals), light ted band along margin of gill cover. Coastal, lagoon and outer teefs in 3-30 m."
1020,99ab3350-998f-532d-9b14-a7d3f53e942f,Whitetip \dierfish,Myripristis vittata,pending_review,account transcription confidence is not high; identification descriptions are not high-confidence transcriptions,True,SRC-1418F8C2,239,240,ml,high,100,medium,,,"ID: Orange-red; white tips on dorsal fin spines, narrow white margins on fins, slightly darkened margin on gill cover. Commonly form groups. Steep outer reef slopes in 15-80 m."
1021,68cca880-25a9-52ae-b634-9ea3ba0be2d6,Whitespot \dierfish,Myripristis woodsi,included,,True,SRC-6092336A,241,242,ml,high,100,high,,,"ID: Reddish with red scale margins: white spot above base of pectoral fin, red fins with white margins {except pectoral) red-brown band on rear margin of gill cover to tear pectoral. Reef flats, lagoons and seaward reefs to 30 m."
1022,04c94bac-4519-5a1a-a0e5-5f9d50d9f43c,Whitemargin Unicornfish,Naso annulatus,pending_review,account transcription confidence is not high; identification descriptions are not high-confidence transcriptions,True,SRC-DB751AFA,54,55,mr,high,100,medium,,,"ID: Olive to brown, but capable of rapid change to pale blue- gray, white lips, tail darkish with white fin rays; adults have long tapering hom on forehead. Form small schools. Steep outer Teef slopes in 20-60 m."
1023,b36371f4-4a7c-5ccd-b0f5-67cbe42680eb,Humpback Unicornfish,Naso brachycentron,included,,True,SRC-004DE660,54,55,tr,high,100,high,,,"ID: Olive gray; unusual profile gives “hump-backed” appearance, adult males develop long horn on forehead females have only a slight bump. Often form small groups. Seaward reef slopes in 8-30 m."
1024,3f4b6e4d-fb62-5ce4-baf0-adf27743cad2,Blackspine Unicornfish,Naso brevirostris,included,,True,SRC-5AE89F04,54,55,ml,high,100,high,,,"ID: Brown with dark spots on head and vertical rows of spots and lines on sides, white tail; a broad-based tapering ham on forehead. Usually form small groups. Lagoon and seaward reefs in4-46m"
1025,a39daeb2-2043-5140-89c3-2a1e8b74f592,Bluetail Unicornfish,Naso caeruleacauda,pending_review,identity confidence is below the inclusion threshold; account transcription confidence is not high; identification descriptions are not high-confidence transcriptions,True,SRC-52958A7E,53,54,mr,high,94.4,medium,,,"ID: Bluish to brownish gray. occasionally yellowish lower body, bluish tail; black margin on gill cover; no hom or bump on forehead. Usually form aggregations. Outer reef slopes in 15-45 m."
1026,6c03d484-cfeb-58ec-9853-32f23898e25d,Gray Unicornfish,Naso caesius,included,,True,SRC-1804063A,53,54,bl,high,100,high,,,"ID: Gray to brownish gray, can rapidly change to pattern of indistinct round to vertically elliptical blotches on upper half of body; no hom and no dark margin on gill cover. Solitary or form aggregations. Outer reefs in 6-60 m."
1027,5fc9ff10-47f2-5fc7-b48b-9e89e189eb4c,Sleek Unicornfish,Naso hexacanthus,pending_review,account transcription confidence is not high; identification descriptions are not high-confidence transcriptions,True,SRC-E9079F1F,54,55,bl,high,100,medium,,,ID: Brown to bluish gray gradating to yellowish lower side (can quickly change to pale blue); black band marking and black margin on gill cover. Form large schools; feed in mid-water. Dropoffs of seaward reefs in 15-135 m.
1028,cc9a1d20-3312-54ee-87d2-b04820427292,Orangespine Unicornfish,Naso lituratus,pending_review,account transcription confidence is not high,True,SRC-ED772E16,55,56,bl,high,100,medium,,,"ID: Brownish gray. yellowish nape, orange tail spines and anal fin; yellow-edged black area from mouth to eye, broad black band on dorsal fin. Solitary or form small groups. Lagoon. and outer reefs to 70 m. | ID: Brownish gray, yellowish nape, orange tailspinss and | Laken ‘and outer reefs to' 70m."
1029,1133195d-a39e-5a98-9732-e36b062591b2,Slender Unicornfish,Naso lopezi,included,,True,SRC-3D1ADA61,53,54,br,high,100,high,,,ID: Slender body; bluish gray with numerous small round dark gray spots; occasionally displays a large whitish patch around pectoral fin. Form groups; feed on zooplankton along steep outer reef drop-offs in 20-50 m.
1030,1865a0db-35e7-5fa7-9a07-ae3f5ae2ec95,Spotted Unicornfish,Naso minor,pending_review,account transcription confidence is not high; identification descriptions are not high-confidence transcriptions,True,SRC-79A1590C,54,55,br,high,100,medium,,,"ID: Gray body pales on lower sides, blackish lips, tail spine and its basal plate black, pectoral and tail fins yellowish. Form smnail to large schools in mid-water. Lagoons and outer reefs in 12-40 m."
1031,ed4a355e-e3e6-59ee-be7e-0b5fc46dcc6b,Barred Unicornfish,Naso thynnoides,included,,True,SRC-F51AFCD0,55,56,tl,high,100,high,,,"ID: Pale gray; wide yellowish stripe from eye to tail, numerous dark bluish gray bars on sides, irregular spots on head. Form groups, Lagoons and outer reefs in 2-30 m."
1032,873641c3-42e7-54d8-8be7-7ddb6a50ee5c,Humpnose Unicornfish,Naso tuberosus,included,,True,SRC-6E53C416,55,56,tr,high,100,high,,,"ID: Gray gradating to pale yellow on lower side; large bulbous snout, and hump on back. Often form small groups. Seaward reefs in 3-20 m."
1033,94ce7845-8d23-5b87-b881-5fcd52364a3a,Bluespine Unicornfish,Naso unicornis,pending_review,identity confidence is below the inclusion threshold; account transcription confidence is not high; identification descriptions are not high-confidence transcriptions,True,SRC-1D30607B,54,55,tl,high,95.6,medium,,,"ID: Gray to olive, tail spines blue; relatively short forehead hom (does not project past mouth). Solitary or form groups feed on leafy algae. Lagoons and on outer reefs in 1-80 m."
1034,1f412c7c-6a08-5d6d-8daa-372a2d8ca46b,Otfish,Naucrates ductor,pending_review,account transcription confidence is not high; identification descriptions are not high-confidence transcriptions,True,SRC-4616F759,128,129,br,high,100,medium,,,ID: Silver with 5-7 wide black bars. Closely associated with pelagic sharks and rays. Form schools near front of host. Juveniles occasionally associate with jellyfishes.
1035,ad40ee20-896a-59e1-afe1-01c4f8bc799a,Eightspine Cardinalfish,Neamia octospina,pending_review,account transcription confidence is not high; identification descriptions are not high-confidence transcriptions,True,SRC-2D3B874F,264,265,br,high,100,medium,,,"ID: Whitish to pinkish or beige, translucent: 3 short brown bands radiating from rear eye. Solitary and cryptic. Hide deep inside crevices of sheltered reefs in 3-5 m."
1036,f6f60a43-e7d2-5ced-ba08-e87d9471c97b,Tawny Nurse Shark,Nebrius ferrugineus,included,,True,SRC-68D1954D,452,453,mr,high,100,high,,,"ID: Shades of gray to brown without markings; pair of short nasal barbels, smallish mouth weil in front of eyes, close-set dorsal fins of nearly same height. Solitary or small groups. Often rest on bottom of lagoon and seaward reefs in 1-70 m."
1037,e635827d-193f-5e38-9b20-f4eb8731b952,Sicklefin Lemon Sergeant,Negaprion acutidens,included,,True,SRC-54DBFDEA,454,455,bl,high,100,high,,,"ID: Pale yellow-brown with pale underside without distinctive markings; short snout, pair of widely spaced dorsal fins of nearly equal height. Solitary and considered dangerous. On or near bottom of bays, estuaries and offshore reefs in 1-30 m."
1038,90e86aa6-9735-5aac-b5bf-e5b5a8f19d99,Decorated Dartfish,Nemateleotris decora,pending_review,identity confidence is below the inclusion threshold; account transcription confidence is not high; identification descriptions are not high-confidence transcriptions,True,SRC-63005B32,282,283,mr,low,,low,,,1D: Pale blue-gmay with: cri ge qibanpeevion fan-shaped: or in pals thet share burtows. Sand and tubble slopes in 36-60 m.
1039,52f9a030-c0e0-5751-a342-291e746a3457,Helfrich's Dartfish,Nemateleotris helfrichi,pending_review,identity confidence is below the inclusion threshold; account transcription confidence is not high; identification descriptions are not high-confidence transcriptions,True,SRC-CB3A8F8F,282,283,tr,high,94.6,medium,,,"ID: Yellow head and lavender body, yellowish rear dorsal anal and tail fins: violet stripe'on top of head, black ventral fin tips, long whitish and red 1st dorsal fin. Solitary or in pairs. Steep outer reef slopes in 25-70 m."
1040,7a662be3-854f-5819-8d32-cb8b1f19a00b,Fire Dartfish,Nemateleotris magnifica,included,,True,SRC-E19DD980,282,283,ml,high,100,high,,,"ID: Yellow head, white front body gradating to reddish brown rear body, dark brown tail: very long ist dorsal fin. Solitary or in pairs. Hover above burrows on patches of sand and rubble on outer reef slopes in 6-60 m."
1041,7ddbbcf4-6afd-525c-b28c-cebacdbdcb88,Flame Hawkfish,Neocirrhitus armatus,pending_review,account transcription confidence is not high; identification descriptions are not high-confidence transcriptions,True,SRC-85D88F8A,168,169,mr,high,100,medium,,,"ID: Brilliant red; broad zone of black on back, also black ring around eye. Solitary and wary, Perch among branches of Pocillopora and Stylophora branching corals. Clear seaward reefs in 1-10 m."
1042,5279b463-fe66-5d75-b0a8-a101a6b5c402,Ocellated Damsel,Neoglyphidodon bonang,pending_review,account transcription confidence is not high,True,SRC-A70201CD,68,69,br,high,100,medium,,,"1 Tak brown: blue cosiated spk on rd donsal fn base andl a second below last dowel rays; latge adults scinetimes: po ‘Among rocks and coris of shoreline reefs, phase conditions to 20.n. Inte dates Pape Lath nc Amen as wma,"
1043,e2623911-dcb7-585f-80b4-d914d2db0752,Carlson's Damsel,Neoglyphidodon carlsoni,pending_review,account transcription confidence is not high; identification descriptions are not high-confidence transcriptions,True,SRC-5D766FC7,68,69,bl,high,100,medium,,,"ID: Head and body charcoal gray with black scale outlines. Jovesles - Similar, but with thin blue streak along back. Solitary. Near entrances of caves and ledges: difficult to detect among shadows. Fringing reefs and lee side of platform reefs in 1-5 m."
1044,32b4d3dd-8e04-5e64-b6cd-65a76c60bb73,Cross's Damsel,Neoglyphidodon crossi,pending_review,account transcription confidence is not high; no identification description,True,SRC-BE6DDE99,68,69,tl,high,100,medium,,,
1045,c81bb963-962f-5185-a457-54e55c6ddc14,Black Damsel,Neoglyphidodon melas,pending_review,account transcription confidence is not high; identification descriptions are not high-confidence transcriptions,True,SRC-4B0EEA8B,69,70,tl,high,100,medium,,,"ID: Jet black; no distinctive markings. Similar Javanese Damsel [next] has pater coloration. Solitary. Shoreline reefs lagoons and outer slopes, usually in areas with abundant soft corals to 12 m."
1046,90e24479-7b97-533d-a96e-dffdec8c979f,Yellowtail Damsel,Neoglyphidodon nigroris,pending_review,account transcription confidence is not high; identification descriptions are not high-confidence transcriptions,True,SRC-1B364205,68,69,ml,high,100,medium,,,"ID: Brown gradating to yellow on rear body, tail and adjacent fins; dark bar on gill cover, black spot on upper pectoral fin base. Solitary or form loose groups. Passes and on outer reef slopes in 2-23 m."
1047,66088e58-406c-5ce2-aa41-45dd1983b74d,Javanese Damsel,Neoglyphidodon oxyodon,pending_review,account transcription confidence is not high,True,SRC-D8D9370F,69,70,ml,high,100,medium,,,"to dom (Sin) Damselfishes - Pomacentrides: BD: Gray wih black (nrevicrs] scale cuttings end blackish fae. Siar ‘Binckt Dame! hex clarioer coloration, Solitary OF cheatin vos ing ad ot es tooge gross."
1048,295429c9-6ff9-57c3-af1b-be62a56fe31f,Multispine Damsel,Neoglyphidodon polyacanthus,pending_review,account transcription confidence is not high; identification descriptions are not high-confidence transcriptions,True,SRC-F74D52C8,69,70,bl,high,100,medium,,,ID: Adult gray-brown with yellowish pectoral fins; sub-adult (pictured) blue with dark scale outlines: yellow belly. Solitary or form groups. Coral and rocky reefs in 2-30 m.
1049,2caffa55-4897-565d-aa7f-32f950102213,Barhead Damsel,Neoglyphidodon thoracotaeniatus,pending_review,account transcription confidence is not high,True,SRC-295982C1,70,71,tl,high,100,medium,,,"ID: Eostern Vesiotion - Blue-gray; three brown bars on head with white between, dark spot on upper pectoral fin base. Solitary or form loose groups. Sheitered reef slopes and deeper lagoons in 15-45 m. | ‘TD: tqstore Vertetien - Bloo-gray; three brown bars.on head with ‘white betwoen, derk epot on upper pectaral fin bese. Solitary ‘or form loose groupe. Sheltered reef siopea anddeeperkigoons in 15- tea"
1050,0fcaba8c-1b80-557a-bf12-65e2a3d4e75c,Diamond-scale Mullet,Neomyxus leuciscus,pending_review,account transcription confidence is not high; identification descriptions are not high-confidence transcriptions,True,SRC-AF85480D,133,134,br,high,100,medium,,,"TD: Silvery with yellow. arcane on verwendet dave of pectoral 010 fie. Fee achools. Lagoons and around: Socios pen Miconedi, eral ine fe nd Preach Polynesia. 133"
1051,668d8600-7af2-5431-9702-2ce6cac594d7,Clearfin Squirrelfish,Neoniphon argenteus,pending_review,account transcription confidence is not high; identification descriptions are not high-confidence transcriptions,True,SRC-F53DA899,241,242,br,high,100,medium,,,"ID: Silvery with thin dark red to blackish stripes; translucent spiny dorsal fin, Solitary; commonly among branches of large staghom corals. Coral-rich areas of reef flats, lagoons and sheltered seaward reefs to 20 m."
1052,052a5c62-b961-5a60-a49d-dc6d1c79a463,Gold-lined Squirrelfish,Neoniphon aurolineatus,pending_review,identity confidence is below the inclusion threshold; account transcription confidence is not high; no identification description,True,SRC-347DA890,241,242,,low,,low,,,
1053,2ec4adc8-2ea0-53f1-870b-9e01d58bd8ad,Blackfin Squirrelfish,Neoniphon opercularis,pending_review,account transcription confidence is not high; identification descriptions are not high-confidence transcriptions,True,SRC-7B824784,241,242,mr,high,100,medium,,,ID: Silvery with dark red to blackish scale spots; black spiny dorsal fin with white tips and white marks along base. Solitary or form small groups. Often within branches of staghor corals in3-25m.
1054,9ae1dc66-105e-5d1b-b462-cc7999484b93,Spotfin Squirrelfish,Neoniphon sammara,included,,True,SRC-6A1A6475,241,242,bl,high,100,high,,,"ID: Silvery with thin dark red to blackish stripes; reddish spiny dorsal fin with large black spot at front, white spine tips and white spots along base. Solitary. Most common among staghom coral patches in 3-40 m."
1055,b3ce7084-ac80-50c8-b0c1-1025945530db,Sweetwater Demoiselle,Neopomacentrus aquadulcis,included,,True,SRC-F7079C96,89,90,tl,high,100,high,,,"ID: Charcoal-gray; fins (except pectorals) have fine blue margins, pectoral fin base dark: broadly rounded tail lobes. Nuptial males display white margin on tail lobes. Form small groups. Tidal reaches of freshwater streams to 2 m."
1056,4ed5bf71-3c34-5e89-8be5-09bfbb08fc01,Yellowtail Demoiselle,Neopomacentrus azysron,pending_review,account transcription confidence is not high; identification descriptions are not high-confidence transcriptions,True,SRC-9BFC3AB6,87,88,br,high,100,medium,,,"ID: Blue-gray with yellow rear dorsal and tail fins; dark ""ear"" Bpot, black spot on upper pectoral fin base. Form schools. Deeper surge channels or near ledges to 12 m."
1057,4656d283-7e54-5e38-b29d-a8e3d3cf1cae,Chinese Demoiselle,Neopomacentrus bankieri,pending_review,identity confidence is below the inclusion threshold; account transcription confidence is not high,True,SRC-255BCEE6,87,88,bl,low,,low,,,"Oe D: are pris yer pelion pas pase cox veal ana tal fas; gl Diack spt 1D: ‘Form schools. Coral and rock © outcroppings or debris on sand and eit hottoms in 3-120. ‘Asian Pocttics South China, Java Seas and Great Barrier Reef."
1058,6de2af00-8cfb-5f30-9636-c8e771d1d1ae,Regal Demoiselle,Neopomacentrus cyanomos,pending_review,account transcription confidence is not high; identification descriptions are not high-confidence transcriptions,True,SRC-B8F37A7E,88,89,ml,high,100,medium,,,"ID: Dark brown, rear dorsal fin yellow with yellow or white spot at base, rear tail yellowish: biack “ear” spot. Form groups. More common on sheltered inshore reefs, but also found on outer reefs in 5-18 m. Indo- West Asian: Red Sea and E. Africa to Vanuatu. - S.W. Japan to Australia."
1059,7cd9818f-540b-59de-ae59-45c0527414e3,Brown Demoiselle,Neopomacentrus filamentosus,included,,True,SRC-C2D70F88,88,89,br,high,100,high,,,"ID: Gray-brown, rear dorsal and tail fins abruptly clear narrow blue margin on most fins. Soft bottoms of lagoons and inshore reefs also around coral and rock outcroppings or wreckage in 5-12 m."
1060,5ede4248-968a-506a-be19-71a06b8ce2a2,Coral Demoiselle,Neopomacentrus nemurus,included,,True,SRC-C841CC24,88,89,tl,high,100,high,,,"ID: Blue-gray with yellow rear dorsal, anaj and tail fins; small dark “ear” spot, and ancther on upper pectoral fin base, blue dot on each scale of tail base. Silty inshore reefs and lagoons to10m."
1061,2e8858e2-a90b-5fd3-a8a1-17bf6bb1dcff,Freshwater Demoiselle,Neopomacentrus taeniurus,included,,True,SRC-B1064D8B,88,89,bl,high,100,high,,,"ID: Brown with dark scale margins and yellow tail with dark borders; yellow edge on rear edge of dorsal and anal fins. Form small groups. Mangroves, lower reaches of freshwater streams and bays with freshwater discharge to 3 m."
1062,6c289ff8-f107-563b-b056-b44e1270720c,Violet Demoiselle,Neopomacentrus violascens,pending_review,account transcription confidence is not high; identification descriptions are not high-confidence transcriptions,True,SRC-839423D2,88,89,tr,high,100,medium,,,"ID: Brown with yellow tail and rear dorsal fin; large black “ear” spot, and another at base of pectoral fin. Inshore reefs on soft bottoms around coral or rock outcroppings, wharf pilings and wreckage in 5-25 m."
1063,3502e998-2681-5b02-8214-9bf025e7aeb2,Seagrass Razorfish,Novaculichthys macrolepidotus,pending_review,account transcription confidence is not high,True,SRC-876994FD,231,232,bl,high,100,medium,,,"D:?- with dark band and Knes radiating from ore orreed ek ees seth dark midaterel pote etipe, nual just hefoe tal bean, Simi, ‘aggregations in seagrass and weed bods. Lagoons and coastal areas to 5 mi."
1064,4f15d2ed-a9fb-596b-affb-7ae45d241d2a,Rockmover Wormfish,Novaculichthys taeniourus,pending_review,account transcription confidence is not high; identification descriptions are not high-confidence transcriptions,True,SRC-EB75730D,231,232,ml,high,100,medium,,,"ID: TP/IP - Pate gray head, dark brown to black body with pale spot on each scale: white bar on tail base, may display lines radiating from eye. Solitary; tum over rocks in search of prey. Rubble bottoms next to reefs to 20 m."
1065,987b3653-d83f-54a0-afcf-0b48c75c635e,Redtooth Triggerfish,Odonus niger,included,,True,SRC-8AA8CA6B,408,409,br,high,100,high,,,"ID: Pale blue head, dark biue to purplish body; 2 blue lines extend from eye toward mouth; lunate tail with long lobes in adult. Form plankton-feeding aggregations above reef, retreat to teef recesses when threatened. Outer reefs slopes in 5-40 m."
1066,6955293d-9218-5b04-aa20-316c7f670235,West Australian Cuskeel,Ogilbia sp,pending_review,identity confidence is below the inclusion threshold; account transcription confidence is not high; identification descriptions are not high-confidence transcriptions,True,SRC-5D11E244,279,280,bl,low,,low,,,‘TD: Reddish orange; bulbous head; dong doses] ene coat Doop inaide orovioes ars caves f coestl Tote 19. 2m.
1067,aaf75f29-c3b5-51a2-b2c3-cf2098800135,Multicolored Dottyback,Ogilbyina novaehollandiae,included,,True,SRC-B20CB97B,272,273,tl,high,100,high,,,"ID: Mole - Red head with olive body gradating to gray; blue lines below eye, and thin blue margin on fins. Solitary or in pairs, Lurk near protective holes lagoon and seaward reefs in §-20 im. | 1D: Miele - Rod head with olive body qradating to gray: bine Roe inee medina tee Satay ota ee pairs. Lurk near protective holes lagoon and seaward reefs in§20m."
1068,8d984b9a-3670-56fa-85db-754d4117a9fb,Queensland Dottyback,Ogilbyina queenslandiae,included,,True,SRC-660FD3AB,272,273,ml,high,100,high,,,"ID: Mole - Reddish on head and front of body and purplish behind with bluish dorsal, anal and tail fins. Solitary or form smal! groups. Lagoon and seaward reefs in 10-20 m."
1069,e1fd7e44-dc7c-5996-9834-47232bd4c128,Sailfin Dottyback,Ogilbyina velifera,pending_review,account transcription confidence is not high; identification descriptions are not high-confidence transcriptions,True,SRC-5AA1486F,272,273,bl,high,100,medium,,,ID: Mele - Pale gray to yellowish or reddish with bluish upper head and pale yellow anal and tail fins; blue botch on front of dorsal fin; large and long pointed tail. Solitary or form small groups. Lurk near and inside crevices and recesses in lagoon and seaward reefs in 12-35 m.
1070,91da1a43-678e-5b49-a2d4-1d2ff37eb7d8,Mangrove Oyster Blenny,Omobranchus elongatus,pending_review,account transcription confidence is not high; identification descriptions are not high-confidence transcriptions,True,SRC-DF40A431,344,345,tr,high,100,medium,,,"ID: Gray; white diagonal line behind eye, spots on throat dark ocellated spot on rear gill cover, dark bars on side separated by white lines. Solitary or form small groups. Rocky reefs and estuaries that support oyster growth to 2m"
1071,c6cfd10c-b520-509e-a9cc-c654b924ca8a,Elongate Oyster Blenny,Omobranchus obliquus,pending_review,account transcription confidence is not high; identification descriptions are not high-confidence transcriptions,True,SRC-FF927913,344,345,tl,high,100,medium,,,"ID: White to pale brown or gray undercolor with narrow brown bars across throat and slanting brown bands and chevron markings on side. Solitary or small groups. Coral, rock and rubble bottoms of coastal reefs and estuaries to 2 m."
1072,1b5a82d9-c4e1-58c7-ac20-7fc9a968f69e,Spiny Flathead,Onigocia spinosa,included,,True,SRC-D402055B,384,385,br,high,100,high,,,"ID: Red to brown with whitish mid-body bar and another near tail base; white margin on ventral fin; oversized head with numerous spines, short snout compared to Welander's Flathead [previous]. Solitary. Sand of coastal reefs in 5-250 m."
1073,bbbe4549-12fd-5c01-b8b5-892da8b13e6f,Napoleon Snake Eel,Ophichthus bonaparti,pending_review,account transcription confidence is not high; identification descriptions are not high-confidence transcriptions,True,SRC-FE8BB220,445,446,tl,high,100,medium,,,"ID: Dirty white with dark brown encircling bars and occasional spots between; head has dark-edged bronze spots and blotches. Solitary, bury in sand often with heads exposed occasionally in open at night. Coastal sand slopes in §-20 m."
1074,3efe6e4f-c1e6-5f98-9d50-fe1f163fa643,Blacksaddle Snake Eel,Ophichthus cephalozona,included,,True,SRC-0F90C8D2,445,446,bl,high,100,high,,,"ID: Shades of brown with black encircling saddle widely hide in crevices or bury in sand, often with head protruding frequent shrimp cleaning stations. Coastal areas in 8-26 m."
1075,0f41f71a-78db-5204-94b9-8b4813756aee,Black-finned Snake Eel,Ophichthus melanochir,pending_review,account transcription confidence is not high; identification descriptions are not high-confidence transcriptions,True,SRC-32AC6A3B,445,446,ml,high,100,medium,,,"ID: Yellowish brown with white encircling bar behind head black pectoral fins; overhanging snout with large gray tubular nostrils. Solitary; bury in sand, often with head protruding. Coastal sand patches to 10 m."
1076,62015454-381b-5a12-b3ba-afb5aa41eaba,Large-spotted Snake Eel,Ophichthus polyophthalmus,included,,True,SRC-03FB72EA,445,446,br,high,100,high,,,"ID: Reddish brown to pale salmon with numerous dark-edged yellow spots; overhanging snout with prominent pale nostrils. Solitary, bury in sand and rubble often with heads protruding. Lagoon and seaward sand patches in 1-20 m."
1077,fe5ef39c-b13e-568b-8c4f-b4b3e1911304,Highfin Coralfish,Opistognathus darwiniensis,pending_review,identity confidence is below the inclusion threshold; account transcription confidence is not high; identification descriptions are not high-confidence transcriptions,True,SRC-BD4AD4AF,29,30,ml,low,40.7,medium,,,"BD: White with wile range bex acme reer body ineuting dota erat oro Resenibies adults: Teak om so deep Uncommcn,Ishovo ren 18 mi,"
1078,e0e2fc60-65de-5a50-92c4-124aa7eaff73,Dendritic Jawfish,Opistognathus dendriticiis,pending_review,account transcription confidence is not high; identification descriptions are not high-confidence transcriptions,True,SRC-D7FD7DAD,299,300,br,high,100,medium,,,"ID: Large; yellowish brown with dark brown spots and branching blotches; brown “mask” through eye, narrow white margin on dorsal fin and black blotch between 3rd and Sth spines. Solitary. Inhabit rock-lined burrows on sand and Tubble bottoms near reefs in 2-40 m."
1079,0c2583fa-7f02-59ac-8223-76b28ff6d965,Papuan Jawfish,Opistognathus papuensis,pending_review,account transcription confidence is not high; no identification description,True,SRC-88342895,298,299,ml,high,100,medium,,,
1080,5ea00755-bf9d-5f29-82dd-4675ff6a75ad,Solor Jawfish,Opistognathus solorensis,pending_review,account transcription confidence is not high; no identification description,True,SRC-7D8E670F,298,299,bl,high,100,medium,,,
1081,b8de4b9f-df16-58cc-be7b-3fb1f47900f9,Atherinoid Goby,Oplopomops atherinoides,pending_review,account transcription confidence is not high; identification descriptions are not high-confidence transcriptions,True,SRC-7D68A2DE,326,327,br,high,100,medium,,,"ID: Translucent with peppering of brown and white spots. Solitary or form small groups, blend well into sandy surroundings. Sand and mbble bottoms in 3-15 m."
1082,d1aba322-b41c-5448-ad4a-2b5fefad6d22,Canine Goby,Oplopomus caninoides,pending_review,account transcription confidence is not high; identification descriptions are not high-confidence transcriptions,True,SRC-1206C732,326,327,bl,high,100,medium,,,"ID: Grayish with tiny white and orange spots; widely spaced black spots on back, row of joined black spots/and or short dashes behind pectoral fin with small white spots between. Solitary. Sand and rubble bottoms in 10-25 m. Indo-Asian Pacific; Red Sea and E. Africa and to N. Australia Indonesia and Philippines. 326"
1083,6f33188a-d7a4-545d-b21e-b764e069a1bc,Spinecheek Goby,Oplopomus oplopomus,pending_review,account transcription confidence is not high,True,SRC-B8FCDBB3,326,327,ml,high,100,medium,,,"ID: Mde - Whitish with blue spots, streaks and dashes and orange spots; blue-sdged black spot on rear of 1st dorsal fin blue stripes on anal fin. Solitary or in pairs. Fine sand and silt bottoms of sheltered coasts to 12 m. | orange: blue-edged blacie -of 1st doreal: Slee cal Str onan Pn aden et ; Dottoms of sheltered coasts to 12m."
1084,8e801f68-31e5-5f82-bb66-473b7b2c020a,Ornate Wobbegong,Orectolobus maculatus,pending_review,identity confidence is below the inclusion threshold; account transcription confidence is not high,True,SRC-C3C8A291,450,451,tr,low,,low,,,1D; Mottled and Hiotciied spotted brown: wide itreguler bar ©=—-—«wbettwreen headland 1et dorsal fin and bars below both: dorsal fins and base Gf tell; flattened heed with clusters of flap-like ‘tentacles. Solitary. Rest on cotal and rocky reefs to.20.m. Aetan Danlfies Indenaeta Mowi fhrinad and Anctratia
1085,d2825778-21a1-58c7-b2f5-c32ba32d3bc5,Tasselled Wobbegong,Orectolobus ornatus,pending_review,identity confidence is below the inclusion threshold; account transcription confidence is not high; identification descriptions are not high-confidence transcriptions,True,SRC-D4821519,450,451,tr,high,96.1,medium,,,ID: Mottled and blotched spotted brown; wide irregular bar 2 between head and 1st dorsal fin and bars below both dorsal fins and base of tail; flattened head with clusters of flap-like tentacles. Solitary. Rest on coral and rocky reefs to 30 m.
1086,78716cee-1511-5ea7-8f31-b657c3e508bb,Northern Wobbegong,Orectolobus wardi,pending_review,identity confidence is below the inclusion threshold; account transcription confidence is not high; identification descriptions are not high-confidence transcriptions,True,SRC-EFD14878,450,451,mr,high,89.1,medium,,,"ID: Brown with saddles or bars and dense reticulum of dark i spots; several widely scattered skin flaps on side of broad flattened head, pair of nasal barbels longer than skin flap. Solitary and sluggish. Rest on bottom of coastal and lagoon reefs to 5 m."
1087,d20d6d95-786e-56d7-ab2f-9086def71fe3,Smallspine Turretfish,Tetrosomus concatenatus,pending_review,account transcription confidence is not high; identification descriptions are not high-confidence transcriptions,True,SRC-092DF2FB,396,397,tl,high,100,medium,,,ID: Triangular carapace with pair of thorn-like spines on raised mid-dorsal ridge; gray to yellowish brown with dark network of hexagons and small blue spots. Solitary. Seagrass and weed bottoms of coastal reefs to 20 m.
1088,845f1e00-595a-522d-a802-329d78aa438c,Yellow Boxfish,Ostracion cubicus,included,,True,SRC-4A17CBA0,395,396,ml,high,100,high,,,"ID: Large Adult - Bump on snout tip: brownish purple with 1 indistinct spots, often yellow crinkled line markings on head 1 and yellowish tail base. Solitary. Coastal, lagoon and outer 1 reefs to 35 m. ]"
1089,388a4f57-d4c4-5807-b255-681e5720e663,Humpback Turretfish,Tetrosomus gibbosus,pending_review,identity confidence is below the inclusion threshold,True,SRC-4A8345C5,396,397,tr,high,98.4,high,,,ID: Triangular carapace with tall dorsal ridge and single spine at tip; pale gray with brown network of hexagons may display brown blotches. Solitary. Seagrass and weed bottoms of coastal reefs to 20 m.
1090,f6373f04-ce60-571d-94d1-9e1f380c7a57,Shortnose Boxfish,Ostracion meleagris,pending_review,identity confidence is below the inclusion threshold; account transcription confidence is not high,True,SRC-290BEFFF,394,395,tr,high,88.7,medium,,,"ID: Mole - Black to dark brown back with white spots, blue head and sides with bright orange body spots, pale pinkish area below eye. Solitary or in pairs. Coastal, lagoon and outer reefs to 30 m. | HD: Made Blac to dat brow hac with whe nts Bue aren below eye. Solitary or in pairs. Constal, lagoon and outer regis to.30.m, | ‘Spotted Deccfish - Male Vaitedtion ID: Charcoal-nrown with numerous small whitish epots on ‘pack and many bright orange spote on sides, pale patch below eye, Spots on upper aide may elongate end join to form broken, Seine Hom eye otal ei both varietons."
1091,97fbbfde-2711-51e4-a48b-99a0beb499c4,Mimic Goatfish,Mulloidichthys mimicus,pending_review,identity confidence is below the inclusion threshold,True,SRC-D20C6DB4,396,397,bl,high,93.7,high,,,ID: Yellow with 4 blue stripes. Effective mimic of Bluestripe Snapper with which it aggregates during day: disperses at night to feed. Rocky reefs and coral areas to 35 m.
1092,375bf512-417e-5ecb-86cb-77fc0397c1d3,,Ostracion pflugeri,pending_review,identity confidence is below the inclusion threshold; printed identity is incomplete; no identification description,True,SRC-5B1C522E,396,397,,low,51.6,high,,,
1093,f947dd86-aa8b-58bc-8e14-7539cd219b3d,Solor Boxfish,Ostracion solorensis,included,,True,SRC-9D7425CE,394,395,bl,high,100,high,,,"ID: Male - Black back with light blue maze pattern, head below eyes and sides bluish to black with pale blue line and spots with black borders. Solitary or pairs. Seaward reefs to 20 m."
1094,6c4a07c6-f2ff-5103-9a4a-f6775b876a3d,Yellowfin Goatfish,Mulloidichthys vanicolensis,pending_review,identity confidence is below the inclusion threshold; account transcription confidence is not high; identification descriptions are not high-confidence transcriptions,True,SRC-3C3027E6,396,397,ml,medium,73,medium,,,"ID: Bluish white with yellowish back. yellow fins: yebow stripe from eye to tail base. Form stationary daytime aggregations but solitary when feeding on sand-dwelling animals at night. Coastal reefs, lagoons and outer slopes to 113 m."
1095,5d5da8da-1031-5f81-8f64-ed7fadf509d8,Whitley's Boxfish,Ostracion whitleyi,pending_review,identity confidence is below the inclusion threshold; account transcription confidence is not high,True,SRC-4C2B689A,395,396,tl,low,,low,,,"Wiidley's Baxfish- Female lower body with brown ‘spots and mackings; white mic-leteral stripe from snout tip t0 tall base. | ID: Male - Bluiah gray with dark-edged white margin along se, vite spots on bat, Slttary on pains. Rock and oral Dottome-ot lagoon and sstiward reete in 3-27 m. Contzel"
1096,4f8145bb-baa1-5a8a-a3cf-6f636035ded0,Twospot Wormfish,Oxychellinus bimaculatus,pending_review,identity confidence is below the inclusion threshold; account transcription confidence is not high; identification descriptions are not high-confidence transcriptions,True,SRC-6300842C,220,221,ml,high,93.2,medium,,,"ID: Variable from shades of red to brown to green; dark spot bordered in red on front of dorsal fin, black mid-body spot yellow base of pectoral; unusual tail shape. Form small groups. Rubble and weedy areas around rocky outcrops in 2-100 m."
1097,1dc14e25-e6aa-519c-903b-461de2d4daba,Celebes Wormfish,Oxycheulinus celebicus,pending_review,identity confidence is below the inclusion threshold; account transcription confidence is not high; identification descriptions are not high-confidence transcriptions,True,SRC-805834F3,220,221,tl,high,92.7,medium,,,ID: Variegated shades of brown with several dark blotches on rear body; pink to orange lines radiating from eye elongate snout. Solitary. Coral-rich areas on slopes of lagoon and seaward reefs in 3-30 m.
1098,8a54b591-da84-5c46-b970-28fe3caf4962,Linedcheeked Wormfish,Oxycheilinus digrammus,pending_review,identity confidence is below the inclusion threshold,True,SRC-95BF4A4E,220,221,mr,high,93.5,high,,,"ID: Variable color and markings; most commonly shades of brown, green and red with wide bar markings on back and dark bar markings on each scale; diagonal lines on lower gill cover. Solitary. Coral-rich lagoons and seaward reefs in 3-60 m. | WD: Variable color.and: ; Mhoet commonly shades of brown, green and sed with wits bar markings on bark end dark bar on sach scale; diagonal tises on lower gilt cover, Solitary. agoores and seaward sects i 3-60 mt. markings"
1099,a5a26347-042f-55b0-9241-698c1205d877,Slender Wormfish,Ostracion orientalis,pending_review,identity confidence is below the inclusion threshold; account transcription confidence is not high; identification descriptions are not high-confidence transcriptions,True,SRC-03B2298F,221,222,mr,medium,71.7,medium,,,"‘ID: Slendar body; setmon to brown; several pale, soanewhat: indistinct, ragged body bars. Solitary ox form small grours. Sant rubble and arads of dense algae in lagoons and around taeda in 18-70 m."
1100,9a4159e2-82c8-58ee-bba3-c7346205672a,Oriental Wormfish,Oxycheilinus rhodochrous,pending_review,identity confidence is below the inclusion threshold; account transcription confidence is not high; no identification description,True,SRC-5E1FF4B8,220,221,tr,high,91.4,medium,,,
1101,d6564d22-356c-5c1b-862e-9b9a61dd4212,Ringtail Wormfish,Oxycheilinus unifasciatus,pending_review,identity confidence is below the inclusion threshold,True,SRC-6326664C,221,222,tl,high,93.6,high,,,"ID: Shades of green to brown with white belly (capable of rapid and intense color change); white band with red borders from eye to gill cover, white bar across tail. Solitary. Lagoon and outer reefs to 60 m."
1102,56069573-984b-50fb-8863-0b1388447b30,Longnose Hawkfish,Ixycirrhites typus,pending_review,account transcription confidence is not high; identification descriptions are not high-confidence transcriptions,True,SRC-CBAED373,166,167,br,high,100,medium,,,"ID: Long “needle-nosed” snout; white with red bars and stripes forming netted pattern of squares. Solitary. Perch among branches of black coral and gorgonian sea fans on steep outer reef slopes in 12-100 m, usually below 25 m."
1103,ce4075d1-87af-5d3f-86aa-8abea5a6f0ce,Robust Ribbongoby,Jxymetopon compressus,pending_review,no identification description,True,SRC-BDFD2A13,285,286,tl,high,100,high,,,
1104,05e52150-8860-5299-b822-835d2967f1a7,Blue-barred Ribbongoby,Jxymetopon cyanoctenosum,pending_review,identity confidence is below the inclusion threshold; account transcription confidence is not high; no identification description,True,SRC-56F212FF,285,286,tr,high,93.4,medium,,,
1105,b7a60ce6-392c-572f-ba80-fabe8df0ad80,Longnose Filefish,Ixymonacanthus longirostris,pending_review,identity confidence is below the inclusion threshold; account transcription confidence is not high; identification descriptions are not high-confidence transcriptions,True,SRC-6720C8A2,410,411,br,high,97.4,medium,,,ID: Blue-green with rows of orange spots; black spot on tail elongated snout with small upturned mouth. In pairs or small groups among Acorpora coral branches on which it feeds. Lagoons and seaward reefs to 35 m.
1106,3542d6c9-1369-54d4-a25c-030e525b878d,Frogface Sleepergoby,Dxyurichthys papuensis,included,,True,SRC-1AA76F97,328,329,tl,high,100,high,,,"ID: Mele - Brown to gray; large mouth, eyes on top of head brown marking on pectoral fin base, 4 brown bars and blackish spot on tail base. Solitary, Silt or mud bottoms of sheltered shorelines and estuaries to 50 m."
1107,cc20140c-e905-5074-8b2e-7cedac96c93a,Yellowtail False Fusilier,Paracaesio xanthura,pending_review,identity confidence is below the inclusion threshold,True,SRC-31B70CAF,109,110,bl,high,97.3,high,,,"ID: Blue with yellow area on back extending from forehead to tail; similar Yellowback Fusilier distinguished by a black spot on pectoral fin base. Form schools. Below diver depths in tropics, but 10-50 m in subtropics."
1108,3a484374-e8de-5369-bfdf-b0056fcddb63,Purple-mask Angelfish,Paracentropyge venusta,pending_review,identity confidence is below the inclusion threshold; account transcription confidence is not high; identification descriptions are not high-confidence transcriptions,True,SRC-8BABFA94,31,32,br,high,96.6,medium,,,"ID: Blue upper head and body. yellow below with large triangular extension invading blue just behind head. Usually solitary; secretive, often upside down under ledges or in caves, Outer reef slopes in 15-35 m."
1109,69038627-4645-5975-b449-dc8d77d888c2,Pink Flasher Wormfish,Paracheilinus carpenteni,pending_review,identity confidence is below the inclusion threshold; no identification description,True,SRC-8E2090BB,203,204,tr,medium,76,high,,,
1110,b4c6fb6f-5dd3-53c8-b9d8-a42e55bcae39,Filamented Flasher Wormfish,Parachellinus cyaneus,pending_review,identity confidence is below the inclusion threshold; account transcription confidence is not high; identification descriptions are not high-confidence transcriptions,True,SRC-BAFC4B36,202,203,mr,high,87.1,medium,,,ID: TP - Red with blue stripes; numerous blue spots on nape and back; 8-9 long filaments extend from dorsal fin rays long filaments also extend from lunate tail lobes. Form aggregations. Rubble bottoms near coral reefs in 6-20 m.
1111,4ea1691f-23d6-5d62-907e-b009ccba9bfa,Hybrid Flasher Wormfish,Paracheilinus flavianalis,pending_review,identity confidence is below the inclusion threshold; account transcription confidence is not high; identification descriptions are not high-confidence transcriptions,True,SRC-35EF1B59,203,204,bl,high,85.3,medium,,,"ID: TP - Orange-red or yellowish with violet to blue stripes anal fin yellow; long red filament extends from central dorsal fin, round tail. Form aggregations. Rubble or weedy bottoms and base of seaward slopes in 6-35 m."
1112,3358bafd-d7f3-5bdc-a50e-6a8226d5b060,Mccosker's Flasher Wormfish,Dxyurichthys mecoskeri,pending_review,identity confidence is below the inclusion threshold; account transcription confidence is not high; identification descriptions are not high-confidence transcriptions,True,SRC-56635E18,203,204,ml,low,60.4,medium,,,"yallowiat with, valet to Bios stipes, 3D: Th.- Orange-red x ‘outer half of anal fin red; Jong flament extends from central ‘dorsal fin, rourid tail, - Similar to Yellowfin Flasher [below]. Foun sggregations. Rubbie and weedy bottoms in €-50m"
1113,a76218eb-3ce8-5168-bc05-82f6c8c1b631,Freckled Hawkfish,Dxyurichthys hemistictus,pending_review,identity confidence is below the inclusion threshold; account transcription confidence is not high; identification descriptions are not high-confidence transcriptions,True,SRC-88954AB3,169,170,mr,low,44.2,medium,,,"Fredded Hewdfish - Variation ‘hecoming black 1D: Red to dark brow on upper ball of body becoming on rear with white lower body Jaton spipe on back: “irackies” on hoad fs key to: 169 | ‘TD: Colom quite variable, most commonly shades of brown; Rumerous small spots “freckies"" on heed and forebody, ‘brown striped erea toward reat of body: Solitary. Peroh:on. -utals In constal, lagoon and seaveard recta ins 1-36 zn. dniia Paciie: Bed ea and B. Aton so Marquasae 1s. i French Polynesia. - $,W. Japan to Australie. | Frackied Hewkdish - Variation body becomes: yellow continuing onto tail base'and tail, ‘Most commonly perch on branching corals inctuding Acropora, Pocillopora end Stylophara,"
1114,a28759e4-0113-5512-83a9-3bc72b414fa7,Nisus Hawkfish,Paracirthites nisus,pending_review,identity confidence is below the inclusion threshold; account transcription confidence is not high; identification descriptions are not high-confidence transcriptions,True,SRC-9C3EE0C4,168,169,br,high,99.7,medium,,,"ID: : Lower edge of eliptical marking behind eye extends across cheek to lip, broad white stripe on rear body bordered with wide black bands. Solitary or in pairs. Among Pocillopora coral on exposed outer reefs in 3-25 m."
1115,3ee21d3c-f7f2-53ea-8de8-f13e752972dc,Yellow Hawkfish,Paracirrhites xanthus,pending_review,account transcription confidence is not high; identification descriptions are not high-confidence transcriptions,True,SRC-A8ED14FE,169,170,ml,high,100,medium,,,ID: Yellow; short diagonal black line behind eye. Solitary. Perch among branches of Pocillopora coral on exposed outer teefs in 3-25 m.
1116,d8c2c07a-6362-5b30-a30d-c6bb502614e4,Andaman Mimic Filefish,Dxyurichthys prionurus,pending_review,identity confidence is below the inclusion threshold; identification descriptions are not high-confidence transcriptions,True,SRC-FB7CF698,411,412,tr,low,43,high,,,"ID: Dark brown upper body, white below with numerous gall white spot. Mimic the Sharpnoea’ pete ck fee Hho st dorsill fin. Solitary. Coral roofs in 5+: TE Andaman $e Shut I, and Bast Indian Gcean: at Phuket in Thafland."
1117,658a78f0-e2b0-5007-ad9e-a923a1f26589,Whitebar Filefish,Paramonacanthus choirocephalus,pending_review,account transcription confidence is not high; identification descriptions are not high-confidence transcriptions,True,SRC-62BA6525,413,414,bl,high,100,medium,,,ID: White to gray with brown to black blotches; usually dark ! blotch below beginning of 2nd dorsal fin: deep diamond ' shaped body. Solitary or form groups: often shelter among crinoid arms. Sea grass beds and sandy slopes to 25 m.
1118,c87fdec5-fdd0-5917-a1c8-c5e09f883499,Japanese Filefish,Paramonacanthus japonicus,pending_review,identity confidence is below the inclusion threshold; account transcription confidence is not high; identification descriptions are not high-confidence transcriptions,True,SRC-482AE581,413,414,ml,high,99.9,medium,,,"ID: Tan with tiny brown spots and dark brown rectangular marking below beginning of soft dorsal fin. Solitary. Sandy or weed-covered bottoms of coastal reefs in 1-20 m. | ID: Tan with tiny brown spots and dark brown rectangutar marking below beginning of soft docsal fin. Solitary. Sandy or weed-covered bottoms of opastal reefs in 1-20:m. ‘ela Paci: Ione, ilopines and New Goines, 8. Jap"
1119,50e9612c-0480-54b8-8334-9822698d9614,Sharpnose Sandperch,Parapercis cylindrica,pending_review,identity confidence is below the inclusion threshold,True,SRC-50800653,294,295,mr,medium,76.6,high,,,"ID: Whitish undercolor: about 8 dark squarish bars on back and about 8 dark bars on lower body aligned between bars on back narrow dark bar below eye. Solitary or form small groups. Silty sand, rubble and weedy bottoms to 20 m."
1120,3ab91248-e551-5dd0-9fd3-912574cfaba2,Spotted Sandperch,Parapercis hexophthalma,pending_review,identity confidence is below the inclusion threshold,True,SRC-5D5B2591,293,294,bl,high,90.4,high,,,"ID: Femele - White with grayish back; numerous dark lines spots and speckles, large black spot on tail. Mole- Dark wavy lines on cheek. Solitary or form small loose groups. Sand or tubble bottoms of coastal, lagoon and outer reefs in 8-25 m. | ID: Female - White with grayish beck; numerous dark lines, spats and spose, lanue Black spot on tal. de- Dest wary Iinas Gn cheek. Solisary or form small loose gicups.Sandcr © Tubbie bottoms of ooestel, lagoon anil carter reefs in 8-25 m."
1121,be3d71b5-7be8-55e6-8e75-bd0baba889cb,Nosestripe Sandperch,Parapercis lineopunctata,pending_review,identity confidence is below the inclusion threshold,True,SRC-433459A4,295,296,ml,high,98.7,high,,,ID: White with darkish saddles on back and narrow bars aligned between saddles on sides; black stripe from snout through eye. Solitary or form small groups. Usually on clean sand near reefs in 5-35 m.
1122,8029900b-5343-5069-a69f-1803b9b62855,Harlequin Sandperch,Parapercis maculatus,pending_review,identity confidence is below the inclusion threshold,True,SRC-B9DC94A8,294,295,tl,high,97.6,high,,,"ID: Reddish to gray-brown back and whitish below; 6 large irregular dark reddish brown body bars, curved blue lines on cheek. Solitary. Sand and rubble bottoms of coastal reefs in 5-25 m."
1123,5db59da3-5a19-5d9e-bc04-e61b8bf51348,Spotted Sandperch,Parapercis millipunctata,pending_review,identity confidence is below the inclusion threshold,True,SRC-F3A8C213,294,295,tr,high,98.7,high,,,"ID: Pale undercolor with intermingled dark and light brown blotches on back; double row' of large brown to blackish spots on mid-side and lower side, white streak on tail. Solitary or small groups. Sand and rubble near reefs in 4-30 m."
1124,da5d88c3-44dd-5e4e-b709-a85fd6277a20,Red-barred Sandperch,Parapercis multiplicata,pending_review,identity confidence is below the inclusion threshold,True,SRC-AF8644D2,294,295,br,high,98.5,high,,,ID: Whitish with 8 narrow red bars below back each containing a pair of small dark spots: red or black spot on belly above ventral fin base. Solitary or form small groups. Sand and rubble bottoms of clear water reefs in 25-40 m.
1125,73250c85-ef1c-50b3-a326-5e700af22f10,Red-spotted Sandperch,Dxyurichthys schauinslandi,pending_review,identity confidence is below the inclusion threshold; account transcription confidence is not high; identification descriptions are not high-confidence transcriptions,True,SRC-97775A85,295,296,tl,low,,low,,,"1D: White with &' rod to brownish bars or pers of ge spots, ‘ampall dazk spots-on tail bese; fed tet dorsal fin aad pair of ‘tail, Solitary or form groups. Sand anit rubiie bottoms. auward soe epesia 1S0"
1126,70006283-bbe7-5d44-a5ad-5d0efe40b94b,Slender Lizardfish,Dxyurichthys snyderi,pending_review,identity confidence is below the inclusion threshold; identification descriptions are not high-confidence transcriptions,True,SRC-A20FE166,296,297,mr,low,44.6,high,,,"1D: Mottled gray to brown; 3. dark or diffuse bars on Tear ogy ingpaben nea eth whet meu red ‘Sand or sity botrams near protected reefs to 12m. Tne Sen ed, Alten wo Ewald Mangoes —_Je. in French Polynesia. - 8,7. Jape to Australia."
1127,e95be1a1-7fc2-5da7-b9a0-f1f3c8d48129,Reticulated Sandperch,Parapercis tetracantha,pending_review,identity confidence is below the inclusion threshold; account transcription confidence is not high; identification descriptions are not high-confidence transcriptions,True,SRC-CDDC2A6B,294,295,ml,high,98.2,medium,,,"ID: Whitish with 7-8 squarish saddles on back connected to bars on lower body; black blotches through lips and under eye, 3 rows of black spots on dorsal fin. Solitary or form small groups. Sand and rubble bottoms near reefs in 12-25 m."
1128,598cfffd-396b-571d-98bd-9201cbb8f3ad,Yellowtail Sandperch,Parapercis xanthozona,pending_review,identity confidence is below the inclusion threshold,True,SRC-8200E4FE,295,296,bl,high,88,high,,,"ID: Mottled shades of reddish brown on back, white below with 10 red body bars each marked with central black spot 3 bars on lower head, yellowish streaks on tail. Solitary or form small groups. Sand and rubble bottoms near coastal reefs in 2-20 m."
1129,d2426c10-6f84-5cea-b0d5-9d119502ba16,Painted Scorpionfish,Parascorpaena picta,pending_review,identity confidence is below the inclusion threshold,True,SRC-3D42FF9A,374,375,tr,high,92,high,,,"ID: Mottled red to brown to greenish brown; large rounded head with short blunt snout; reddish bands in iris, cirri above eyes not always present, bands on lips. Solitary. inside crevices of coastal reefs to 15 m."
1130,f0da0fbe-49e4-5f9f-bdcc-6fbb9bc20081,Interrupted Dartfish,Panoglossus interruptus,pending_review,identity confidence is below the inclusion threshold; account transcription confidence is not high; identification descriptions are not high-confidence transcriptions,True,SRC-74E78771,284,285,mr,high,95.2,medium,,,"ID: Brownish with white belly; yellow mid-lateral stripe thin blackish stripe extends along lower body to black marking on tail. Forms aggregations near the surface. Marine lakes, tidal streams and mangrove swamps."
1131,96133107-3b6b-5def-94c4-80eef2108483,Naked Dartfish,Parioglossus nudus,pending_review,identity confidence is below the inclusion threshold; no identification description,True,SRC-5B1E0CB4,284,285,bl,medium,76,high,,,
1132,1b0d09d9-544f-56be-86ff-8449df3bb56a,,Dxyurichthys raol,pending_review,identity confidence is below the inclusion threshold; account transcription confidence is not high; printed identity is incomplete; no identification description,True,SRC-8214AB36,284,285,,low,47.5,medium,,,
1133,7ba1ab8f-018a-5939-b120-23aba29a40ba,Dash-dot Goatfish,Parupeneus barberinus,pending_review,identity confidence is below the inclusion threshold,True,SRC-E0242523,399,400,tl,medium,74,high,,,"ID: White with pale gray to yellow on upper back; narrow black stripe extends from snout to below 2nd dorsal fin, large black spot on tail base. Solitary or form smali groups. Sand and rubble bottoms near reefs to 100 m."
1134,4ce1f2f6-c168-55f3-8f43-5a517e211e3a,White-shouldered Whiptail,Pentapodus bifasciatus,pending_review,identity confidence is below the inclusion threshold; no identification description,True,SRC-FF65D3CF,112,113,ml,medium,79.2,high,,,
1135,eaba3cd6-6764-587d-af6d-3c96a97932c7,,Dxyurichthys ciliatus,pending_review,identity confidence is below the inclusion threshold; printed identity is incomplete; no identification description,True,SRC-7755EE90,399,400,,low,51.9,high,,,
1136,22a1fb9d-bec4-5aff-9027-4398ff276a65,Goldsaddle Goatfish,Parupeneus cyclostomus,pending_review,identity confidence is below the inclusion threshold,True,SRC-70E104AB,397,398,mr,high,95.6,high,,,"ID: Highly changeable, various combinations of purple. brown, gray, green and yellow; blue line markings around eye. often a yellow saddle is apparent on upper tail base. Coastal, lagoon and outer reefs in 2-92 m. | %®: Highly changeable, various combinations of purple, brown, gray, ‘Rue line markings around green. end yellow: often a yellow saddie ie apparent on upper tail hase. oe Coastal, lagnon and cuter reais in 2-92:m. | Boubleber Gontlish - Phase DD: Have the ability to rapidly change from yellow to white Jpaxple; often purple when resting on bottom. The large: black bere or apcke cften feem sadlos acrogs hack, | Geldsudille Geatlish - Phase I: Mixed tan, purple and yellow combination, note bright occasionally in pairs,"
1137,16da2aee-4491-55b7-a8e2-85e44c0b0dbc,Cinnabar Goatfish,Parupeneus heptacanthus,pending_review,identity confidence is below the inclusion threshold; account transcription confidence is not high; identification descriptions are not high-confidence transcriptions,True,SRC-F2FC0DFB,398,399,tr,medium,79,medium,,,"ID: Brownish yellow to light red; lavender to iridescent blue stripes around eye and on upper sides, small dark spot on mid-side. Solitary. Turbid areas on silty sand or weedy bottoms in 15-100 m."
1138,89633970-40a5-52b3-9b0f-95c8d090c877,Indian Goatfish,Parupeneus indicus,pending_review,identity confidence is below the inclusion threshold; account transcription confidence is not high; identification descriptions are not high-confidence transcriptions,True,SRC-FA99381E,399,400,bl,high,87.9,medium,,,"ID: Bluish white to grayish or brownish; bright yellow oval patch on mid-body, large black spot on tail base, Form stationary daytime aggregations; solitary feeders at night. Coastal reefs, lagoons and outer slopes to 113 m. to Great Barrier Reef."
1139,e52b55d6-aae0-5868-927f-0c2422054bfe,Longbarbel Goatfish,Parupeneus macronemua,pending_review,identity confidence is below the inclusion threshold; account transcription confidence is not high; no identification description,True,SRC-F26C15B7,399,400,tr,medium,76.3,medium,,,
1140,d8e3e997-844b-55bb-b289-e1826b907ad7,Bicolor Goatfish,Parupeneus multifasciatus,pending_review,identity confidence is below the inclusion threshold; no identification description,True,SRC-976E6876,398,399,ml,high,85.7,high,,,
1141,c8d75845-81ac-5794-80ca-75975fd369c7,Rosy Goatfish,Panipeneus pleurostigma,pending_review,identity confidence is below the inclusion threshold,True,SRC-9E951B59,398,399,bl,high,86.9,high,,,"ID: Yellowish to purplish gray to light red; white oval patch preceded by large black patch on mid-body, blackish under 2nd dorsal fin. Solitary; feed during day. Sand and rubble bottoms near coral reefs in 5-42 m."
1142,0de44cde-50ca-5a0c-b39e-77cdb7db7e81,Manybar Goatfish,Parupeneus rubescens,pending_review,identity confidence is below the inclusion threshold,True,SRC-F2CA9448,398,399,br,high,84.2,high,,,"ID: Tan to light reddish brown; red to brown stripe from mouth through eye to front body, black saddle preceded by white spot on upper tail base. Solitary or groups. Silty sand seagrass and weedy bottoms to 20 m. | brownish, purplish orred; 3-4ekemating 1D: Light ee oak ean whe aro Wh, Hn behind eye. Solitary. Coral reefs and adjacent admd and nab aemes ora."
1143,9a597814-34e8-55df-a00c-12e9e9b1fdd0,Blackspot Goatfish,Parupeneus spilurus,pending_review,identity confidence is below the inclusion threshold; account transcription confidence is not high; identification descriptions are not high-confidence transcriptions,True,SRC-64C0621B,399,400,br,medium,75.4,medium,,,ID: Altemating white and reddish brown to yellowish brown stripes; white patch behind 2nd dorsal fin precedes a black saddle spot on tail base. Solitary; rest on bottom most of day active at night. Sandy areas and reefs to 30 m.
1144,7181f85a-6455-550e-9783-6c0be3f62587,Indian Doublebar Goatfish,Parupeneus trifasciatus,pending_review,identity confidence is below the inclusion threshold; account transcription confidence is not high; no identification description,True,SRC-5AC5F6AF,397,398,ml,medium,76,medium,,,
1145,c7ea7b83-6de6-59b4-8fbb-a3d1992fa4b1,Copper Sweeper,Pempheris oualensis,pending_review,identity confidence is below the inclusion threshold; account transcription confidence is not high; identification descriptions are not high-confidence transcriptions,True,SRC-A2DE8D55,403,404,ml,high,98.1,medium,,,"ID: Copper-brown; leading edge and tip of Ist dorsal fin blackish, black spot on pectoral fin base (no black margin on anal fin or tail), Form aggregations in caves or under ledges. Lagoon and seaward reefs to 35 m."
1146,37bf9d6c-15bf-5738-93d1-d13d2365a00c,Silver Sweeper,Pemphens schwenkii,pending_review,identity confidence is below the inclusion threshold; account transcription confidence is not high; identification descriptions are not high-confidence transcriptions,True,SRC-935B28E6,403,404,br,medium,77.3,medium,,,"ID: Silvery, occasionally coppery; purplish tinting on back and head, often lavender and greenish iridescence; in coppery phase distinguished from similar species by only 3-4 scale tows above lateral line. Form schools in protected areas. Lagoon and seaward reefs to 40 m."
1147,49cf761c-5e26-5613-8a23-83c669a47508,Vanikoro Sweeper,Pemphens vanicolensis,pending_review,identity confidence is below the inclusion threshold,True,SRC-4619E447,403,404,mr,high,96.7,high,,,"ID: Coppet-brown, broad black tip on 1st dorsal fin, black margin on anal fin and tail. Form aggregations in caves or under ledges. Lagoon and seaward reefs to 25 m."
1148,31bed2e3-def8-51b2-846a-ae6301abf03a,Small-toothed Whiptail,Pentapodus caninus,pending_review,identity confidence is below the inclusion threshold,True,SRC-9BACF86C,111,112,bl,high,84.6,high,,,ID: Greenish gray to bluish gray back gradating to whitish lower body; broad yellowish stripe from eye to base of tail; no dark band between eyes. Solitary or form small groups. Silty coastal reefs and deep lagoons in 2-35 m.
1149,81584882-96ed-56e2-8221-72ea9fbee128,Double Whiptail,Pentapodus emeryil,pending_review,identity confidence is below the inclusion threshold; account transcription confidence is not high; identification descriptions are not high-confidence transcriptions,True,SRC-A9526216,110,111,ml,medium,76.8,medium,,,"ID: Blue back grading to whitish lower body with thin yellowish stripe on back and wider mid-lateral stripe; slender with pointed snout and elongate filament on each tail lobe. Solitary or form smail groups. Silty coastal reefs in 2-35 m. | cape ctwt 1D: Biue lower with thin with pointed snout and elongate flamaent on each tail lobe, Solitary oc form senall groupe, Sity coastal reets'in 2*36 m."
1150,e4a5efa7-07ff-5c4d-825a-757cfee257df,Small-toothed Whiptail,Dxyurichthys nagasakiensis,pending_review,identity confidence is below the inclusion threshold; account transcription confidence is not high; identification descriptions are not high-confidence transcriptions,True,SRC-2282F582,111,112,bl,low,,low,,,"Spratly ad 7s a yo em wehitttih cotuebiageeantte Sete eetn ax ean ~SW, Japan"
1151,2367fd4e-42d8-575e-a982-00bd5edf78e8,Paradise Whiptail,Pentapodus paradiseus,pending_review,identity confidence is below the inclusion threshold,True,SRC-3058337F,111,112,tl,high,97.9,high,,,ID: Gray; white stripe bordered by dark gray stripe from eye to tail joins white V-shaped mark and smail black spot on tail base. Solitary or form small groups. Coastal reefs in 10-70 m.
1152,b1ee2168-4d0a-5919-94d0-0f39f8d32c02,Northwest Australian Whiptail,Pentapodus porosus,pending_review,identity confidence is below the inclusion threshold; account transcription confidence is not high; identification descriptions are not high-confidence transcriptions,True,SRC-51BA5DE5,111,112,mr,high,96.9,medium,,,"ID: Light gray; pair of orange stripes on head, blue V-shaped mark and black spot at tail base, thin blue stripe along base of dorsal fin, Solitary or form small groups. Coastal reefs in 5-50 m."
1153,41b96685-36b9-553e-9ba6-8c49624f423c,Butterfly Whiptail,Pentapodus setosus,pending_review,identity confidence is below the inclusion threshold,True,SRC-51709340,111,112,ml,high,96.9,high,,,ID: Light gray; gold to yellow stripe from eye to upper base of tail joins a pale tower stripe to form a V with central dark spot; adults have filament extending from upper tail lobe. Solitary or form small groups. Coastal reefs in 5-50 m.
1154,2c426ac4-f06c-56c5-935f-7c7192003163,Three-striped Whiptail,Pentapodus trivittatus,pending_review,identity confidence is below the inclusion threshold,True,SRC-0F0EE29C,112,113,tl,medium,77.7,high,,,"ID: Gray, underside of head and body white; pale saddles and stripe on back, white mid-body blotch gradates into stripe toward tail. Solitary or in pairs. Coastal reefs and lagoons in 2-30 m."
1155,47285cf9-8e00-5335-bd11-493da26b9036,Orangetail Filefish,Pervagor aspricaudus,pending_review,identity confidence is below the inclusion threshold,True,SRC-483BF8BE,412,413,br,medium,73.1,high,,,"ID: Blue-gray head and front of body with numerous tiny black spots, orange rear body and tail. Solitary. Corals and mubble areas of lagoons and outer reef slopes to 25 m."
1156,ecb846a1-e417-5e72-b367-5dfb064cb4c2,Blackbar Filefish,Pervagor janthinosoma,pending_review,identity confidence is below the inclusion threshold; account transcription confidence is not high; identification descriptions are not high-confidence transcriptions,True,SRC-3A5C3360,412,413,mr,high,94,medium,,,"ID: Brown to olive with dark horizontal lines, orangish tail dark bar above pectoral fin base. Solitary and secretive. Lagoon and seaward reefs to 20 m."
1157,f7a83b6d-f095-5411-b625-0226d8189942,Blackheaded Filefish,Pervagor melanocephalus,pending_review,identity confidence is below the inclusion threshold,True,SRC-A2BB93D0,412,413,bl,high,94.5,high,,,"ID: Dark brown head, orange body with red or orange tail orange spots on snout. Solitary or in pairs; remain close to shelter. Seaward reefs in 3-40 m."
1158,48c229ff-8cfe-53e1-bbc8-37fd62eb2390,Yelloweye Filefish,Dxyurichthys nigrolineatus,pending_review,identity confidence is below the inclusion threshold; account transcription confidence is not high; identification descriptions are not high-confidence transcriptions,True,SRC-BCA34D11,413,414,tl,low,,low,,,"adjacent ring «round eye, orange tal mexkings with a: Schaal Su. Gone ays 15 ‘Micronesia to Great Burret Reet,"
1159,2947fad1-66f8-51ed-95ec-e5b6ba28a0a8,Deceiver Fangblenny,Petroscirtes fallax,pending_review,identity confidence is below the inclusion threshold,True,SRC-C30F9DF1,342,343,tl,high,98.1,high,,,"ID: White with 3 black stripes, yellowish dorsal fin. Solitary ot with Lined Fangblenny [previous page], which they mimic Lagoon and coastal reefs in 1-12 m."
1160,18c24f1c-cfe0-539d-8491-dba803f0fc5c,Smooth Fangblenny,Petroscirtes mitratus,pending_review,identity confidence is below the inclusion threshold,True,SRC-6B03A9B0,342,343,tr,high,90,high,,,ID: Mottled shades of greenish brown; tall front dorsal fin. Solitary or small groups. Weedy habitats including beds of Sargassum algae in coastal and lagoon reefs to 5 m.
1161,441b0b5e-97db-5365-987b-b7c21b22ee17,Jariable Fangblenny,Petroscirtes vaniabilis,pending_review,identity confidence is below the inclusion threshold; account transcription confidence is not high; identification descriptions are not high-confidence transcriptions,True,SRC-23422F03,342,343,ml,medium,77.5,medium,,,"ID: Variable, commonly olive to greenish upper body and whitish to pale greenish yellow below; densely mottled and spotted, often large dark blotches on back. Solitary. Weedy areas of coastal and lagoon reefs to 5 m."
1162,f30a9c72-0d1f-5641-90ca-f4ef7b498956,Shorthead Fangblenny,Petroscirtes xestus,pending_review,identity confidence is below the inclusion threshold; account transcription confidence is not high; identification descriptions are not high-confidence transcriptions,True,SRC-99A3BF5B,342,343,mr,high,90.8,medium,,,"ID: White; densely mottled and spotted, irregular pearl and dark brown stripe from eye to tail base. Solitary. Sand, coral tubble and weed flats to 5 m."
1163,d9198bdc-de89-5ce5-b844-5a09c5eb9fc5,Pinjalo Snapper,Pinjalo pinjalo,pending_review,identity confidence is below the inclusion threshold,True,SRC-60F17BD6,108,109,br,high,92.4,high,,,"ID: Variable shades from reddish gray to red that can quickly intensify or pale, yellow ventral fins; more robust than similar Stender Pinjalo {next]. Form schools. Coastal reefs and outer slopes in 15-100 m."
1164,4de373e9-abc8-5bc7-a684-8424cd82ef76,Bicolor Fangblenny,Jagiotremus laudandus,pending_review,no identification description,True,SRC-70267201,343,344,tl,high,100,high,,,
1165,0eb552ac-8e55-573d-af0f-a9d5c1afdb38,Imposter Fangblenny,Jagiotremus phenax,pending_review,account transcription confidence is not high; identification descriptions are not high-confidence transcriptions,True,SRC-1BC7AB21,342,343,bl,high,100,medium,,,"ID: Pale gray with black submarginal stripe on dorsal fin. Solitary; mimic Smith's Fangblenny, but lack line from eye to dorsal fin. Coastal, lagoon and outer reefs to 10 m."
1166,12f76fa4-af23-503b-a2af-d58b413bc174,Bluestriped Fangblenny,Plagiotremus rhinorhynchos,pending_review,account transcription confidence is not high; no identification description,True,SRC-FC949AD3,343,344,ml,high,100,medium,,,
1167,b8470b4f-67df-5c69-b76b-f4b6c9651f19,Piano Fangblenny,Jagiotremus tapeinosoma,pending_review,identity confidence is below the inclusion threshold,True,SRC-A125C72B,342,343,br,high,89.9,high,,,"ID: White; wide black stripe from snout to tail base often formed by numerous short bars. Solitary: feed on skin and scales of other fishes, which they aggressively attack. Lagoon and seaward reefs in 1-20 m."
1168,4c5796f5-757e-5b52-8c0d-fc5631fbfd0d,Golden Spadefish,Jagiotremus boersii,pending_review,identity confidence is below the inclusion threshold; account transcription confidence is not high; identification descriptions are not high-confidence transcriptions,True,SRC-84AD095B,42,43,ml,low,61.8,medium,,,"ID: Yellowish silver; dark to faint ber through eye'and.a sécénd bar from nape te yantral ine, Vary similar Ctrealat seattered black spots on aides, Baitsh fclowing! usualy bas: Const mccartney ind Form lenge: 2m"
1169,75e8da1c-fe0d-5750-9e9b-567db272f9bd,Circular Spadefish,Jagiotremus orbicularis,pending_review,identity confidence is below the inclusion threshold; account transcription confidence is not high; identification descriptions are not high-confidence transcriptions,True,SRC-17312C98,42,43,mr,low,,low,,,"‘ID Sliver, dusky rear body and fins; blackeye bar anda second bar from nape onto ventral fin; elongate, tianguiar-shaped dorsal and anal fins. Sheltered shoreline zeeis. a fd Chl"
1170,0b27ebf5-b4bb-588d-89fd-33d5699a0c63,Pinnate Spadefish,Platax pinnatus,pending_review,identity confidence is below the inclusion threshold; account transcription confidence is not high; identification descriptions are not high-confidence transcriptions,True,SRC-1964325E,43,44,mr,medium,80,medium,,,ID: Silver; black eye bar and a second bar through pectoral and onto ventral fin; distinctive protruding snout. Young adults have a single wide dusky bar on rear body. Usually solitary. Coastal reefs and seaward slopes in 2-25 m.
1171,dc35c126-2dfb-5ef3-ab19-df298bb79ba1,Longfin Spadefish,Platax teira,pending_review,identity confidence is below the inclusion threshold; account transcription confidence is not high; identification descriptions are not high-confidence transcriptions,True,SRC-8CD82573,42,43,tl,medium,78.6,medium,,,ID: Silver; dark to faint bar through eye and a second bar from front of dorsal fin to ventral fin. large dark blotch above rear edge of ventral fin. Usually form groups. Inshore and outer reefs in 3-25 m.
1172,4dfcbb0c-eb3e-5f10-9eab-924d8c4c8f20,Many-Spotted Sweetlips,Plectorhinchus chaetodonoides,pending_review,identity confidence is below the inclusion threshold; account transcription confidence is not high; identification descriptions are not high-confidence transcriptions,True,SRC-1DE1700F,172,173,mr,high,99,medium,,,"ID: Whitish to yellowish or greenish undercolor, unmarked whitish belly; profuse dark brown spots on head, body and fins. Usually solitary. Often near ledges of coastal reefs lagoons and seaward slopes in 2-30 m._"
1173,0d3c9306-97da-5234-8d10-255c7bdadd97,Goldstriped Sweetlips,Plectorhinchus chrysotaenia,pending_review,identity confidence is below the inclusion threshold; account transcription confidence is not high; identification descriptions are not high-confidence transcriptions,True,SRC-C491F29F,170,171,tl,high,82.5,medium,,,"ID: Silvery-blue with numerous yellow stripes, bright yellow fins. Solitary or form groups. Coral-rich areas of coastal reefs and Jagoons in 6-70 m. Formerly classified as P. celebicus."
1174,529c836f-40b4-5826-948c-00aee7e7065c,Gold-spotted Sweetlips,Plectorhinchus flavomaculatus,pending_review,identity confidence is below the inclusion threshold; account transcription confidence is not high; identification descriptions are not high-confidence transcriptions,True,SRC-60EFDEC3,171,172,mr,high,99,medium,,,ID: Gray with orange and blue stripes on head and small orange spots on upper body extending onto dorsal and tail fins. Solitary or form small groups. Sheltered coastal reefs and lagoons in 2-25 m.
1175,73bc04f2-d3ed-537c-97b8-821a01ad0914,Striped Sweetlips,Plectorhinchus lessonii,pending_review,identity confidence is below the inclusion threshold,True,SRC-59C68979,171,172,tl,high,98.3,high,,,"ID: White with 4-5 brown stripes on upper body, white unmarked lower body, yellow lips; broken lines on head spots on yellowish dorsal, anal and tail fins, Solitary. Coastal reefs, lagoons and seaward reefs to 35 m."
1176,70c4269a-36fa-5de2-93b0-2e2f741dfff0,Diagonal-banded Sweetlips,Plectorhinchus lineatus,pending_review,identity confidence is below the inclusion threshold; account transcription confidence is not high; identification descriptions are not high-confidence transcriptions,True,SRC-FF34D2AB,170,171,ml,high,98.3,medium,,,"ID: White with black body bands and white belly; lips and fins yellow; spotted dorsal, anal and tail fins. Solitary or form small groups; generally nocturnal but drift in the open during the day. Coastal reefs, lagoons and seaward reefs to 35 m."
1177,677b0ce9-7f69-59ab-a171-59eb3dc5eab3,Many-lined Sweetlips,Plectorhinchus multivittatum,pending_review,identity confidence is below the inclusion threshold; account transcription confidence is not high; identification descriptions are not high-confidence transcriptions,True,SRC-D07AEAEA,170,171,tr,high,99.6,medium,,,"ID: Pale bluish gray with bright yellow fins; wavy yellow lines on head, diagonal rows of broken yellow lines on bady. Solitary or form smail groups: nocturnally active. drift in sheltered areas during day. Mainly coastal reefs in 3-20 m."
1178,32b64d1f-92c3-5212-a5f6-f374e2cfac80,Dotted Sweetlips,Plectorhinchus picus,pending_review,identity confidence is below the inclusion threshold,True,SRC-B95EC4AA,172,173,tl,high,96,high,,,"ID: Whitish with profuse small black spots covering head, body and fins, unmarked white belly: black margin on rear edge of gill cover (similar Many-spotted Sweetlips {below] lack this marking. Solitary. Clear outer reefs and lagoons in 5-50 m."
1179,6d47c5af-0da3-52cb-ad81-e6bd6446fe1b,Ribbon Sweetlips,Plectorhinchus polytaenia,pending_review,identity confidence is below the inclusion threshold; account transcription confidence is not high; identification descriptions are not high-confidence transcriptions,True,SRC-5446078C,171,172,ml,high,98.9,medium,,,ID: Bright yellow with bold pattern of black-edged pale blue stripes mnning from head to tail. Solitary or may form small resting groups during the day: actively forage at night on small invertebrates. Coastal and seaward reefs in §-40 m.
1180,a9137bcd-c244-5b7f-8c55-f7b2bc174bb3,Indonesian Sweetlips,Jagiotremus unicolor,pending_review,identity confidence is below the inclusion threshold; account transcription confidence is not high; identification descriptions are not high-confidence transcriptions,True,SRC-FCBD9F13,173,174,ml,low,,low,,,D ‘with brown: epotting banger bisckish : an gel doveal and bal fs Bact genteel and anal Largely hate cornbination of azipee ane icngisudina! rows of spot. Solitary or form: ‘over sand bottoms. ote and hee eel
1181,9f0298b6-5756-5527-83c5-bf1a5e9c690e,Oriental Sweetlips,Plectorhinchus vittatus,pending_review,identity confidence is below the inclusion threshold,True,SRC-F6E79F00,170,171,mr,high,98.3,high,,,"ID: White with black stripes, lips and fins yellow; spotted dorsal, anal and tail fins. Solitary or form small groups nocturnal, but drift in open during the day. Coastal reefs lagoons and seaward reefs in 2-25 m."
1182,5e9124ad-8ce7-5297-a69b-43388e30f7ec,Chequered Perchlet,Jectranthias inermis,pending_review,account transcription confidence is not high; identification descriptions are not high-confidence transcriptions,True,SRC-A6A24DC4,151,152,bl,high,100,medium,,,ID: Whitish undercolor; large square red blotches align to form bars; first three dorsal spines yellowish; fins translucent or lightly spotted. Solitary. Base of steep slopes in rubble or in crevices of seaward slopes in 14-65 m.
1183,1a48eab4-5a5e-5dd6-80f6-2683a071ba0b,Longfin Perchlet,Jectranthias longimanus,included,,True,SRC-B038D586,151,152,mr,high,100,high,,,"ID: White to tan undercolor; irregular reddish brown blotches diagonal brown bar below eye, white spot on upper and lower tail base and behind dorsal fin. Solitary. Crevices and recesses of reefs in 6-73 m."
1184,e669b90d-c8d2-5e59-a563-7bf6f96c8890,Dwarf Perchlet,Jectranthias nanus,included,,True,SRC-BCFA50EC,151,152,ml,high,100,high,,,"ID: White to tan undercolor with irregular reddish brown blotches and spots; diagonal bar below eye, dark spot on upper and lower tail base. Solitary. Crevices and recesses of coastal, lagoon and outer reefs in 6-55 m."
1185,3a707b9a-1fcf-53a2-a292-639b92f00ce6,Redblotch Perchlet,Jectranthias winniensis,pending_review,identity confidence is below the inclusion threshold; account transcription confidence is not high; identification descriptions are not high-confidence transcriptions,True,SRC-EDF91B57,151,152,br,high,94.4,medium,,,"ID: Yellowish orange to yellowish brown; reddish botchmg on tai hase, small pale spot on back between 1st and 2nd dorsal fins. Solitary: cryptic crevice dwellers. Outer reef slopes in 23-58 m."
1186,7d777eae-4892-5b09-b2af-f87d46a6d5b6,Brighteye Damsel,Plectrogiyphidodon imparipennis,included,,True,SRC-BDA5AAB1,71,72,ml,high,100,high,,,"ID: Light blue-gray (nearly white), tail base and tail often yellow, nape and fore-back may be dusky; black bar across middle of eye, iris silvery. Wave-swept shallows to 3 m."
1187,dd82240b-fe78-53f2-84c2-c8afba1c1500,Johnston Damsel,Plectroglyphidodon johnstonianus,pending_review,account transcription confidence is not high; identification descriptions are not high-confidence transcriptions,True,SRC-93D157D2,70,71,bl,high,100,medium,,,"ID: Yellowish tan, head often with bluish hue; broad, black bar across rear body. Solitary or form loose groups. Often associated with Acropora and Pocillopora branching corals in passages and outer reef slopes in 2-12 m."
1188,781b1887-e179-5511-bc13-087f4d2dc2b0,Jewel Damsel,Plectroglyphidodon lacrymatus,pending_review,account transcription confidence is not high; identification descriptions are not high-confidence transcriptions,True,SRC-06571E53,71,72,mr,high,100,medium,,,"ID: Brown with black scale margins, often gradating to tan or whitish on rear body and tail; small blue spots scattered on head and body. Solitary or form loose groups. Lagoons and outer reefs in 2-12 m"
1189,9750208f-6631-5d60-897c-1e55766a8d75,Whiteband Damsel,Plectroglyphidodon leucozonus,included,,True,SRC-2BAEE1B1,71,72,bl,high,100,high,,,"ID: Brown with white bar across mid-body; rear edge of gill cover often dark, black spot on upper pectoral fin base. Solitary ot form loose groups. Rocky shores and reef flats exposed to wave action to 4m."
1190,2e1414f4-8212-5769-a0d3-ceb248426682,Phoenix Damsel,Plectroglyphidodon phoenixensis,pending_review,account transcription confidence is not high; identification descriptions are not high-confidence transcriptions,True,SRC-5966210F,71,72,tl,high,100,medium,,,ID: Brown with white tail; four narrow white to yellowish bars and black bar on tail base: may display pale ocellated spot on rear dorsal fin. Solitary or form loose groups. Rocky shores and. teef flats exposed to vigorous wave action to 8 m.
1191,26fc037c-588e-544a-b3a9-1eb65caac49d,Squaretail Coral Grouper,Jectropomus areolatus,included,,True,SRC-2F9B7D3F,165,166,ml,high,100,high,,,"ID: Whitish to pale gray with numerous small dark-edged Dlue spots on head, body and fins: frequently with 4-5 dark blotches forming saddles on back. Solitary. Coastal reefs lagoons and outer reefs in 2-20 m."
1192,42880d02-d179-54d6-ba4f-ff96a15e11a4,Blacksaddle Coral Grouper,Jectropomus laevis,included,,True,SRC-8F16053C,165,166,tl,high,100,high,,,"ID: Pole Vorietion - Whitish with 4 black saddles on body and black band above eye, fins yellow. Generally smaller than the dark form and is possibly restricted to juveniles and females. Solitary. Lagoons and seaward reefs in 4-90 m. | TD: Pale Verloton - Whitints with 4 black saddies ‘and Host band shove one fie raline Gonna casita the dark form and Js possibly restricted to juveniles and females. Solitary. Lagoons and seaward reefs in 4-90"
1193,4fcb4036-b38d-5a4c-8f4b-a949478ed463,Highfin Coral Grouper,Jectropomus leopardus,included,,True,SRC-954A216E,164,165,br,high,100,high,,,"ID: Red, pale gray or olive to dark brown with small blue spots on head, body and fins: blue margin on tail, ring around eye, may display bars. Solitary. Coastal and lagoon reefs in 3-100 m."
1194,9f3acc5e-1b33-5d39-a823-ddd7cb9086a6,Spotted Coral Grouper,Jectropomus maculatus,included,,True,SRC-D36E6D95,164,165,bl,high,100,high,,,"ID: Red, pale gray or olive to dark brown with numerous small blue spots on bedy and fins; elongate blue spots on head, blue margin on tail, blue ring around eye. Solitary. Silty coastal reefs in 5-50 m."
1195,c95d42dc-fe74-565e-9b01-bef6e78f4f57,Leopard Coral Grouper,Jectropomus oligacanthus,included,,True,SRC-5A4FF831,164,165,mr,high,100,high,,,ID: Red to reddish brown to lavender-brown with blue lines on head; blue spots on body and fins with some that join to form vertical lines on mid-side. Solitary. Steep slopes in 5-147 m.
1196,757d4766-1539-5bd4-8965-89653f23a83b,Roving Coral Grouper,Jectropomus pessuliferus,included,,True,SRC-D92824CC,165,166,mr,high,100,high,,,ID: Brown to orange-red or olive with numerous small dark- edged round and vertically elongate blue spots; may display 5-6 dark bars on upper body. Solitary. Coastal platform and outer reefs in 10-147 m.
1197,ff3af185-c9c1-50c2-85d4-610a38e024e2,Roughscale \dierfish,Jectrypops lima,pending_review,account transcription confidence is not high; identification descriptions are not high-confidence transcriptions,True,SRC-1148C695,239,240,tl,high,100,medium,,,ID: Bright red with clearish to reddish fins; small scales compared to other soldierfishes; no dark margin on rear gill cover or white margins on fins. Solitary; hide in deep recesses. Outer reef slopes in 5-40 m.
1198,1522698f-ba51-51f7-90c7-5539e5fa7c02,Red-tipped Longfin Devilfish,Jesiops coeruleolineatus,included,,True,SRC-6373D6F8,278,279,bl,high,100,high,,,"ID: Brown; blue-edged black stripe on dorsal fin, red dorsal spine tips, dark line below eye and pair of dark spots behind eye. Solitary and cryptic. Crevices and recesses in outer reef areas to 23 m."
1199,079407de-0554-5d7c-b078-6665aeedae53,Spotgill Longfin Devilfish,Jesiops corallicola,pending_review,account transcription confidence is not high; identification descriptions are not high-confidence transcriptions,True,SRC-E41B83EC,279,280,ml,high,100,medium,,,"ID: Dark brown undercolor with numerous small blue spots on head, body and fins; pale-edged dark spot on gill cover. Solitary and cryptic. Crevices and recesses of outer reef areas in 1-23 m."
1200,9c19b6ba-22ec-50e6-beb3-1fccfebaeb18,,Jeurosicya boldinghi,pending_review,identity confidence is below the inclusion threshold; account transcription confidence is not high; printed identity is incomplete; no identification description,True,SRC-CB0E136A,336,337,,low,,low,,,
1201,b45f2c95-076b-5131-a166-792b495ae977,Elongate Ghostgoby,Jeurosicya elongata,included,,True,SRC-F3A5575E,336,337,mr,high,100,high,,,"ID: Elongate with protruding snout (similar to Wolfsnout Goby |previous}; translucent body with tints similar to host sponge, fan-shaped Janthella basta; usually dark spot and dash markings. Reefs in 10-40 m."
1202,b2b538de-3c95-5e9d-af30-31ac6fc6dcc9,Soft Coral Ghostgoby,Jeurosicya labiata,pending_review,account transcription confidence is not high; identification descriptions are not high-confidence transcriptions,True,SRC-D84871E1,336,337,bl,high,100,medium,,,"ID: Elongate flattened body, large upper lip: dusky with peppering of small brown spots. Usually in groups. Rest in channels on outer surface of large barrel sponges Xestospongia testudinaria, in 5-35 m."
1203,39ebf9ad-bc55-56ad-8b49-df84280a5915,Stonycoral Ghostgoby,Jeurosicya micheli,pending_review,account transcription confidence is not high; identification descriptions are not high-confidence transcriptions,True,SRC-480406A7,336,337,br,high,100,medium,,,ID: Translucent with reddish brown mid-lateral stripe and white markings along spinal column. Solitary. On wide variety of hard corals of coral-rich reefs in 10-50 m.
1204,0684fce8-0955-5ba0-859c-aa3673bcc694,Common Ghostgoby,Jeurosicya mossambica,pending_review,account transcription confidence is not high; identification descriptions are not high-confidence transcriptions,True,SRC-74A5C71A,337,338,tl,high,100,medium,,,ID: Highly variable markings and color from brown to red. greenish and translucent; consistently display dark speckling often white dash markings along spinal column. Solitary. Seagrass beds to coral reefs in 2-30 m.
1205,dda8964b-4ae3-56f3-9a58-94d74137182f,Striped Catfish,Jotosus lineatus,pending_review,account transcription confidence is not high; identification descriptions are not high-confidence transcriptions,True,SRC-B38F522F,402,403,tr,high,100,medium,,,ID: Black to brown with white belly; pair of narrow white stripes extend from head to tail; 4 pairs of barbels around mouth. Young form tightly pack feeding schools that often contain hundreds of fish. Sand and seagrass near reefs to 35 m.
1206,90968fc5-1e85-5e26-a844-69f7d1bfdc5d,Emperor,Pomacanthus imperator,pending_review,identity confidence is below the inclusion threshold; account transcription confidence is not high; identification descriptions are not high-confidence transcriptions,True,SRC-5F930094,36,37,bl,high,88.6,medium,,,"ID: Vivid alternating blue and yellow stripes and yellow tail blue-edged black eye mask, broad blue-edged black bar behind head. Solitary; make loud drumming sound when alarmed. Coral reefs in 6-60 m."
1207,1c610332-adab-512a-bdd5-d1c7669d50aa,Blue-girdled Angelfish,Pomacanthus navarchus,pending_review,identity confidence is below the inclusion threshold,True,SRC-363FA96B,36,37,tr,high,86.2,high,,,ID: Yellow-orange with blue spots and blue lips: deep blue broad girdle wraps body ftom nape to ventral fins along belly and curving up to above base of tail. Solitary. Coral teefs in 3-40 m.
1208,c7b6a066-f9e2-5f02-a0ab-59cf84c9083a,Semicircle Angelfish,Pomacanthus semicirculatus,pending_review,identity confidence is below the inclusion threshold; account transcription confidence is not high; identification descriptions are not high-confidence transcriptions,True,SRC-940063FD,37,38,tl,high,87.1,medium,,,"ID: Greenish brown with blue spotting, pale yellowish lips blue margins on cheek. spine and gill cover, narrow blue margins on rear dorsal, anal and tail fins. Solitary. Sheltered inshore reefs to 40 m."
1209,4a8301b2-162e-5c09-a355-9a4e687dcdc2,Six-banded Angelfish,Jotosus sexstriatus,pending_review,identity confidence is below the inclusion threshold; account transcription confidence is not high; identification descriptions are not high-confidence transcriptions,True,SRC-680CF8B6,37,38,ml,medium,68,medium,,,"_Slr-haniled Angallish- Juvenile prominent 1D: Black undercolor with 5°86 white bars intarspacad with narrower bins hers between. Juveniles ‘usually hagin color transicemation to adult pattern between. 3-18om.. | Tear Bue scale cenvers.and dask bers, head datie TD: & ‘blue with white bar hehind eye, bine spotting dorsel, ane] = and tall fine. Solitary or in palte: Coastal Lageon and outer tools in'3-G0. m."
1210,32e8ca4d-06e9-5215-ab84-2c75be61dc0a,Yellow-mask Angelfish,Pomacanthus xanthometopon,pending_review,identity confidence is below the inclusion threshold; account transcription confidence is not high; identification descriptions are not high-confidence transcriptions,True,SRC-5F9E01E1,37,38,bl,high,90.2,medium,,,"ID: Yellow with large blue spots on scales forming network pattern, blue head with yellow eye mask; large black spot on rear dorsal. Solitary: feed on sponges and tunicates. Coral-rich areas in 5-30 m."
1211,0e9717ea-3b8e-55f3-b7f5-d3d4993e600a,Whitespot Damsel,Pomacentrus albimaculus,pending_review,identity confidence is below the inclusion threshold; no identification description,True,SRC-C584FB1C,89,90,bl,high,84.6,high,,,
1212,45371b57-ccd7-579d-b7ae-c4b9738006a8,Bluespot Damsel,Pomacentrus alexanderae,pending_review,identity confidence is below the inclusion threshold; account transcription confidence is not high; identification descriptions are not high-confidence transcriptions,True,SRC-6F378B56,97,98,br,high,91.9,medium,,,"ID: Gray; black spot covering pectoral fin base, tips of dorsal spines black. Usually form groups; a common species. Shoreline, lagoon and outer reefs in 5-30 m."
1213,f87ebe23-093b-5acd-9312-c17ae82b112e,Andaman Damsel,Pomacentrus alleni,included,,True,SRC-62277F49,92,93,mr,high,100,high,,,ID: Neon-blue with yellow anal fin: blackstreak along lower edge of tail. Usually in groups. Rubble and dead reef areas both near shore and on outer slopes in 3-15 m.
1214,47cb1fb8-ca4e-583f-9872-749413195591,Ambon Damsel,Pomacentrus amboinensis,pending_review,account transcription confidence is not high; identification descriptions are not high-confidence transcriptions,True,SRC-6A221F9F,89,90,ml,high,100,medium,,,ID: Body color variable according to locality but most commonly yellow: pale pink to blue blotches and markings on lower head. Jevesile - Black spot on rear dorsal fin persists on adults in Andaman Sea. Sandy areas in 2-40 m.
1215,77d56583-f67c-5d40-a3fb-753b6f8cae90,Borneo Damsel,Pomacentms armillatus,pending_review,identity confidence is below the inclusion threshold; account transcription confidence is not high; identification descriptions are not high-confidence transcriptions,True,SRC-CBC45B60,91,92,bl,high,83.1,medium,,,"‘TD: Purplish: brow with whitieh tal, and yollowish pectoral fin; Ocellsted spot on reer dorel, black “eax” spot. Solitary orform small groupe, Sheltéred shoreline reels in sity areas with scattened conals in 8-12."
1216,c5eae180-88b5-5552-86c5-b015b4c8550b,Goldbelly Damsel,Pomacentrus auriventris,pending_review,account transcription confidence is not high; identification descriptions are not high-confidence transcriptions,True,SRC-852EC3DB,92,93,br,high,100,medium,,,"ID: Neon-blue head and upper body, yellow lower and rear body, anal and tail fins. Solitary or form groups; often mix with Neon Damsels [previous]. Mainly on rubble slopes in 2-15 m."
1217,90739e0b-7a91-5a75-9883-d5b9e84e00b5,Goldhead Damsel,Pomacentrus aurifrons,pending_review,identity confidence is below the inclusion threshold; account transcription confidence is not high; no identification description,True,SRC-2C73AFFE,99,100,br,high,84.2,medium,,,
1218,548513e5-bd4b-5fa5-9344-454c3573953a,Australian Damsel,Pomacentrus australis,pending_review,account transcription confidence is not high; no identification description,True,SRC-D57EE2AE,93,94,tr,high,100,medium,,,
1219,95ddd73c-3416-5f85-865d-c9f85e486668,Blue-spotted Damsel,Pomacentnis azuremaculatus,pending_review,account transcription confidence is not high; identification descriptions are not high-confidence transcriptions,True,SRC-AEA30329,93,94,ml,high,100,medium,,,ID: Light blue-gray (nearly white) with blue spot or streak on scales of upper forebody. Solitary or form loose groups. Mainly offshore coral reefs in 5-30 m.
1220,b9051029-84c1-5b09-8bf2-992304454f80,Speckled Damsel,Pomacentrus bankanensis,included,,True,SRC-E18A65B6,95,96,tl,high,100,high,,,"ID: Variable, but commonly orange-brown with blue lines from snout onto back, white tail; ocellated spot on rear dorsal fin black “ear” spot and black spot on base of pectoral fin. Shoreline, iagoon and outer reefs to 12 m."
1221,87c1d93e-5d25-5a88-89e2-15bc5c7e1baf,,Jotosus brachialis,pending_review,identity confidence is below the inclusion threshold; account transcription confidence is not high; printed identity is incomplete; identification descriptions are not high-confidence transcriptions,True,SRC-61623D9C,97,98,br,low,,low,,,TD: Gray; Hack spot covering amt igretper ernk san ra
1222,24bc853e-a29d-52fc-9c26-9743ed203bb0,Whitetail Damsel,Pomacentrus chrysurus,pending_review,account transcription confidence is not high; identification descriptions are not high-confidence transcriptions,True,SRC-4FDF39F1,95,96,bl,high,100,medium,,,"ID: Gray-brown with white tail, often lighter gray on upper back and dorsal fin: upper rim of eye orange. Solitary or form loose groups. Sandy areas of shoreline reefs and lagoons to 3 m."
1223,f892a76b-0d04-5f39-be32-a76f2d125495,Neon Damsel,Pomacentrus coelestis,pending_review,account transcription confidence is not high; identification descriptions are not high-confidence transcriptions,True,SRC-241EC03A,92,93,ml,high,100,medium,,,ID: Neon-blue with yellow to whitish (most common) to clear anal and tail fins. Usually form groups. Rubble areas to 12 m.
1224,f67abead-6203-5609-b64f-cc3061b92d6f,Colin's Damsel,Pomacentns colini,pending_review,identity confidence is below the inclusion threshold; account transcription confidence is not high; identification descriptions are not high-confidence transcriptions,True,SRC-ED1F42BA,89,90,tr,medium,80.3,medium,,,"tape ‘ubper tall: ed bo, ayo temo, Bk INS Be ei of seaty ahs aoa aun: Retell ben ony fn copa sen cf Papua New Guinea."
1225,cd87b01d-c812-53c0-8d66-9a9706d4bc41,Wedgespot Damsel,Jotosus cuneatus,pending_review,identity confidence is below the inclusion threshold; account transcription confidence is not high; identification descriptions are not high-confidence transcriptions,True,SRC-05059960,97,98,tl,low,,low,,,"TD: Gry with darker sone merging: black mark so pocral fa base, blue te on ‘spines, black an “gar” epot, Solitary or forra loose groupe. Shoreline reefs, ofan"
1226,2f00c196-9824-5c91-8b1c-f0be18264f56,Twinspot Damsel,Pomacentrus geminospilus,pending_review,no identification description,True,SRC-064AF42C,93,94,bl,high,100,high,,,
1227,7c6e39b8-672d-537c-9e4c-c41b0f9ac8ce,,Jotosus grammorhynchus,pending_review,identity confidence is below the inclusion threshold; account transcription confidence is not high; printed identity is incomplete; identification descriptions are not high-confidence transcriptions,True,SRC-D463DAEC,97,98,ml,low,,low,,,"DD: Dark brown to yellow-tan; biue to lavender 1 ‘and saey have Oak car cpa on cheek and gill cover; saddle spot over upper tail base. Tail orange in Java See. Shoreline and lagoon reefs in 2-12 m,"
1228,4f5be507-02c1-57d2-b0f8-956900b10632,[mitator Damsel,Pomacentrus imitator,pending_review,account transcription confidence is not high; identification descriptions are not high-confidence transcriptions,True,SRC-D168C9D8,96,97,bl,high,100,medium,,,ID: Gray head and body with black scale margins gradating to tan tail; gold iris. large black spot covering pectoral fin base. Solitary or form groups. Usually seen on outer reef slopes in 2-15 m.
1229,cfbceb23-6b79-5e94-9421-898416d27761,Komodo Damsel,Pomacentrus komodoensis,pending_review,identity confidence is below the inclusion threshold; no identification description,True,SRC-55A29B46,89,90,br,high,84.6,high,,,
1230,64123498-393c-553b-8dc4-71f789706f2b,Scaly Damsel,Pomacentrus lepidogenys,pending_review,account transcription confidence is not high; identification descriptions are not high-confidence transcriptions,True,SRC-11ADD71F,96,97,ml,high,100,medium,,,"ID: Pale blue-gray with yellow dorsal fin and tail base. Variation from Melanesia and Tonga are light gray with little or no yellow. Shoreline, lagoon and outer reefs to 12 m."
1231,fb59250e-4acd-567c-8c09-fe3329849f5e,Muddy Damsel,Pomacentrus limosus,pending_review,account transcription confidence is not high; identification descriptions are not high-confidence transcriptions,True,SRC-4618432D,93,94,tl,high,100,medium,,,"ID: Pale gray (nearly white) with scattered blue spots on head and blue streak on most body scales: black tips on dorsal spines. Solitary or form loose groups. Coastal and offshore teefs, usually in turbid silty areas in 6-12 m."
1232,6a0e1a15-7b9a-5c00-bdcb-5c2a74f2c9d9,Smoky Damsel,Pomacentrus littoralis,pending_review,account transcription confidence is not high; identification descriptions are not high-confidence transcriptions,True,SRC-B7692F58,99,100,tl,high,100,medium,,,ID: Dark charcoal-gray; green “ear” spot. Variations from Indonesia and Philippines usually have orange upper rim on eye. Solitary or form loose groups. Silty shoreline reefs to 4m.
1233,2f1a4081-8fe1-5d8d-8b8f-cad5aef09b83,Goldhead Damsel,Pomacentrus melanochir,pending_review,identity confidence is below the inclusion threshold; account transcription confidence is not high; identification descriptions are not high-confidence transcriptions,True,SRC-DCF97ABD,99,100,ml,high,93.9,medium,,,"‘BD: Derk chamoal-gray with variable amounts of ue on scales; semall orange spot on upper pectoral fia base. Usually form sroupe. Shoreline rests on rubble slopes, typically where currents ere patiodically strong to 8 m."
1234,03af6a3d-5816-5046-868f-e87e52134132,Miller's Damsel,Pomacentrus milleri,pending_review,identity confidence is below the inclusion threshold; account transcription confidence is not high; identification descriptions are not high-confidence transcriptions,True,SRC-DFD44074,91,92,ml,medium,76.8,medium,,,"ID: Gray with dark scale outlines; fine blue margins on most fins. Solitary or form loose groups. Mainly shoreline reefs with dead coral, rubble or weeds to 6 m. | ID: Gray with dark scale outlines; fine blue merging‘on most fine. Solitary ot form loose groupe: Mainly shoraline reate witdt dead coral, rabble or weeds to 6 m,"
1235,cd0e19a3-0273-5b68-9719-d607aa8a7e4e,Blueback Damsel,Jotosus moluccensis,pending_review,identity confidence is below the inclusion threshold; account transcription confidence is not high; identification descriptions are not high-confidence transcriptions,True,SRC-549E2833,98,99,mr,low,,low,,,"TD: Yellow with blue upper head and back; neom-biue lines ‘extend from snout to hack, a large bine-edged black spot on. year dorsal fin."
1236,8dd99f35-3ac0-5113-a708-346441d3b922,Nagasaki Damsel,Pomacentrus nagasakiensis,pending_review,account transcription confidence is not high,True,SRC-D73530B9,96,97,br,high,100,medium,,,"feel aporson bead Liat oneal spine tps, lange beck pectoral fin base; tail whitish. ‘avega pround rock ootcroppings it 6-30 m."
1237,828ffc36-7e67-5708-80f0-e725646ab238,Goldback Damsel,Pomacentrus nigromanus,pending_review,identity confidence is below the inclusion threshold; account transcription confidence is not high; identification descriptions are not high-confidence transcriptions,True,SRC-6489F056,96,97,mr,high,84.7,medium,,,"ID: Gray head and forebody gradating to bright yellow on rear ) body, dorsal and tail fins; large black spot on pectoral fin base black margin on anal fin. Solitary or form groups. Lagoons and outer slopes in 6-60 m."
1238,679c645e-8ac3-511f-96bd-37d887584af9,Black-margined Damsel,Pomacentrus nigromarginatus,pending_review,account transcription confidence is not high; identification descriptions are not high-confidence transcriptions,True,SRC-0468F245,96,97,tl,high,100,medium,,,"ID: Pale to dark gray, often (but not always) with yellow on rear body, dorsal, anal and taul fins; black margin on tail, black spot covering pectoral fin base. Solitary. Steep outer reef slopes around coral and rock outcroppings in 20-50 m."
1239,8ec65769-c2a0-571c-9e0f-a5d82cb98013,Brown Damsel,Pomacentrus opisthostigma,pending_review,account transcription confidence is not high; identification descriptions are not high-confidence transcriptions,True,SRC-B5B15574,90,91,tl,high,100,medium,,,"ID: E, Hew Guinea Variation - Color variable from dark brown to yellowish tan; most consistent identification feature on all variations is small dark wedge-shaped mark on upper pectoral fin base. Solitary. Turbid shores with coral in 3-12 m."
1240,5f6ab60c-f588-5974-ae05-e7f152a99746,Blue Damsel,Pomacentrus pavo,pending_review,account transcription confidence is not high; identification descriptions are not high-confidence transcriptions,True,SRC-EEE10FE0,92,93,tl,high,100,medium,,,ID: Light blue to light green with vertical dark streaks on scales. rear tail yellowish; scattered blue spots on head. black “ear” spot. Form groups. Shoreline and lagoon reef coral patches surrounded by sand to 16 m.
1241,7c2acba1-7c54-531b-92dd-3434647f5753,Philippine Damsel,Pomacentnuis philippinus,pending_review,account transcription confidence is not high; identification descriptions are not high-confidence transcriptions,True,SRC-FDA91CB4,96,97,tr,high,100,medium,,,"ID: Dark gray to purple with black scale margins; black spot on pectoral fin base. Solitary or farm groups. Passages and outer teefs, usually in shadows of cliffs and ledges to 12 m."
1242,53eecfda-a960-502b-a4b1-d696ddbec5f2,Thai Damsel,Pomacentrus polyspinus,pending_review,identity confidence is below the inclusion threshold; account transcription confidence is not high; no identification description,True,SRC-724B50D7,91,92,br,high,84.4,medium,,,
1243,1a72b30d-2d8f-57a0-903d-5ec9039724e2,Colombo Damsel,Pomacentnis proteus,pending_review,identity confidence is below the inclusion threshold,True,SRC-2E6682ED,91,92,tl,medium,80.3,high,,,"ID: Yellowish brown with blue spots or streaks on most scales blue line markings from snout to foreback, a blue-edged black spot on rear dorsal fin. Solitary or form loose groups. Silty shorelines on mixed rubble and coral reefs in 2-10 m."
1244,ffd1c3e1-494c-5531-b451-e426d15e29a5,Reid's Damsel,Jotosus reidi,pending_review,identity confidence is below the inclusion threshold; account transcription confidence is not high; identification descriptions are not high-confidence transcriptions,True,SRC-A1F40D7D,93,94,mr,low,,low,,,"areata) ‘Demselfishes - Pomacentridas. spots and streaka on dieck and gill cover, To; Light grey, blue) poten eaceenone an each body scale, small blac spot oa upper Outer reef slopes: Sco norma im Sodrest Barer Txionesia, Rost snd Corl PuSippioes, Palau and New Cnn §—— ¢"
1245,77fabbf4-679c-5bd9-ade2-0d5be0a70083,,Jotosus saksonoi,pending_review,identity confidence is below the inclusion threshold; account transcription confidence is not high; printed identity is incomplete; identification descriptions are not high-confidence transcriptions,True,SRC-68BD77F8,95,96,br,low,,low,,,"IDs Geny with white ot broad doce stipe ten eae ID: ‘spar dorsal fin, ocallated spot on."
1246,f067ff58-eeb1-5fb8-a038-33c12d4a7535,Similar Damsel,Pomacentrus similis,included,,True,SRC-5679523B,92,93,bl,high,100,high,,,"ID: Deep blue (generally lacking brightness of other neon-blue damsels}, pale yellowish tail and blackish ventral fins. Solitary or form groups. Rubble or sand and silt areas around rock outcroppings or debris to 15 m."
1247,871c4502-0141-55f2-901f-169b087fced7,Lemon Damsel,Pomacentrus simsiang,pending_review,identity confidence is below the inclusion threshold; account transcription confidence is not high; identification descriptions are not high-confidence transcriptions,True,SRC-E473E4C0,98,99,ml,high,93.9,medium,,,"ID: Yellow with blue upper head and back; pale spots on cheek and gill cover, usually blue lines on forehead. Solitary or form groups. Silty shoreline reefs and lagoons around coral and rock outcroppings to 10 m."
1248,ad47e637-34f9-5606-962a-2befa8e37a25,Smith's Damsel,Pomacentrus smithi,pending_review,identity confidence is below the inclusion threshold; no identification description,True,SRC-A9314C7F,99,100,bl,high,83.3,high,,,
1249,65b348e5-a842-5aac-9335-e350434e279f,Whitespot Damsel,Pomacentrus spilotoceps,pending_review,identity confidence is below the inclusion threshold; account transcription confidence is not high; identification descriptions are not high-confidence transcriptions,True,SRC-172B142F,89,90,mr,high,93.2,medium,,,"ID: Reddish brown to purplish gray; dark “ear” spot, black Spot on upper pectoral base, pale orange to pinkish blue spots on gill cover, and sometimes with yellow belly in Marshall Islands. Solitary or loose groups. Sheltered reefs in 2-15 m."
1250,eea1e204-5118-55a5-933c-4e3357675b2f,Blackspot Damsel,Pomacentrus stigma,included,,True,SRC-213FC4A9,94,95,br,high,100,high,,,"ID: Light gray with black blotch on rear anal fin. Solitary or loose groups, Shoreline, lagoon and outer teefs in 2-10 m."
1251,988b4abb-6e97-5e8b-a7e1-24e937c3369d,Brackish Damsel,Pomacentrus taeniometopon,included,,True,SRC-F0E54376,98,99,bl,high,100,high,,,ID: Dark brown to nearly black with yellowish tail: often with neon-blue markings on upper head and rear dorsal fin. Solitary or form loose groups. Mangrove areas and lower reaches of freshwater streams to 4 m.
1252,54cf7f65-c4e0-5848-b8de-551dd6e47c33,Threespot Damsel,Pomacentrus tripunctatus,included,,True,SRC-E5F6D7C3,99,100,mr,high,100,high,,,"ID: Dark gray-brown, black spot or saddle on upper tail base. Jevenile - Similar, but with ocellated spot on rear dorsal fin. Usually form groups. Mainly along dead shoreline reefs to 3m. but typically less than 1 m."
1253,7d0bef6c-77b7-5dd5-a987-63f18de8ad48,Princess Damsel,Pomacentrus vaiuli,pending_review,identity confidence is below the inclusion threshold; account transcription confidence is not high; identification descriptions are not high-confidence transcriptions,True,SRC-ABD5C24D,94,95,tl,medium,80.8,medium,,,"ID: Blue with yellow-orange area on upper head and back: blue lines extends from snout onto back and dorsal fin, ocellated spot rear dorsal fin, black “ear” spot. Solitary or form loose aggregations. Lagoons and outer reef slopes in 3-45 m. | ‘TD: Rive with yellow-orange area on upper head and hati: bine ‘ines extends from shout onto back and dorsal fin, ocellated Spot rear dorsal fin, black “ear” spot. Solitary oz form loose ‘aggregations. Lagoons and outer reef slopes in 3-45 m."
1254,7e62bde9-bab4-5dda-bcf4-4bb9c66d8869,Ward's Damsel,Pomacentras wardi,pending_review,identity confidence is below the inclusion threshold; account transcription confidence is not high; identification descriptions are not high-confidence transcriptions,True,SRC-483138AF,99,100,tr,medium,80,medium,,,"ID: Brown with no distinctive markings. Jevelle- Yellow with blue lines on upper head, large ocellated spot on dorsal fin. Solitary or form loose groups. Coastal and offshore reefs to 20m."
1255,0dcdf228-b9f9-5dc6-ada6-3206eb88aac1,,Jotosus xanthostermus,pending_review,identity confidence is below the inclusion threshold; account transcription confidence is not high; printed identity is incomplete; no identification description,True,SRC-B7B88ED2,99,100,,low,,low,,,
1256,00c7de00-8405-5983-9302-5f60544992c1,Guam Reef Damsel,Pomachromis guamensis,pending_review,identity confidence is below the inclusion threshold; account transcription confidence is not high,True,SRC-983D9B68,87,88,ml,low,,low,,,"‘DD: Grayish head and belly, light bize-green body gradating to yellow rear body and tail;-a amall black spot cn upper Som above ecoral fin babe, Feed in groups an pl bottom. Exposed seaward mefs in 3-: Localined: Mariana ie. in iccondaia."
1257,7c0272d4-0ba0-5954-beab-2d3599c10f24,Guam Reef Damsel,Pomachromis richardsoni,pending_review,identity confidence is below the inclusion threshold; account transcription confidence is not high; identification descriptions are not high-confidence transcriptions,True,SRC-0AED9DF4,87,88,mr,high,94.2,medium,,,"ID: Light brown upper head gradating to light blue-gray with dark scale margins on upper body; black streak on upper tai] base, black tail borders. Form groups. Exposed reefs in 10-20 m."
1258,023d7dc1-4eb0-5b33-ab53-6fe8a8506535,Bloch's Bigeye,Priacanthus blochii,pending_review,identity confidence is below the inclusion threshold; account transcription confidence is not high,True,SRC-4B3ECCA7,245,246,tl,high,92.5,medium,,,"ID: Variable red to silvery with red blotches; fins generally plain without spots or mottling; slightly rounded tail. Solitary or form small groups. Under ledges or hover next to coral heads during day. Lagoon and seaward reefs in 15-30 m. | ‘TD: Vaiiable red to eilvary with red blotches; fies lain welshout spot ox mating; Sighely pelertect tonal ioaty Tounded tail Sotitary or form somal Groupe. Under: rire ‘during day. Lagoon and seaward reafs in 16-30 m. | —ath's Uigeye ~ Pode Phase ID: All silver eexoept some reddish tinting on upper head and. ‘back. Have ability to mspidly intanelly or fade color end markings, | Sloch’s Bigeye - Dlatched Phase ‘ox diminth eolor and markings."
1259,d3e4bf55-baee-5678-89bc-c6f3f205e839,Crescent-tail Bigeye,Priacanthus hamrur,pending_review,account transcription confidence is not high; identification descriptions are not high-confidence transcriptions,True,SRC-CDB876F5,245,246,mr,high,100,medium,,,ID: Variable red to silvery occasionally with about 6 red bars. or large spots; fins without spots or mottling; crescent tail. Solitary. Hover under ledges or next to coral heads during day. Lagoon and seaward reefs in 15-250 m.
1260,43cf9b35-71a7-5178-b661-db7dbea7ccd5,Golden Goby,Priolepis aureoviridis,pending_review,identity confidence is below the inclusion threshold,True,SRC-77616294,327,328,ml,high,93.1,high,,,"ID: Greenish gold with faint thin bars. Solitary, inhabit caves crevices and recesses; may orient upside down on cave and. Tecess ceilings. Shallow seaward reefs to 10 m."
1261,ab47f608-8a38-5c1d-8113-d8f87c5f5b52,Convict Goby,Priolepis cincta,pending_review,account transcription confidence is not high; identification descriptions are not high-confidence transcriptions,True,SRC-7CC22660,327,328,bl,high,100,medium,,,ID: Brown with narrow dark-edged whitish bars; brown spotting on dorsal and tail fins. Solitary. Rocky crevices or among corals of coastal and outer reefs to 70 m.
1262,390352a8-2763-5199-9f89-65245a6b7849,Dwarf Goby,Priolepis inhaca,pending_review,account transcription confidence is not high; identification descriptions are not high-confidence transcriptions,True,SRC-45E85415,327,328,mr,high,100,medium,,,"ID: Shades of brown; dark scale edges form netted pattern pale bands on head form interconnected pattem, narrow pale bars encircle body. Solitary and cryptic. Hide in reef crevices in lagoon and outer reefs in 5-20 m."
1263,0258800f-2e36-5c54-a815-ab00e8c56755,Black-barred Goby,Priolepis nocturna,pending_review,identity confidence is below the inclusion threshold; account transcription confidence is not high; identification descriptions are not high-confidence transcriptions,True,SRC-7A653121,327,328,tr,high,95.5,medium,,,ID: Gray with black bars; semicircles of white spots on both dorsal fins and upper edge of tail. Solitary and cryptic. Hide inside coral crevices of seaward reef slopes in 8-30 m.
1264,4636340a-22ac-5d25-a305-b233f597016a,Whitebar Bigeye,Pristigenys niphonia,included,,True,SRC-2BA49328,244,245,mr,high,100,high,,,"Bright: red rexmied body with narrow wie ate, wide D: & dotsal spines; huge:eye. Solitary, Rare within sate diving depths; nomelly on steep outer reef stopes in 70- -100 m."
1265,7ee8a126-ba52-5c59-97d9-7a88abce827b,Gulf Damsel,Pristotis obtusirostr,pending_review,identity confidence is below the inclusion threshold,True,SRC-8E943608,101,102,br,high,91,high,,,"ID: Light gray to whitish undercolor with blue spot on each scale, occasionally a yellowish to greenish wash on upper head and back. Form groups. Flat sand or rubble bottoms around coral or rock outcroppings in 5-80 m."
1266,5d5b513b-314c-568e-b4c6-c67ccbcd7c57,Sand Bass Razorfish,Psammoperca waigiensis,pending_review,account transcription confidence is not high; identification descriptions are not high-confidence transcriptions,True,SRC-15A83ED3,134,135,tr,high,100,medium,,,ID: Slivery gray to brown; eyes have glassy appearance. Solitary or small groups; nocturnal. Often in dark recesses around weedy areas in 3-12 m.
1267,96d5b9f2-dd8a-5025-8b0a-b5bbb66a6d28,Rhino Filefish,Pseudaluttanus nasicornis,pending_review,account transcription confidence is not high; identification descriptions are not high-confidence transcriptions,True,SRC-1466FA43,409,410,bl,high,100,medium,,,"ID: Mele - Elongated with dorsal spine in front of eye; white with small gold spots; pair of dark stripes and blackish tail patch. Solitary, in pairs or smali groups. Usually in seagrasses or weeds of sheltered coastal areas in 2-55 m."
1268,d3de7074-504c-52c4-95d0-453b6dd8cde0,Gelatinous Cardinalfish,Pseudamia gelatinosa,pending_review,account transcription confidence is not high; identification descriptions are not high-confidence transcriptions,True,SRC-BBD0A88D,265,266,tr,high,100,medium,,,"ID: Very slender body, long tail base and large rounded tail shades of mauve to pink with stripes formed by rows of small dark spots; dusky spot on tail base. Solitary and nocturnal. Lagoons and sheltered coastal reefs in 1-40 m."
1269,4f968020-9c9d-5acd-927e-3e51bab27b11,Pinstripe Cardinalfish,Pseudamia hayashii,pending_review,account transcription confidence is not high; identification descriptions are not high-confidence transcriptions,True,SRC-8638694D,265,266,tl,high,100,medium,,,"ID: Slender body, long tail base, rounded tail: reddish brown with pinstripes formed by rows of tiny dark spots. Solitary and nocturnal. Coastal, lagoon and outer reefs in 2-64 m."
1270,26d2c51d-2b67-5d71-9d23-0b1ce1136f61,Paddlefin Cardinalfish,Pseudamia zonata,pending_review,account transcription confidence is not high; identification descriptions are not high-confidence transcriptions,True,SRC-2279367C,265,266,ml,high,100,medium,,,"ID: Slender body, !ong tail base, large fan-shaped tail, 2nd dorsal and anal fins; pair of broad black bars on side and narrower bar on tai) base. Solitary. Lurk inside caves and crevices of seaward reef slopes in 10-35 m."
1271,c3fcbce4-797e-5753-b18e-1681b1db8570,Golden Anthias,Pseudanthias aurulentus,pending_review,account transcription confidence is not high; identification descriptions are not high-confidence transcriptions,True,SRC-2315C2B2,148,149,tl,high,100,medium,,,ID: Mole - Orangish; pair of bright red stripes with white stripe between on upper body; long 3rd spine of dorsal fin. Form small groups above rubbie and boulder areas on outer teef slopes in 40-60 m.
1272,0e5917e0-5826-5996-911b-6e32d34d80b8,Bartlett's Anthias,Pseudanthias bartlettorum,pending_review,account transcription confidence is not high; identification descriptions are not high-confidence transcriptions,True,SRC-044DA4F4,142,143,mr,high,100,medium,,,"ID: Mee - Lavender with yellow upper head, back, dorsal and tail fins; violet tail borders; long 2nd dorsal fin spine. female - Similar lack fong fin spine. Form plankton-feeding aggregations above substrate. Steep outer reef slopes in 4-30 m."
1273,5bcda8bd-64ea-55e5-8a44-e8740698a90a,Bicolor Anthias,Pseudanthias bicolor,pending_review,account transcription confidence is not high; identification descriptions are not high-confidence transcriptions,True,SRC-C2E7900D,144,145,mr,high,100,medium,,,"ID: Moke - Orange upper body, lavender to pale pink below: long 2nd and 3rd dorsal fin spines with yellow tips. Female - Similar. but spines shorter and lack yellow tips. Form schools. Ledges. and outcroppings of lagoon and outer reefs in 5-68 m."
1274,5f52e714-6058-54b8-be54-304c90d2a8de,Twospot Anthias,Pseudanthias bimaculatus,included,,True,SRC-DDD442FB,143,144,ml,high,100,high,,,"ID: Mole - Shades of red or orange with lavender to purple scribble markings; 2 orange to yellow bands bordered with lavender to purple extend from eye to pectoral fin, tips of tail lobes bluish. Form small plankton-feeding aggregations 1-3 m above reefs and steep slopes in 20-60 m."
1275,c896ec0a-c77e-5756-bbc2-5495826db3a7,Silverstreak Anthias,Pseudanthias cooperi,pending_review,account transcription confidence is not high; identification descriptions are not high-confidence transcriptions,True,SRC-827206EA,149,150,tl,high,100,medium,,,"ID: Male - Red to orange to pale pink with red tail; silver-white streak below eye, red patch or bar on mid-side (may be intense or faint). Form small plankton-feeding aggregations above substrate of current swept outer reefs and drop-offs in 15-60 m."
1276,d5e3533a-01c1-5082-bfb0-6337b6331656,Redfin Anthias,Pseudanthias dispar,pending_review,account transcription confidence is not high; identification descriptions are not high-confidence transcriptions,True,SRC-61EC150A,145,146,ml,high,100,medium,,,"ID: Mole - Orange to yellow body, lavender to pink head and bright red dorsal fin, translucent tail. Form plankton-feeding aggregations 1-3 m above substrate; males erect dorsal fin during courtship. Upper edge of steep slopes to 15 m."
1277,920f1717-2021-5224-8da2-026fed047ace,Barrier Reef Anthias,Pseudanthias engelhardi,included,,True,SRC-32975081,144,145,bl,high,100,high,,,ID: Made - Pale lavender-pink with pale yellowish to orangish tint on head and forebody; pale band below eye; 3rd dorsal spine slightly elongate . Form plankton-feeding aggregations 1-3 m. above outer reefs in 50-70 m. | ‘ED: Male- Pale lavender-pink with pale’ to orsagish {tat cn hee ne focebody; pale ps band. ‘Affe; 3rd dorsal ‘aggregations 1-3. ate eta “70.9.
1278,5ec2f6df-b9ed-5dad-b29a-aa42408d7077,Yellowback Anthias,Pseudanthias evansi,included,,True,SRC-CD1CB3D6,142,143,bl,high,100,high,,,"ID: Male - Violet with bright yellow back from nape diagonally to lower tail; scattered yellow spots on body, pale band through eye. Form large plankton-feeding aggregations 1-3 m above substrate of outer reefs slopes to 40 m."
1279,72fd34a5-3577-51a4-987e-d99c8c6d8ae5,Yellowspotted Anthias,Pseudanthias flavoguttatus,included,,True,SRC-975B5661,150,151,tr,high,100,high,,,"ID: Lavender to red undercolor with yellow spots on scales alternating bright red and white bars on back and tail base yellow tail lobes, Form small schools. Lurk near ledges and caves of deep outer reef slopes and dropoffs below 30 m."
1280,bd2007b7-2db6-504c-b550-676642e8cb5b,Threadfin,Pseudanthias huchti,pending_review,identity confidence is below the inclusion threshold; account transcription confidence is not high,True,SRC-301D86F9,146,147,ml,high,97,medium,,,"ID: Made - Lavender-gray to yellowish gray; bright red stripe from eye to pectoral fin base, red border on ventral fins; long 3rd dorsal spine. Solitary or form smail plankton-feeding groups around outcroppings of clear outer reef slopes in 4-20 m. | 1D: Male Lavendec-gray to yellowish gray: bright red stripe from eye to pectoral fin bava, red, bocter on ventral fins: ong ‘Sed dorsal spine. Scary -or form smell around outcroppings of clear outer neef slopes in 4-20.m."
1281,bc26e601-c751-5840-91e8-621beea14a20,Whitespotted Anthias,Pseudanthias hutomoi,pending_review,account transcription confidence is not high; identification descriptions are not high-confidence transcriptions,True,SRC-D32FF154,148,149,ml,high,100,medium,,,"ID: Mole - Pinkish to lavender; reddish band with violet borders from eye to pectoral fin, 2 white spots on back and whitish blotch on rear body and upper tail base. Form small schools. Cluster around rocky outcroppings on coastal reefs in 30-70 m."
1282,df8f8b0d-7977-549c-87a1-dd66b45138df,Stocky Anthias,Pseudanthias hypselosoma,included,,True,SRC-13C8AA83,146,147,bl,high,100,high,,,"ID: Male - Pinkish with extensive red area on upper head and foreback, red spot on dorsal fin; rounded tail, elongate ventral fins and large anal fin. Form schools above coral outcroppings on sheitered coastal reefs and lagoons to 35 m."
1283,1b18cde6-8227-5ae4-8559-385d09a12a7b,Flame Anthias,Pseudanthias ignitus,included,,True,SRC-853FA2B4,145,146,tr,high,100,high,,,"ID: Mole - Orange to yellow body, lavender to pink head and bright red dorsal fin; red borders on tail. Form plankton- feeding aggregations above upper edges of steep slopes in 10-30 m."
1284,50d0103c-b225-54e4-9ded-b65fdf647755,Lori's Anthias,Pseudanthias lori,pending_review,account transcription confidence is not high; identification descriptions are not high-confidence transcriptions,True,SRC-A508EFA2,150,151,tl,high,100,medium,,,"ID: Lavender to red undercolor with orangish spots on body scales; 3-5 bright red bars on back, bright red stripe on upper tail base, tail lobes reddish. Steep outer reef slopes and drop-offs in 25-60 m."
1285,8ff7a266-e1a5-5b4d-bd79-242a61ccacc8,Luzon Anthias,Pseudanthias luzonensis,pending_review,account transcription confidence is not high; identification descriptions are not high-confidence transcriptions,True,SRC-5EC4E74C,148,149,tr,high,100,medium,,,"ID: Male - Peach to pinkish with reddish snout: red to orange band across nape divides into three narrow wavy stripes to tail, wide red margin on tail. Female - Pale peach without distinctive markings. Outer reef slopes in 20-60 m."
1286,d062ca81-c418-5866-8b8e-2fc844a82602,Olive Anthias,Pseudanthias olivaceus,pending_review,account transcription confidence is not high,True,SRC-FE795F6A,148,149,bl,high,100,medium,,,"ID: Mole - Olive to dark gray; yellow spots on scales of lower body may align to form bars, yellow stripe behind eye. Form. small plankton-feeding aggregations around rock and coral formations of seaward reefs to 34 m. | TD: ide - Olive to dark gray: Yellow spots Ga seakes of lowe body may align to form bare, yellow stripe behind eye. Form ssinall planktan-feading: around rock and coral ‘formations of seaward reefs to 34m."
1287,1dff4911-9bc2-519b-ab00-32ee2d0e084f,Sunset Anthias,Pseudanthias parvirostris,included,,True,SRC-7DD9F0A3,149,150,bl,high,100,high,,,ID: Mele - Yellow with purple dorsal fin and borders on tail; purple line markings on head. Reddish with white dorsal fin and tail borders in Indian Ocean. Form small aggregations near patch reefs and coral outcroppings of deep outer slopes in 30-65 m_
1288,995e9e95-6805-503e-a5d2-c62005c8da3a,Purple Queen Anthias,Pseudanthias pascalus,included,,True,SRC-94F9F5DA,145,146,bl,high,100,high,,,ID: Mole - Purple with numerous small dark blue to orange spots: yellowish snout forming fleshy protuberance and pale chin. Form plankton-feeding aggregations high above outer Teef slopes in 5-60 m.
1289,4b1c8a14-492e-580c-a6fd-abdf33ad51a2,Squarespot Anthias,Pseudanthias pleurotaenia,pending_review,identity confidence is below the inclusion threshold; account transcription confidence is not high,True,SRC-992F7CD7,143,144,bl,low,,low,,,eee Anthigs -Seranidac/Anthiinae: ID: Wale- Orangieh red. -aqTusite Vieket spot on te Yoon oe Forel peed oben aaepos mn = cabbie i0-t
1290,50365c8f-8441-5e12-ba08-3674f980ab66,Randall's Anthias,Pseudanthias randalli,pending_review,account transcription confidence is not high; identification descriptions are not high-confidence transcriptions,True,SRC-DD338D94,147,148,mr,high,100,low,,,"p: Male- Rodd to lavoncior; fnts red with waxtabie vioket elongate 2rd dorsal spine. femle~ Simfiat, but have docsal and tail fing. Form. small groupe. Lurk nearcaves and Tagen seep cropotsin - 120m."
1291,7905cd50-a977-549c-96de-1b3031d5135a,Redstripe Anthias,Pseudanthias rubrizonatus,included,,True,SRC-2ECF611D,149,150,ml,high,100,high,,,"ID: Male /Pink Voriation - Peach on head gradating to pale pink on rear body; pale stripe below eye and red bar on side. Form clusters around coral outcroppings, sometimes in turbid water. Coastal and seaward reefs in 10-58 m. | ‘TD: Wide /Pick Variation - Peach cn haad to pele piri on rear body; Yed baronside. Form neuipe below trata Coastal aud soawend ree 10 Bb an"
1292,79405f77-44bf-576c-8338-a7fbd7955990,Shen's Anthias,Pseudanthias sheni,pending_review,identity confidence is below the inclusion threshold; account transcription confidence is not high,True,SRC-6F043603,144,145,tl,high,88.8,medium,,,ID: Mole - Orangish red to magenta or violet; 3rd dorsal spine of male elongate. Groups contain numerous females and several males. Form plankton-feeding aggregations 1-3 m above outer reef slopes in 20-55 m. | TD: Miele - Orangish red to magonta or violet; 3rd dorsal Gt anie ogi. Grube contain merous fale x Shor cue reel apoo in a0-Oe om
1293,d3243eb5-2b1c-584f-bf5d-7f6d98dec0a5,Princess Anthias,Pseudanthias smithvanizi,included,,True,SRC-57CE9899,150,151,ml,high,100,high,,,"ID: tole - Lavender undercolor with orangish spots on body scales; red to reddish upper head and back, purple tail borders Form small groups, sometimes mix with Lori's Anthias (previous}. Steep outer reef slopes in 6-70 m."
1294,c424bd47-1dfb-5f7f-8d39-074a4a83e978,Scalefin Anthias,Pseudanthias squamuipinnis,pending_review,account transcription confidence is not high,True,SRC-5A68DF6A,147,148,tl,high,100,medium,,,"ID: Male/Red Yoriation - Shades of red with yellow spots on body scales; purple blotch on outer pectoral fin: long 3rd dorsal spine. Form small to huge plankton-feeding aggregations above shallow coastal, lagoon and outer reefs in 2-20 m. | 1D: ae feed Verletion - Shades of red. yellow hich cao pocuraltis hey 3 dace Sone thallow cousll lageoe at outer toes oe Inela Wlast Daeifire Tall Sas and Wt. A frir tn Stetreninn Ye and TH"
1295,b4235fce-cf53-5883-bed8-7587ba458440,Purple Anthias,Pseudanthias tuka,included,,True,SRC-31560E96,146,147,tl,high,100,high,,,"ID: Mole - Purple; yellow to yellowish chin and dark purple blotch on rear dorsal fin. Form plankton feeding-aggregations 1-3 m above outer reef slopes, but also coastal reefs in 2-40 m. | 1D: Made - Purple yellow to yellowsiah chin and dark parple 1-8:m above outer reef slopes, but aleo coastal reals in 2-40 m."
1296,602b19d8-5d9e-58fe-9ce4-aa21e6de8b24,Dottyback Anthias,Pseudanthias venator,included,,True,SRC-3CDC2569,144,145,ml,high,100,high,,,"ID: Mole - Reddish orange with yellowish highlights; small dark spots on upper body, yellowish tail borders. Form small groups. Lurk around caves and ledges on steep outer reef slopes in 20-50 m."
1297,5a46ab8a-5173-5ca0-a0cf-f56d54430ce1,Longfin Anthias,Pseudanthias ventralis,pending_review,account transcription confidence is not high,True,SRC-CC117910,143,144,tl,high,100,medium,,,"ID: Male - Lavender with variable amounts of yellow on upper head, back and tail base, yellow fins, except red often in dorsal; random magenta stripes and spots on back; long ventral fins. Form small groups on outer reefs in 26-68 m. | ‘1D: Male- Lavender with variable amounts of yellow on upper end, back and tail base, ey Gn, ence ond often fn ‘ventral Zins. Porin arpall groupe on ower roofs in 26-68 m. Banifie Mirna? Denier Tannfis Dioraion t amet nf Crcarin Bakemanln"
1298,7acc216e-6e3f-5228-bf2b-51cb4cf7c597,White Ribbon Moray,Pseudechidna brummen,included,,True,SRC-9E12FDFC,441,442,ml,high,100,high,,,"ID: Long laterally compressed body; pale brown to pale green with small dark spots on head; narrow white margin on fins. Solitary and cryptic, rarely in open except at night. Sand and rubble bottoms of sheltered coastal reefs and reef flats in 1-8 m."
1299,98064ca8-0ad8-5c95-bc32-b71a65e64ffb,Yellowmargin Triggerfish,Pseudobalistes flavimarginatus,pending_review,identity confidence is below the inclusion threshold; account transcription confidence is not high,True,SRC-E5A46149,405,406,ml,low,,low,,,"1D: Tan body with dark spots and crossharch pattern, pale ‘orangish spout and cheeks; yellow to orange margins on: Coastal tet Splitary; neat in sand snd rubble chanaels. lagoons and sheltered outer reefs in 2-60 m."
1300,1e867b08-420f-5d06-abeb-6a45377e5159,Blue Triggerfish,Pseudobalistes fuscus,included,,True,SRC-F4BBBC03,405,406,tl,high,100,high,,,ID: Blue to bluish gray often with yellowish scale spots; pale blue to muddy red margins on all fins. Solitary; nesting females very aggressive and may attack divers. Sheltered inner reefs and seaward slopes to 50 m. | 0D: Blue to bluish gray often with yellowish acale epots;; acai ens oe Be fo mY Yo argo females very aggressive and may attack divers. Sheltered inner reefs aod seaward slopes to 60 m
1301,02205eb9-4a5a-5766-984f-ba405e0de1c1,Silver Trevally Jack,Pseudocaranx dentex,pending_review,account transcription confidence is not high; identification descriptions are not high-confidence transcriptions,True,SRC-9570D9B0,127,128,tr,high,100,medium,,,ID: Bluish silver with mid-body yellowish stripe to tail and yellowish edge below rear dorsal and anal fins to tafl; black ‘Spot on rear gill cover. Pairs or form small schools. Deep bottom. feeders to 200 m; shallower in cool water.
1302,9dc3dbc6-3d01-54eb-b725-88ea643b6e33,Midget Wormfish,Pseudocheilinus ataenia,pending_review,account transcription confidence is not high; identification descriptions are not high-confidence transcriptions,True,SRC-214F9677,226,227,ml,high,100,medium,,,"ID: TP - Red with 7-8 rose to orange stripes; blue on ventral fin. Form small groups; cryptic, stay close to shelter. Rubble and coral patches on protected reefs in 5-15 m."
1303,5784208a-308b-59d4-a2be-ea82bfcc18e9,Disappearing Wormfish,Pseudocheilinus evanidus,included,,True,SRC-6FED6B5D,225,226,br,high,100,high,,,"ID: TP - Red to orange with thin white lines on side; white band under eye. bluish vertical streak on cheek, frequently with §-6 diffuse pale bars. Solitary and cryptic. Rubble and coral patches on seaward slopes in 6-40 m."
1304,947747f2-b395-5c33-8336-d6ff6118b332,Sixstripe Wormfish,Pseudocheilinus hexataenia,pending_review,identity confidence is below the inclusion threshold; account transcription confidence is not high; identification descriptions are not high-confidence transcriptions,True,SRC-1B026F42,226,227,br,low,,low,,,"(ED: Dark gréenish brown, red anal fin; row of pale spots in dorsal fin, dark tail borders."
1305,51b78d70-f02a-5b0a-9e46-7a9a6b009c6e,Tailspot Wormfish,Pseudocheilinus ocellatus,included,,True,SRC-17532D6B,225,226,mr,high,100,high,,,"ID: TP - Magenta to red body; often display thin vertical white lines on side, white-ringed black ocellated spot on tail base, curved magenta spot surrounded by yellow markings below eye. Solitary. Outer reef areas in 20-60 m."
1306,f9c45dab-6de4-559b-a491-d6344f587513,Eightstripe Wormfish,Pseudocheilinus octotaenia,pending_review,account transcription confidence is not high; identification descriptions are not high-confidence transcriptions,True,SRC-10FB711F,225,226,bl,high,100,medium,,,"ID: TP - Pale to dark red to orange with light to dark purple stripes, sometimes with yellow stripes between. Solitary. Coral or rubble patches on seaward reefs in 2-50 m."
1307,9739bc71-63a3-5988-88e9-fc2daad5b0c0,Fourstripe Wormfish,Pseudocheilinus tetrataenia,pending_review,account transcription confidence is not high; identification descriptions are not high-confidence transcriptions,True,SRC-DC0EFB3A,226,227,tr,high,100,medium,,,"ID: TP - Four orange to green stripes alternate with 3 blue stripes on back; bluish to greenish to brownish belly Solitary; cryptic, hide in small recesses of coral or rubble. Seaward reefs in 6-44 m."
1308,e5015b07-59ca-5ba2-84b4-bdb622da0b59,Borneo Dottyback,Pseudochromis alleni,included,,True,SRC-3B36397E,276,277,bl,high,100,high,,,"ID: Pale yellow with dark gray upper head gradating to bluish back and dorsal fin; white scale row streak extends from gill cover onto back. Solitary and cryptic. Caves, recesses and under ledges of coastal fringing reefs in 15-30 m."
1309,97a23e62-c46b-5600-aab5-d73e7d9e438e,Raja Dottyback,Pseudochromis andamanensis,pending_review,identity confidence is below the inclusion threshold,True,SRC-386F58D6,273,274,bl,low,59,high,,,ID: Male - Whittich to ‘upperhead and yellowish brown: Fics nus spor on met sons and dark mark beliind eye (aiso.on females). Solitary. Coral outcroppings on fringing reefs in 15-45 m.
1310,171a8914-8501-5f22-bf9d-612c4763039b,Doublestriped Dottyback,Pseudochromis bitaeniatus,included,,True,SRC-C47AA5E5,274,275,br,high,100,high,,,ID: Bluish gray to brown with yellowish brown head; broad pale to white stripe from gill cover to end of tail. Solitary. Crevices and caves in steep slopes and coastal and seaward reefs in 1-20 m.
1311,6bd1acfa-74d9-5aad-8bea-653dffdba88d,Surge Dottyback,Pseudochromis cyanotaenia,included,,True,SRC-2EF9F947,273,274,tl,high,100,high,,,"ID: Male - Blue with yellow area lower head to pectoral fin yellow stripe on front lateral line, may display light blue bars on lower side. Female - Reddish gray, orange tail with yellow Margin. Solitary or in pairs. Shallow wave-washed areas of outer reef flats and slopes to 10 m."
1312,44033224-a98b-5fcb-9787-6d967e868aaa,Elongate Dottyback,Pseudochromis elongatus,pending_review,account transcription confidence is not high; identification descriptions are not high-confidence transcriptions,True,SRC-4185F549,277,278,mr,high,100,medium,,,ID: Shades of brown to purple; rounded tail with yellow margin. Solitary. Caves or around rock outcroppings of coastal and seaward reefs in 5-60 m.
1313,23fc4b8b-bb6c-555a-9f8d-d27b046c2247,Yellowtail Dottyback,Pseudochromis flammicauda,pending_review,account transcription confidence is not high; identification descriptions are not high-confidence transcriptions,True,SRC-A4CFD7EF,274,275,bl,high,100,medium,,,"ID: Mole - Tan to orange-red head, bluish gray body and yellow-orange tail. Jevenile/Femole - Dark gray brown with no distinctive markings. Solitary or in pairs. Lurk near crevices and holes in lagoon and seaward reefs in 3-10 m."
1314,3afa7118-5141-5284-a8c0-af8148b418fe,Dusky Dottyback,Pseudochromis fuscus,included,,True,SRC-F6F7AC89,275,276,tl,high,100,high,,,"ID: Derk Voriotien - Dark brown with white to translucent tail blue spots on scales form stripes. Solitary. Lurk near crevices and recesses in coastal, lagoon and seaward reefs in 1-30 m. | TD: Dork Veriation Dat - cv with white to tesnatacent tall ‘hing spots on scales foam stripes: Solitary. Lari near crevices and recesses in coastal iagood and seaward reefs ia 1-20 mn."
1315,0aa59113-0fe6-5f3a-9f19-c08b36be7ccb,Thinstriped Dottyback,Pseudochromis howsoni,included,,True,SRC-DF9C468D,275,276,ml,high,100,high,,,"ID: Male - Orange-brown on head and front of body gradating to dark gray on rear body; spots on scales of upper front body form scale row stripes, dark spot on rear gill cover. Solitary or pair with females. Lurk near recesses in low coral outcroppings and rubble of seaward reefs to 30 m."
1316,10fee718-f32b-519c-948e-4162e10a166b,Borneo Dottyback,Pseudochromis marshallensis,pending_review,account transcription confidence is not high; identification descriptions are not high-confidence transcriptions,True,SRC-F3652BCA,276,277,br,high,100,medium,,,"ID: Brown to brownish gray or bluish gray with yellowish tail; pale orange spots on scales forming scale row stripes. Solitary and cryptic. Caves, recesses and under ledges of coastal, lagoon and seaward reefs in 1-15 m."
1317,f7ba40c6-a8c4-525d-b930-94c5919b4026,Brownback Dottyback,Pseudochromis moorei,pending_review,identity confidence is below the inclusion threshold,True,SRC-114CB7BE,276,277,tl,high,97,high,,,ID: Male - Yellow-orange with dark spot on central body scales dark spot at rear comer of gill cover. Female - Dark brown. Solitary. Sand and rubble and low rocky outcroppings on coastal reefs in 12-25 m.
1318,90b04503-bb37-5d82-81e6-318d3808b0d8,Royal Dottyback,Pseudochromis paccagnellae,included,,True,SRC-B7661573,274,275,tr,high,100,high,,,"ID: Magenta head and front of body, yellow behind. Solitary or form small, loosely scattered groups. Base of steep dropoffs or in caves and récesses on steep slopes and coastal and outer reefs in 5 to 40 m, usually below 15 m."
1319,5ff003c9-6284-5a9e-84ec-459a5c2e321c,Midnight Dottyback,Pseudochromis paranox,pending_review,account transcription confidence is not high; identification descriptions are not high-confidence transcriptions,True,SRC-41110713,276,277,tr,high,100,medium,,,"ID: Black with no distinctive markings. Flare dorsal and anal fins to mimic Pygmy Angelfigh, Centropyge nox, the two species always occur in same area. Solitary. Lurk near recesses and crevices in ooastal slopes in 5-30 m."
1320,60ed229f-97b6-59e0-9d81-4f5b68100913,Blackstripe Dottyback,Pseudochromis perspicillatus,included,,True,SRC-48078949,276,277,ml,high,100,high,,,ID: White to slightly yellowish; dark gray to black stripe from snout tip to below beginning of dorsai fin. Solitary. Coral outcroppings in sand and rubble areas of coastal reefs in3-18m.
1321,5e5249ab-b3ef-5097-b653-df834ebea274,Longfin Dottyback,Pseudochromis polynemus,included,,True,SRC-013ED7C1,277,278,tl,high,100,high,,,"ID: Brown to gray-brown with pale spots on scales forming scale row stripes; triangular orange mark below eye, orange blotch at base of ventral fins, black margins on dorsal and anal fins. Solitary. Outer slopes in 5-25 m."
1322,9676ca64-4a2e-5e62-9a17-9c202d773795,Magenta Dottyback,Pseudochromis porphyreus,pending_review,account transcription confidence is not high; identification descriptions are not high-confidence transcriptions,True,SRC-8F39E6A5,274,275,ml,high,100,medium,,,"ID: Magenta. Solitary or form small, loosely scattered groups. Base of steep dropoffs or in caves and crevices in steep slopes and coastal and outer reefs in 5 to 40 m, usually below 15 m."
1323,3b7e19d3-387d-533a-8e71-590fdd265401,Brownback Dottyback,Pseudochromis ransonneti,included,,True,SRC-75FC818A,277,278,ml,high,100,high,,,ID: Dull gray-brown with cream on lower head and lower front body; no distinctive markings. Solitary or form small groups. Silty coastal reefs in 1-12 m.
1324,2fdd2d2a-115a-5e1b-96f8-a7c61db005ee,Splendid Dottyback,Pseudochromis splendens,included,,True,SRC-C0BE9EF1,277,278,tr,high,100,high,,,"ID: Gray undercolor with orange to yellow spots on scales forming scale row stripes, yellow tail, pale snout; black eye bar. Solitary. Lurk near recesses and tubular sponges on steep reef slopes in 5-40 m."
1325,b307ef21-1a3e-559a-92b9-71c40c390fa7,Steene’s Dottyback,Pseudochromis steenei,pending_review,identity confidence is below the inclusion threshold; account transcription confidence is not high,True,SRC-CDDCB558,275,276,bl,low,,low,,,ED: Mde- Pinkich ‘headand front of body with brown péale spots qradeting dack brown reer Dedy; necro i ‘Rear rederses in cons] outcroppings and coastal reet slopes in 16-100 m.
1326,6b67a848-f0cc-5c8a-84ed-8c375e64402c,Yellowfin Dottyback,Pseudochromis wilsoni,pending_review,account transcription confidence is not high; identification descriptions are not high-confidence transcriptions,True,SRC-549F7C86,274,275,mr,high,100,medium,,,"ID: Mele - Blue to purplish; yellow and red iris. Female - Blue to brownish, lower haif of dorsal fin yellow; yellow submarginal Stripes on tail. Solitary. Inshore coastal reefs to 15 m."
1327,f1419fe2-899f-503b-bb4e-f9287ba4194d,Redspot Wormfish,Pseudocoris aurantiofasciatus,pending_review,identity confidence is below the inclusion threshold; account transcription confidence is not high; identification descriptions are not high-confidence transcriptions,True,SRC-E2157F99,192,193,mr,low,,low,,,"‘TD: Lavender-gray with wavy lines; pair of silver-white stripes on head above and helow eye; reddish spot.on ectowel fin bese, Form lange nlankton-feeding eognogetions ‘With IP greatly outnumbering TP."
1328,4e161a17-bd1f-5427-858f-467b66aa16fb,Philippine Wormfish,Pseudocoris bleekeni,pending_review,identity confidence is below the inclusion threshold,True,SRC-DB9DD34F,192,193,tr,high,91.2,high,,,"ID: TP - Green with combination of dark bars; elongate spots and saddles, yellow patch on middle of side. P - Light brown with pale belly; black blotch on rear gill cover and upper tail base. Rubble and coral slopes of seaward reefs in 10-30 m."
1329,671a8318-8234-58bc-8a7d-58d83e2f8ef8,Torpedo Wormfish,Pseudocoris heteroptera,included,,True,SRC-9C3FB0CA,226,227,bl,high,100,high,,,"ID: TP - Blue-green head and forebody with alternating yellow and blackish bars behind; dark patch behind eye. Form groups well above bottom. Mixed sand, rubble and coral areas with periodic strong currents in 15-24 m."
1330,aad73bb1-7c6c-566c-a6ff-e50c5ac5e41d,Rust-banded Wormfish,Pseudocoris yamashiroi,pending_review,identity confidence is below the inclusion threshold,True,SRC-E90DE01A,192,193,ml,high,85,high,,,"ID: TP - Shades of green with white belly; black spots and blotches on green areas, black borders on tail. Form aggregations above bottom. Edge of reef slopes in 5-30 m."
1331,7b731c3f-4270-55cf-8440-f98fd64da095,Chiseltooth Razorfish,Pseudodax mollucanus,pending_review,identity confidence is below the inclusion threshold; account transcription confidence is not high; identification descriptions are not high-confidence transcriptions,True,SRC-DF3E4C00,234,235,ml,high,87.4,medium,,,"ID: TP - Blue-green undercolor with dark spots on scales orange-red to nist wash on forebody and back, yellow upper lip; pale yellow bar on tail base. Solitary. Seaward reefs including steep outer slopes in 3-40 m. Indo -Pacifie: Red Sea and E. Africa to French Polynesia ~ §. Japan to Australia."
1332,33141272-cd6d-567f-88bb-bd29c393e778,Atavia Wrasse,Pseudojuloides atavai,pending_review,identity confidence is below the inclusion threshold; no identification description,True,SRC-0168C4EF,227,228,br,high,82.9,high,,,
1333,33a5bc41-e187-5415-880a-1afd201d709b,Smalltail Wormfish,Pseudojuloides cerasinus,pending_review,identity confidence is below the inclusion threshold; account transcription confidence is not high; identification descriptions are not high-confidence transcriptions,True,SRC-81D0D752,227,228,tl,high,94.9,medium,,,"ID: TP - Green upper body. blue below; bicolor blue and yellow mid-body stripe, wide black tail margin. Form small groups. Rubble, weed and coral areas of lagoon and seaward reefs to 61 m, usually over 20 m."
1334,adb01347-975a-5623-a456-7de5ffb53e7d,Kaleidios Wormfish,Pseudojuloides kaleidios,pending_review,identity confidence is below the inclusion threshold; account transcription confidence is not high; identification descriptions are not high-confidence transcriptions,True,SRC-5A5CEFC4,227,228,ml,high,92.9,medium,,,ID: T? - Green to bluish; broad blackish stripe on upper side and narrower blue stripe immediately below; bright blue snout followed by salmon stripe down back. Solitary or with groups of IP. Rubble bottoms in 15-40 m.
1335,687f04c1-21a8-5396-babe-9bda2b8f30f1,Royal Wormfish,Pseudogramma severnsi,pending_review,identity confidence is below the inclusion threshold; identification descriptions are not high-confidence transcriptions,True,SRC-037061B6,227,228,bl,medium,70.4,high,,,ID: TP- Lange dark patch from eyes to: ee On: and rubble bottoms in 20-40:m.
1336,6723c9d1-5cb7-5b0b-9205-944c6d5ee4fd,Strapweed Filefish,Pseudomonacanthus macrurus,included,,True,SRC-307B6A2B,412,413,tl,high,100,high,,,"ID: Mottled shades of yellow to brown, greenish brown, tan and grayish white; covered with numerous brown spots usually darkish blotch behind and below eye. Solitary. Reef flats, lagoons and weed or seagrass beds to 10 m. | ID: »: Metied sais of yellow to beowen, goenieh brown, tan covered with numerous brown spots, gency viah aeskiah wha Reef blotch behind aid below eye. Solltery. flate, lagoone and weed or seagrass beds to 10m. fhe a Rint ecin ante Tecan Dtemnne Tih anid"
1337,1bb0b6b9-1bd1-5aec-a7dd-1f99a4ea0e43,Pink Dottyback,Pseudoplesiops multisquamatus,included,,True,SRC-710CAACF,277,278,bl,high,100,high,,,"ID: Red, pink or reddish brown; fins clearish except tail which is yellow with wide clearish margin. Solitary. Caves and crevices along outer reef walls to 25 m."
1338,2b961206-b837-521b-a76b-11000c469f81,Threespot Flounder,Pseudorhombus dupliciocellatus,pending_review,identity confidence is below the inclusion threshold; account transcription confidence is not high; identification descriptions are not high-confidence transcriptions,True,SRC-3FEFBC29,387,388,tl,medium,69.5,medium,,,"Ned Selo - Phase ID: May pele or darken markings and enlarge mid-body ‘blotchee. | BE wIem (iin) ‘Righteye Mounes-Pleurnecidds Po: Boogie oval hog, gest mith iragoler Hight anal ak brown markings and 2-3-dark-edged ocelli. auaiing of body. Solitary, fraquently under ledges: lagoon and seaward reefs in'5-30 m. Tati. Danie 2 Afina ear Wises asi Meainnanon Ta: in Tvinnetn ="
1339,ef382c6f-cf06-5815-86dd-f09683c2d30f,Cryptic Wormfish,Pteragogus cryptus,pending_review,account transcription confidence is not high; identification descriptions are not high-confidence transcriptions,True,SRC-733470E8,228,229,tl,high,100,medium,,,"ID: TRAP - Mottled shades of red-brown with scattered dark spots; white stripe from upper eye to above pectoral, pale ocellated spot on gill cover. Solitary. Cryptic: branching stony corals, soft corals and weeds to 67 m."
1340,330cef09-e521-5934-a943-d8d7fd312ab8,Cockerel Wormfish,Pteragogus enneacanthus,pending_review,account transcription confidence is not high; identification descriptions are not high-confidence transcriptions,True,SRC-845FEF9E,228,229,tr,high,100,medium,,,ID: TP/IP - Mottled shades of red-brown: dark spots on lateral Jine {may join to form thin stripe}; ocellated brown spot on gill cover. TP - Filaments on 1st two dorsal rays. Solitary and cryptic. Among stony and soft corals and weeds in 3-25 m
1341,4fe2d2a5-6615-5db2-b47b-e40bb55d4fb0,Flagfin Wormfish,Pteragogus flagellifer,pending_review,account transcription confidence is not high; identification descriptions are not high-confidence transcriptions,True,SRC-AEF820FE,228,229,ml,high,100,medium,,,ID: 1P/lP - Shades of green to yellow-orange with grayish scale spots; yellow-green lips and purplish markings on cheek: deep body. TP - ist 2 dersal spines with long filaments. Solitary and cryptic. Among branches of soft coral or weedy areas in 2-30 m.
1342,13f68101-da25-5347-a00f-e7a4f692e95f,3anggai Cardinalfish,Pterapogon kauderni,pending_review,identity confidence is below the inclusion threshold; account transcription confidence is not high,True,SRC-36D944F7,266,267,tr,high,94.6,medium,,,"ID: White to cream with white spotting; 3 white-edged black bars through eye, ist dorsal toventral fin and 2nd dorsal to anal fin; black tail lobes bordered with white spots. Form aggregations. Shelter among urchin spines or anemones in protected rubbie areas to 16 m. | S-whiite-edged black 4: White to ou th whit eye, tat doreal toy Sin ana 2 Gorge to vent fe ick tail lobes bordered with white spots. For aggregations. Shelter among urchin spines or aneinangs in"
1343,65264196-3573-5c32-9521-d9147af96bcf,Sailfin Cardinalfish,Pterapogon mirifica,pending_review,account transcription confidence is not high; identification descriptions are not high-confidence transcriptions,True,SRC-60FDFA51,266,267,tl,high,100,medium,,,"ID: Dark gray to blackish with white tail, pale gray head saddles displayed only at night: enlarged 2nd dorsal and ventral fins. Solitary. Hide under ledges or large rocks in weedy areas of coastal reefs in 2-12 m."
1344,f4e232ac-2ab0-528f-854b-1989f64975f0,Lined Dartfish,Ptereleotris evides,pending_review,account transcription confidence is not high; identification descriptions are not high-confidence transcriptions,True,SRC-7F562D50,282,283,bl,high,100,medium,,,ID: Pale bluish gray head and front of body abruptly gradate to black rear body; pale forked tail with datk borders iridescent blue markings on gill cover. Pairs share sandy burrows. Exposed lagoon and outer reef slopes in 2-25 m.
1345,716175cf-b7f7-5394-9774-b3c77da4f427,Lined Dartfish,Ptereleotris grammica,pending_review,account transcription confidence is not high; identification descriptions are not high-confidence transcriptions,True,SRC-2A085C16,282,283,mr,high,100,medium,,,"ID: Pale blue-gray with greenish highlights; orange and biue stripes on body and fins: first dorsal fin relatively high and fan-shaped. Solitary or in pairs that share burrows, Sand and mubble slopes in 36-60 m."
1346,14ec2f60-3934-5716-a5bf-10022ee21b6c,Threadfin Dartfish,Ptereleotris hanae,included,,True,SRC-8FD20A77,283,284,tl,high,100,high,,,ID: Pale bluish gray to bluish green upper body and darker blue below; tail of larger adults trail 1-6 filaments. Solitary or in pairs. Shelter under rocks or inside burrows shared with shrimp gobies. Sand and rubble bottoms near teefs in 3-50 m
1347,6d7e2241-7164-5ada-beb1-d3d4ba6e31e3,Pearly Dartfish,Ptereleotris heteroptera,included,,True,SRC-7DFEF4FF,283,284,ml,high,100,high,,,"ID: Pale blue to bluish gray with iridescent blue marks on head; yellow to bluish tail with large black spot on center. Solitary, in pairs or colonies. Shelter in burrows on sand and rubble near reefs in 7-46 m."
1348,1cb55dde-2022-58f4-be69-41342823e042,Pearly Dartfish,Ptereleotris microlepis,pending_review,account transcription confidence is not high; identification descriptions are not high-confidence transcriptions,True,SRC-0F312B2E,283,284,br,high,100,medium,,,"ID: Pale bluish to pinkish gray; usually several iridescent bluish stripes on head, narrow black bar on base of pectoral fin numerous indistinct body bars. Form small to large colonies. Shelter in burrows on sand and rubble near reefs to 22 m."
1349,cd86a884-dec5-5dbc-97b7-276ea41ebc25,Monofin Dartfish,Ptereleotris monoptera,pending_review,account transcription confidence is not high; identification descriptions are not high-confidence transcriptions,True,SRC-EA8DB66E,283,284,bl,high,100,medium,,,ID: Pale blue to green to yellow with wash of blue over belly broad blackish bar below eye; tail of adults trail filaments from upper and lower lobes. Form loose colonies. Shelter in burrows on sand and rubble or hard bottoms in 6-15 m.
1350,ba1d3f62-8d9c-5c79-a7be-d78c35efbc9a,Bandtail Dartfish,Ptereleotris uroditaenia,included,,True,SRC-90E6FDA7,283,284,tr,high,100,high,,,"ID: Pale blue; iridescent blue markings on head, stripe along base of dorsal fin, pair of black bands with yellow between on tail. Solitary or form small groups. Sand and mubble areas in 18-30 m."
1351,081a0542-4748-5883-ab40-c2c96fcb5fb4,Zebra Dartfish,Ptereleotris zebra,pending_review,identity confidence is below the inclusion threshold; no identification description,True,SRC-93766BB3,284,285,tl,high,93.1,high,,,
1352,e78f6edb-c356-5b6e-91a8-1cc92f7d46aa,Goldband Fusilier,Pterocaesio chrysozona,pending_review,account transcription confidence is not high; identification descriptions are not high-confidence transcriptions,True,SRC-CE756FB2,140,141,tr,high,100,medium,,,"ID: Silvery brownish blue to green back and pale lower body wide yellow stripe from eye tapers toward tail base, dark tail tips. Form aggregations. Coastal, lagoons and outer reels in 2-25 m."
1353,a9ae9345-4b98-5904-bff6-f16fda813c87,Double-lined Fusilier,Pterocaesio digramma,pending_review,account transcription confidence is not high; no identification description,True,SRC-34E65C07,139,140,br,high,100,medium,,,
1354,a3700b3b-09d0-5e16-b896-467788bc9115,Wide-band Fusilier,Pterocaesio lativittata,pending_review,identity confidence is below the inclusion threshold; account transcription confidence is not high,True,SRC-4EBE9C2D,140,141,mr,high,96,medium,,,"ID: Sivary Rue; yellow stripe fom eye bulges above pectoral fin and tapers ‘toward tail bees, dark tafl tips. Form saprogations, cen mux with other fusiiers, Most comma on steep slopes and deep pesses, aleo coastal, lagoons and seaward tots in 10> 60m."
1355,c9f770fe-6804-596d-a14d-4d42fcc81d8b,Twinstripe Fusilier,Pterocaesio marni,pending_review,identity confidence is below the inclusion threshold,True,SRC-898A3994,139,140,mr,medium,79.8,high,,,"ID: Silvery blue to blue-green; yellow stripe on side covers lateral line except on tail base, a second stripe on back, dark tail tips. Form aggregations, often mix with other fusiliers. Steep slopes and coastal, lagoons and seaward reefs to 30 m."
1356,84d84512-7cc5-5558-97b6-16701e2c5425,Ruddy Fusilier,Pterocaesio pisang,pending_review,account transcription confidence is not high; identification descriptions are not high-confidence transcriptions,True,SRC-B885659C,139,140,ml,high,100,medium,,,"ID: Vary from a solid color to combinations of blue to blue-green. to silvery red; red to black tail tips, straight thin black lateral line. Form aggregations, often mix with other fusiliers. Steep slopes and shallow coastal and seaward reefs to 30 m."
1357,abe05b5a-9c9d-591d-bfd0-9b81f8282197,Randall's Fusilier,Pterocaesio randalli,pending_review,account transcription confidence is not high; identification descriptions are not high-confidence transcriptions,True,SRC-5D1A08E4,140,141,tl,high,100,medium,,,"ID: Silvery blue to reddish blue or blue-green; large elongate yellow biotch on forebody, black to reddish tail tips. Form aggregations, often mix with other fusiliers. Steep slopes and coastal, lagoon and seaward reefs to 30 m."
1358,864ca8ce-eb64-5911-bccb-793115ed9505,Narrowstripe Fusilier,Pterocaesio tessellata,pending_review,account transcription confidence is not high; identification descriptions are not high-confidence transcriptions,True,SRC-AE9DCCC7,140,141,ml,high,100,medium,,,"ID: Blush green back with reddish to white below: narrow yellow stripe covers lateral line except on tail base. dark tail tips. Form aggregations. Most commonly on steep slopes, also coastal and seaward reefs to 30 m."
1359,1e10cf2d-3b49-5bf7-a2ef-4a59aa10c916,Bluestreak Fusilier,Pterocaesio tile,included,,True,SRC-001C08C5,139,140,tl,high,100,high,,,"ID: Silvery blue; several dark scale row stripes on back, wider dark stripe below, iridescent blue stripe from gill cover to tail black streak on tail lobes. Form aggregations, often mix with other fusiliers. Clear water slopes and reefs to 60 m. | Cassionitas orsamekenipiianl race See nerae strips eee ‘Tiidio- Pantie Altre to Rana? tn Franch Pahinsiaia -9 0 Jevien"
1360,a53a5b91-8dbf-5803-a7b1-dd86da08943c,Threestripe Fusilier,Pterocaesio trilineata,pending_review,account transcription confidence is not high; identification descriptions are not high-confidence transcriptions,True,SRC-7CACABC3,139,140,bl,high,100,medium,,,"ID: Silvery; three yellowish to brownish stripes alternate with three bluish stripes on back: dark tail tips. Form aggregations often mix with other fusiliers. Steep slopes, shallow coastal Jagoon and seaward reefs to 30 m."
1361,053466e0-679c-570d-8108-5dcfa48f2282,Lacey Scorpionfish,Pteroidichthys amboinensis,included,,True,SRC-E75E36D2,372,373,tr,high,100,high,,,"ID: Commonly in shades of brown: very long cirrus above each eye, fan-like pectoral fins; usually numerous skin flaps and fitaments on head, body dnd fins. Solitary. Algae, sand and mud bottoms in 3-40 m. | etry ns Aer beet ch ey se fh Sod titpens on oerd nosy dod tow’ ‘Solitary, Algas, sand and mad bottoms im 3-40.:m. Alike WasMMns A Aicsabind Man tn Tisdale aan Tasman"
1362,8aeb05db-a733-593f-81e9-a648d564c176,Spotfin Lionfish,Pterois antennata,pending_review,account transcription confidence is not high; no identification description,True,SRC-6EBF56DF,370,371,mr,high,100,medium,,,
1363,137242c1-9b1a-5fce-a070-1dcd6ba8f5da,Kodipungi Lionfish,Pterois kodipungi,pending_review,identity confidence is below the inclusion threshold; account transcription confidence is not high,True,SRC-7614C5B7,371,372,tl,low,,low,,,"pores dD: Jong free, leather-like pectoral dl elena Sty ‘Mud or'fins sand botteria of eeusaries, bays and coastal waters in 3-95 m,"
1364,4d5e80a4-abda-5064-80b3-cca0f1f9814f,Cleartail Lionfish,Pterois miles,pending_review,account transcription confidence is not high; identification descriptions are not high-confidence transcriptions,True,SRC-BE5B553A,371,372,tr,high,100,medium,,,"ID: Similar to Kodipungi Lionfish (previous), but feather-like pectoral rays less free and 14 rays instead of 13; white areas between dark bars on body wider. Solitary. Mud or fine sand bottoms of estuaries, bays and coastal waters in 3-50 m."
1365,82be7083-5e34-590d-9c20-5992b0f867fe,Common Lionfish,Pterois mombasae,included,,True,SRC-E531983A,370,371,bl,high,100,high,,,"ID: Paie with numerous red-brown bands of varying width whitish fan-like pectoral fins with semicircular bands formed of large spots and long filamentous rays. Solitary. Soft coral, sponge and rubble of sheltered reefs in 10-50 m."
1366,6634ff25-198b-59d9-91f5-37eff1fa1ed3,Indian Lionfish,Pterois muricata,pending_review,identity confidence is below the inclusion threshold; account transcription confidence is not high; no identification description,True,SRC-2C29D206,370,371,ml,medium,76.3,medium,,,
1367,6e4a69ea-cfe2-5bbd-b325-575ef2064982,Clearfin Lionfish,Pterois radiata,pending_review,account transcription confidence is not high; no identification description,True,SRC-EE97F63A,370,371,br,high,100,medium,,,
1368,aaf89fcd-a5b1-5391-979d-6aa577484442,Common Lionfish,Pterois volitans,pending_review,no identification description,True,SRC-EF735762,370,371,tl,high,100,high,,,
1369,d582fb16-98f1-55bb-916d-03ccfccb5e75,Regal Angelfish,Pygoplites diacanthus,pending_review,account transcription confidence is not high; identification descriptions are not high-confidence transcriptions,True,SRC-CE8B92C0,36,37,tl,high,100,medium,,,ID: Yellow-orange with 7-8 dark-edged bluish-white bars yellow tail; dark patch around eye; blue and orange bands on anal fin. Solitary or in pairs; feed on sponges and tunicates. Lagoons and outer reefs to 48 m.
1370,1a82da15-99a1-5a40-84c4-f379b8b87dc9,Cobia Clingfish,Rachycentron canadum,pending_review,account transcription confidence is not high; identification descriptions are not high-confidence transcriptions,True,SRC-F93A6731,402,403,ml,high,100,medium,,,"ID: Jevesile - Wide black stripe bordered with white expands onto tail, grayish back, Solitary. Coastal reefs in 5-40 m."
1371,59e41d16-3f47-5d73-a738-affd34990f6c,Long-jawed Bonito,Rastrelliger kanagurta,pending_review,identity confidence is below the inclusion threshold; account transcription confidence is not high; identification descriptions are not high-confidence transcriptions,True,SRC-7DDD6ACB,132,133,tl,high,95.6,medium,,,"ID: Silvery: faint spotting on upper back with narrow stripes below, black spot under pectoral fin. Form tightly bunched schools; feed on plankton with widely opened mouths. Coastal lagoons and seaward reefs, often in turbid water to 90 m."
1372,4a7e0d11-baf5-5610-9efc-30fa0313938e,Weedy Cardinalfish,Rhabdamia cypselurus,included,,True,SRC-312C3D9B,265,266,mr,high,100,high,,,"ID: Translucent body with yellowish sheen on head and belly black spot or short stripe on snout, darkish margins on tail. Form aggregations. Hover above coral patches and inside caves of sheltered coastal reefs and lagoons in 2-15 m."
1373,648ed1be-1c73-52a5-9058-74a2385b4be5,Slender Cardinalfish,Rhabdamia gracilis,pending_review,account transcription confidence is not high; identification descriptions are not high-confidence transcriptions,True,SRC-A5761F8E,265,266,bl,high,100,medium,,,"ID: Translucent body with silver sheen on head and belly usually display smail black spot on lower tail base and tips of tail lobes, Form aggregations. Sheltered coastal, lagoon and outer reefs in 2-15 m."
1374,9b0d106e-495a-5979-8754-fd51e9514c9d,Glassy Cardinalfish,Rhabdamia spilota,pending_review,account transcription confidence is not high,True,SRC-0D325BD6,265,266,br,high,100,low,,,ID: Translucent body with silver sheen on head and belly small dark spot above pectoral fin base; 1-2 faint brownish stripes on side of front of body. Form small groups. Seaward Teefs in 17-45 m.
1375,19167860-c997-5f42-87e1-ee5dd810a185,Shark,Rhina ancylostoma,included,,True,SRC-D3BD43D0,455,456,ml,high,100,high,,,"ID: Large gray shark-like ray; broad rounded head with body ridges above eyes and along center line, large broad-based pectoral fins; white spotting on body and fins. Solitary. On or near bottom of coastal seas, occasionally near reefs in 3-90 m."
1376,1d261790-6fa0-5a02-bcec-4e1596eabd4c,Whale Sergeant,Rhincodon typus,included,,True,SRC-9650F2CC,452,453,bl,high,100,high,,,"ID: Huge; dark gray with white underside; numerous white spots scattered on head and arranged in rows and bars on body; broad mouth, ridges on side of body, enormous tail. Solitary. Open clear waters in 0-40 m, often near surface and occasionally around reefs."
1377,960d211b-31e9-5ec3-9d6e-764f2eca50c1,Picasso Triggerfish,Rhinecanthus aculeatus,pending_review,account transcription confidence is not high; no identification description,True,SRC-80883359,407,408,tr,high,100,medium,,,
1378,c7d77e9a-9578-589b-bf4b-22be6121e46b,Halfmoon Triggerfish,Rhinecanthus lunula,included,,True,SRC-8A682CD7,407,408,ml,high,100,high,,,"ID: White with gray back and upper snout; yellowish stnpe from snout to rear body with interrupting black spot below eye, black ring on tail base, black 1st dorsal fin, black spot over anus. Solitary. Seaward reefs in 10-25 m."
1379,dcede37f-54e9-5e70-86ec-89419fea87e9,Wedgetail Triggerfish,Rhinecanthus rectangulus,included,,True,SRC-2EBA5B20,407,408,mr,high,100,high,,,"ID: Light brown snout and back, white below: black band through eye enlarges and mins to anal fin, black triangular mark on tail base. Solitary or form groups. Surge-affected reef flats and seaward reefs to 12 m."
1380,be1ef0b8-7dff-513d-8f5c-78f8939af523,Blackpatch Triggerfish,Rhinecanthus verrucosus,pending_review,account transcription confidence is not high; no identification description,True,SRC-A0AFF28D,407,408,tl,high,100,medium,,,
1381,5f8046e3-85ec-56e0-8d40-5dab308787bc,Giant Shovelnose Ray,Rhinobatos typus,included,,True,SRC-FCEC7947,455,456,br,high,100,high,,,"ID: Light brown with pale snout; large triangular head Tnerges with rounded pectoral fins, tapeting body with pair of relatively small dorsal fins, Solitary. Sand and mud of coastal waters and continental shelf to 100 m."
1382,dd4eb370-b4a1-5819-ad88-5a6665bfabce,Pygmy Lionfish,Rhinopias aphanes,pending_review,account transcription confidence is not high; identification descriptions are not high-confidence transcriptions,True,SRC-0DD4E928,372,373,bl,high,100,medium,,,"ID: Compressed body with upturned snout; maze-like color pattem; Jong cirrus above each eye, numerous skin flaps and filaments. Solitary, “walk” with pectoral and pelvic fins. Often associate with crinoids of seaward reefs in 5-30 m. Asian Pactfic: S. Japan to N.E. Australia and New Caledonia. 372"
1383,c8ba8709-708e-5fba-bbdc-33b570b5a81f,Paddle-flap Scorpionfish,Rhinopias eschmeyenri,pending_review,account transcription confidence is not high; identification descriptions are not high-confidence transcriptions,True,SRC-DF701EA2,373,374,tl,high,100,medium,,,ID: Similar to Weedy Scorpionfish (previous) but more uniformly colored; flat paddle-like generally unbranched skin flaps. Solitary. Open sand or among weeds of seaward reefs in 2-40
1384,206f5575-0285-54b3-a715-7b7c37e92fe6,Weedy Scorpionfish,Rhinopias frondosa,pending_review,identity confidence is below the inclusion threshold; account transcription confidence is not high,True,SRC-05017B76,373,374,ml,low,,low,,,Weel Sconplenlish - Variation HD: Variable shades from brown to lavender to red and may ick bold marking pattern. | Ds Metied secon chan wis dak eatin spota epote and = compressed hody with uptumed snout ‘Rumnercss branched skin flaps and filaments. ‘Solitary. Ssaward reafs in 10-297 m.
1385,8383e25f-d659-578c-b6ee-aacbb0725ebd,Javanese Cownose Ray,Rhinoptera javanica,pending_review,account transcription confidence is not high; identification descriptions are not high-confidence transcriptions,True,SRC-4FC3E2A9,457,458,mr,high,100,medium,,,ID: Brown with white underside; nearly triangular disc or “wings” with protruding head and short slender tail about equal to disc Jength with single spine. Solitary or form groups. Open coastal waters in 1-50 m.
1386,84da4e58-d20c-55e6-9fe8-9ddae22df55e,Giant Guitarfish,Rhynchobatus djiddensis,pending_review,account transcription confidence is not high; identification descriptions are not high-confidence transcriptions,True,SRC-B019C3EA,455,456,mr,high,100,medium,,,ID: Tan to gray to black with white spots and white underside; often white-ringed large black spot above base of pectoral fin; pointed triangular snout. Solitary. Often rests on bottom of sandy areas in lagoons and around reefs to 50 m.
1387,3beb3fbc-8402-53ad-85ff-d7339aece637,Largenose Boxfish,Rhynchostracion rhinorhynchus,pending_review,account transcription confidence is not high; identification descriptions are not high-confidence transcriptions,True,SRC-B91E8141,394,395,tl,high,100,medium,,,ID: Joven - Bump on mid-snout (very large in adults); whitush with numerous large brown polygons and black spots. Adult - Blue-gray with blue lined hexagon markings. Solitary or in pairs. Sand and rubble patches near reefs in 3-35 m.
1388,272ecbe8-9fba-5d1f-94be-ad98867994b8,Whiteface Waspfish,Richardsonichthys leucogaster,included,,True,SRC-6AD6C098,381,382,tr,high,100,high,,,"ID: Blotchy shades of red to brown, dorsal fin deeply incised between each spine; has general appearance similar to other waspfishes except head and anterior body not nearly as compressed. Solitary. Mud and sand of coastal reefs in 3-18 m."
1389,d71635cb-ed1e-5bac-9465-2dc75520ebd9,Black-banded Flathead,Rogadius patriciae,included,,True,SRC-89895B76,384,385,mr,high,100,high,,,"ID: Spotted or blotched shades of brown; 3-4 wavy dark stripes on soft dorsal fin, dark spotted pectoral fins, dark streaks on ventral fins, several dark blotches on upper tail and stripes below. Solitary. Coastal sand bottoms in 10-100 m."
1390,763d8d72-f702-59e4-ad78-0e22b4754594,Thorny Flathead,Rogadius pristiger,pending_review,account transcription confidence is not high; identification descriptions are not high-confidence transcriptions,True,SRC-3623408B,384,385,ml,high,100,medium,,,"ID: Shades of reddish brown with faint body bars; spotted pectoral and dorsal fins, dark marks on tail; white bilobed lappet on upper eye. Solitary, usually bury during day. Sand bottoms of coastal waters in 10-25 m."
1391,5ec416bc-7421-54c8-99e0-2beca1c062e9,Welander'’s Flathead,Rogadius welandenri,included,,True,SRC-BA6BA93A,384,385,bl,high,100,high,,,"ID: Light brown with faint saddles and black spots on dorsal pectoral and ventral fins; bi-lobed iris lappet, snout long compared to similar Spiny Flathead {next}. Solitary, bury in sand during day. Near sheltered coral reefs in 5-40 m."
1392,8f8f1c3c-5b8c-5dd9-bbd0-d0d6bff7bdf9,Diamond Filefish,Rudarius excelsus,pending_review,account transcription confidence is not high; identification descriptions are not high-confidence transcriptions,True,SRC-D6B19FF6,411,412,br,high,100,medium,,,"ID: Tiny and neatly circular; green to brown with numerous small skin flaps. Males have long bristles on tail base. Very rare known from this photograph, 2 trawl specimens and occasional sightings. Weed bottoms near reefs in 8-25 m."
1393,4bdc0cb2-1385-5609-80f7-0167b290676b,Minute Filefish,Rudarius minutus,included,,True,SRC-B5233386,411,412,bl,high,100,high,,,"ID: Tiny; pale gray with numerous pale brown spots and fine speckling. Males have dark spot with pale rim above anal-fin base. Solitary or form smail groups among gorgonian, soft coral or fire coral branches. Coastal reefs and lagoons in 2-15 m."
1394,54e028b3-5c82-58f1-9a80-d55a4f96a450,Patzner's Blenny,Salarias celebicus,pending_review,identity confidence is below the inclusion threshold; account transcription confidence is not high; identification descriptions are not high-confidence transcriptions,True,SRC-7B58AF1F,356,357,tr,high,95.2,medium,,,ID: Grayish mottled undercolor with 7 gray-brown bars unbranched (or split near tip) fentacle above eye. Solitary commonly on dead coral. Sheltered reefs to 6 m.
1395,d11e2dd9-cd35-5dd0-9134-07c592d061fd,Jewelled Blenny,Salanas fasciatus,pending_review,identity confidence is below the inclusion threshold; account transcription confidence is not high; identification descriptions are not high-confidence transcriptions,True,SRC-4014DBF9,356,357,ml,medium,81.7,medium,,,"ID: White undercolor; 8 greenish brown irreguiar bars with white oval spots between, wavy dark lines on mid-front body. Solitary; on rock or coral outcroppings or among weeds. Coastal, lagoon, and outer reefs to 8 m."
1396,fc4a90c8-ca1c-5780-97f8-89fc885d7ab5,Golden Rabbitfish,Siganus guttatus,pending_review,identity confidence is below the inclusion threshold; account transcription confidence is not high; no identification description,True,SRC-08754860,56,57,mr,high,83.1,medium,,,
1397,96b5ed65-f3b1-5240-87dd-e3b660ea911c,Obscure Blenny,Salanas obscurus,pending_review,identity confidence is below the inclusion threshold; account transcription confidence is not high; identification descriptions are not high-confidence transcriptions,True,SRC-5A3061E1,356,357,mr,high,98.3,medium,,,"ID: Dark brown except mottled light gray on snout and nape indistinct dark wavy lines on side; branched cirri above eye. Solitary; perch on corals. Sheltered shoreline reefs, frequently in turbid water to 6 m."
1398,a3425cdd-6244-550d-a0fa-5d746072c0ad,Patzner's Blenny,Salanas patzneni,pending_review,identity confidence is below the inclusion threshold; account transcription confidence is not high; no identification description,True,SRC-FF7CF7D1,356,357,tl,medium,76,medium,,,
1399,98f5eb12-6cb6-5ca7-8fb6-ede3c849682c,Starry Blenny,Salarias ramosus,pending_review,identity confidence is below the inclusion threshold; account transcription confidence is not high; no identification description,True,SRC-041051FA,356,357,bl,high,85.5,medium,,,
1400,ca91e119-1820-5f09-99c1-eb1f422e34f1,,Rudarius segmentatus,pending_review,identity confidence is below the inclusion threshold; account transcription confidence is not high; printed identity is incomplete; identification descriptions are not high-confidence transcriptions,True,SRC-28715DAB,357,358,ml,low,,low,,,"berclrsiaheniierd ‘Biennies - Bieniniidas’ ‘Whitteh undarcolor, dakish head with white spote;31ows = Of pectoral fin. Solitary; on coral ouveropnings, Sheleered reais, often in turbid water to 8m."
1401,54597666-d171-54d1-8d50-c98f94ca6080,Seychelles Blenny,Rudarius sinuosus,pending_review,identity confidence is below the inclusion threshold; identification descriptions are not high-confidence transcriptions,True,SRC-FFA097F2,357,358,mr,low,52.9,high,,,Lig at vo oltve with brown lines foitng nated ID: a ‘or form small groupa. Coastal. ‘outer reef areas exposed to surge to B i. Jato. Facitie: Seychelles to Tueaotu ix in French Potyaneta - Taiwan to Great Baier Reef.
1402,d8f0f50e-3ef1-5979-9577-f9c2e4dd22a5,Tailspot Squirrelfish,Sargocentron caudimaculatum,pending_review,identity confidence is below the inclusion threshold; account transcription confidence is not high; identification descriptions are not high-confidence transcriptions,True,SRC-F60B3480,243,244,br,high,97.2,medium,,,ID: Red with variable amount of silvery white on rear body and tail base: silver-white streak above upper edge of gill cover. Solitary or form loose groups. Coral-rich areas of outer reefs frequently on steep dropoffs in 6-40 m.
1403,ec45f539-350d-5708-95b6-d7497995ac6d,Three-spot Squirrelfish,Rudarius corutum,pending_review,identity confidence is below the inclusion threshold; account transcription confidence is not high; identification descriptions are not high-confidence transcriptions,True,SRC-53974EEE,242,243,ml,low,,low,,,"eee ite have advo dona Stary ‘1D; Altornating red and white stripes; black spot on: eee of form stall groupe, Dropolis and outer slopes in 6-401."
1404,e205c9bb-1e87-523b-ad31-7bd9c1a0f6c5,Crown Squirrelfish,Sargocentron diadema,pending_review,identity confidence is below the inclusion threshold,True,SRC-5339B7BE,242,243,mr,high,95,high,,,"ID: Alternating red and white stripes; dark red to black spiny dorsal fin with white spine tips and white streak through muddle, Solitary or form small groups. Tidal flats and deeper areas of lagoon and seaward reefs to 40 m."
1405,bd088bfd-c70c-5b46-8861-0a654bec1b22,Yellow-striped Squirrelfish,Sargocentron ensiferum,pending_review,identity confidence is below the inclusion threshold; account transcription confidence is not high; identification descriptions are not high-confidence transcriptions,True,SRC-2CF1DAF4,243,244,tr,high,95.4,medium,,,"ID: Red with narrow yellow stripes dorsally and white stripes ventrally, yelow spiny dorsal fin with red margin. Solitary or form groups, Usually on seaward coral reefs or rocky bottoms in 18-50 m."
1406,9acf0820-80be-5f7f-87aa-931b102c72cc,Peppered Squirrelfish,Sargocentron iota,pending_review,identity confidence is below the inclusion threshold,True,SRC-AD3774CB,243,244,mr,high,85,high,,,ID: Red without distinctive markings; tail lobes rounded scales with serrated edges. Solitary and cryptic; lurk in caves and recesses. Steep outer reef slopes to 34 m.
1407,9ffe21e6-a8d0-5fd3-89a2-6e410a24fce5,Samurai Squirrelfish,Sargocenuon ittodai,pending_review,identity confidence is below the inclusion threshold; account transcription confidence is not high; identification descriptions are not high-confidence transcriptions,True,SRC-ABF3881E,242,243,bl,medium,78.5,medium,,,ID: Altemating red and white stripes; red spiny dorsal fin with Tow of white spots through middle. Solitary or form groups. Outer reef slopes in 5-70 m.
1408,68040409-3b7a-5035-89e8-022a9f84e00f,Blackspot Squirrelfish,Sargocentron melanospilos,pending_review,identity confidence is below the inclusion threshold; account transcription confidence is not high; no identification description,True,SRC-A3DD31FE,242,243,tr,high,96.2,medium,,,
1409,968e5a55-163c-57a6-af33-70e4cb63d52d,Smallmouth Squirrelfish,Sargocentron microstoma,pending_review,identity confidence is below the inclusion threshold,True,SRC-8FB9BC6C,242,243,br,high,96.1,high,,,"ID: Alternating red and white stripes; black markings on front of 1st dorsal fin and very long white margin on anal fin spine. Solitary or form loose groups. Reef flats and deeper coastal reefs, lagoons and outer slopes in 2-183 m."
1410,77e89552-9cbc-5de4-8140-8f8e7bc733fe,,Rudarius punctatissimum,pending_review,identity confidence is below the inclusion threshold; account transcription confidence is not high; printed identity is incomplete; identification descriptions are not high-confidence transcriptions,True,SRC-A77D7919,243,244,tl,low,61.5,medium,,,"1D: Pink, to silvery fine: spotting end jadiesind thtpes: spiny Deal Ay with wee ie, od order anc row of wit spota below. 7 Solikary.or form groupe. Tide pools, reef flate and sub-tidel reefs to 30m"
1411,5103e3a6-1bf6-511b-9383-342d790f2c0d,Redcoat Squirrelfish,Sargocentron rubrum,pending_review,identity confidence is below the inclusion threshold; account transcription confidence is not high; identification descriptions are not high-confidence transcriptions,True,SRC-78A6AB94,244,245,ml,high,94.5,medium,,,"ID: Altemating reddish brown and white stripes; often dark streak on tail base and on bases of rear dorsal and anal fins. Solitary or form small groups. Frequently on silty reefs and wrecks in lagoons, bays and harbors to 84 m."
1412,f47a6652-ff26-547c-913a-c0d94e7ae3be,Sabre Squirrelfish,Sargocentron spiniferum,pending_review,identity confidence is below the inclusion threshold; account transcription confidence is not high; identification descriptions are not high-confidence transcriptions,True,SRC-32177306,244,245,tr,high,96.1,medium,,,"ID: Large; red with vertical silvery streak on each scale, anal and ventral fins often yellowish: prominent cheek spine. Solitary or in pairs; often inside caves and ledges. Lagoon and seaward reefs to 122 m."
1413,6ffb4a3d-0e17-55c3-b797-595963b47c0c,Tahitian Squirrelfish,Sargocentron tiere,pending_review,identity confidence is below the inclusion threshold; no identification description,True,SRC-992DE660,243,244,bl,medium,76,high,,,
1414,6bfd706f-72b8-5b6f-8ba5-062a0a385945,Pink Squirrelfish,Sargocention tiereoides,pending_review,identity confidence is below the inclusion threshold; account transcription confidence is not high; identification descriptions are not high-confidence transcriptions,True,SRC-955AB792,243,244,ml,medium,81.1,medium,,,"ID: Altemating silvery pink and red stripes; bright red spiny dorsal fin with white spine tips, other fins mainly transparent to pinkish. Solitary or form small groups. Seaward and lagoon teefs in 6-45 m, usually below 15 m."
1415,9d056ce9-4429-5731-baec-f8ffc239e6a5,Violet Squirrelfish,Sargocentron violaceum,pending_review,identity confidence is below the inclusion threshold,True,SRC-AD4C41D8,244,245,tl,high,95.8,high,,,"ID: Red head, body purplish to brownish red with vertical bluish streak on each scale: rear margin of gill cover blackish. Coral-rich clear water lagoons and seaward reefs to 25 m."
1416,186cd671-2be8-5a1a-8a73-a953fa9ea1b1,Clouded Lizardfish,Saurida nebulosa,included,,True,SRC-E3B5D152,296,297,bl,high,100,high,,,"ID: Very similar to Slender Lizardfish |previous], but distinguished by its shorter pectoral fins, rear edge does not extend to above ventral fin base or 4-6 scales from ist dorsal fin. Solitary. Sand and silt bottoms in 2-60 m."
1417,cc6878fc-d324-5ffa-bb0f-a73f7640a96a,Striped Whiptail,Scaevius vitta,pending_review,identity confidence is below the inclusion threshold; account transcription confidence is not high; identification descriptions are not high-confidence transcriptions,True,SRC-6A8D93D1,112,113,br,medium,80.6,medium,,,"ID: Light gray; dark mid-lateral stipe with diffuse white . borders, often a broad dusky to blackish area along upper edge of belly. Solitary or form smail groups. Coastal reefs in 1-30 m. | «= ID: Light gray; dark mid-lateral stripe: ora clo tar cushy to backs oes rth tte wie ton of belly. Solitary or form small groupe. Coastal)"
1418,6688a6bf-1daa-5bb6-b3b3-5eafa96e06cb,Chameleon Parrotfish,Scarus chameleon,pending_review,account transcription confidence is not high; identification descriptions are not high-confidence transcriptions,True,SRC-652C9E62,181,182,ml,high,100,medium,,,"ID: T?- Blue to green; broad area of pale salmon behind pectoral fin, blue-green band links eyes and narrow green band around mouth, Can quickly alter or intensify color. Coral- rich areas of lagoon and seaward reefs to 35 m."
1419,27d10743-0c9b-508c-8d44-54ed1416c1a1,Yellow-barred Parrotfish,Scarus dimidiatus,pending_review,account transcription confidence is not high; identification descriptions are not high-confidence transcriptions,True,SRC-563B81D6,180,181,ml,high,100,medium,,,"ID: TP - Dark bluish to greenish gray with large blue-green to green area over nape and upper forebody; dark and pale band from eye to pectoral fin, Lagoon and seaward reefs to 25 m."
1420,17ac75e3-9f5b-5840-9208-d0cee6f567c9,Festive Parrotfish,Scanus festivus,included,,True,SRC-1217B8E7,187,188,tl,high,100,high,,,"ID: TP/® - Blunt forehead; green with orange to violet scale edges, large yellow-green spot on tail base, green bands around mouth and radiating from eye. Solitary and rare. Lagoon. and seaward reefs in 3-30 m."
1421,5f33a92f-7e8b-5085-b157-180624ce6921,Chameleon Parrotfish,Scarus flavipectoralis,included,,True,SRC-4DFBBAA8,180,181,tl,high,100,high,,,"ID: TP - Blue to green, bicolored with light head and forebody and dark behind; green band from snout to rear gill cover yellowish patch on tail base. Solitary or form groups. Coastal Jagoon and outer reefs in 8-40 m."
1422,e720e2fb-2891-5906-8453-f97914c5047a,Bluepatch Parrotfish,Rudarius forsteni,pending_review,identity confidence is below the inclusion threshold; identification descriptions are not high-confidence transcriptions,True,SRC-0BF43F27,181,182,tl,low,20.9,high,,,"1D: 1? - Green with pink scale edges; darkich “cap” on upper head, eee cogent bend enous mneurd, occasionally Lagoon pik: and central body. Solitary or form: smelt groups. sewer’ Teche 3 30m"
1423,bc077bad-c91f-57fc-8bb6-f5fe435dc718,Bridled Parrotfish,Scamus frenatus,pending_review,account transcription confidence is not high; identification descriptions are not high-confidence transcriptions,True,SRC-E28A40C7,181,182,bl,high,100,medium,,,"ID: TP - Shades of green, abrupt transition from dark to light green on tail base; pale green bands around mouth. Usually solitary. Seaward slopes and reef crests to 25 m."
1424,1410fb17-8e94-5eb9-9b3b-eeabcd521f7f,Blue-barred Parrotfish,Scarus ghobban,pending_review,account transcription confidence is not high; identification descriptions are not high-confidence transcriptions,True,SRC-AE08BCC3,182,183,ml,high,100,medium,,,ID: ¥? - Yellow to yellowish brown undercoior with large blue- green scale markings; blue-green band markings around mouth and borders of tail. Solitary. Sheltered silty inshore reefs and areas of sand and rubble in 2-30 m.
1425,4e7813a0-9c65-5bd8-baa3-3bf91f1cf00d,Violet-lined Parrotfish,Scarus globiceps,pending_review,account transcription confidence is not high; identification descriptions are not high-confidence transcriptions,True,SRC-7AF8A149,183,184,tl,high,100,medium,,,"ID: TP - Small; shades of green and blue with salmon-pink scale margins; numerous green broken lines and spots on upper head and pale lower head, 2-3 violet stripes on betly. Solitary Reef flats, lagoons and seaward reefs to 30 m."
1426,1f44e1ce-3010-581a-89a0-3fbc2566afc1,Marquesan Parrotfish,Scarus koputea,pending_review,account transcription confidence is not high; identification descriptions are not high-confidence transcriptions,True,SRC-225981DE,187,188,ml,high,100,medium,,,ID: TP -- Gray head and body with black scale margins: yellow- green tail base and white stripe on side of snout. IP - Shades of red with black scale margins; white patch on lower side and white stripe on anal fin base. Inner bays and cuter reef slopes to 18 m.
1427,d681dc63-720b-55ae-af88-433aca2dc8a4,Highfin Parrotfish,Scatus longipinnis,included,,True,SRC-2E8B9950,187,188,bl,high,100,high,,,"ID: TP - Purple with wide pale bar on forebody; green band runs. from eye to pectoral fin; high rounded yellow dorsal fin elongate tail lobes. P - Light brownish orange, often with dark bars. Clear outer slopes and atoll reefs in 10-55 m."
1428,240376be-07a0-5ec1-9a8d-00348a775119,Swarthy Parrotfish,Scarus niger,included,,True,SRC-F100F0F9,186,187,mr,high,100,high,,,"ID: TP - Dark reddish brown becoming purplish green with size red lips; yellow to green spot or streak behind eye, dark bands around mouth. Solitary except during courtship. Coral- rich areas to 20m."
1429,90b99f85-a0af-56dc-a9aa-0e080b1696ea,Dark-capped Parrotfish,Scarus oviceps,included,,True,SRC-EC1C41A5,180,181,bl,high,100,high,,,"ID: TP - Blue-green with narrow pink scale margins, lime green and dark blue-green pectoral fin; upper head and forebody darker shade of purple. Solitary. Reef flats, lagoons and outer slopes to 20 m."
1430,8bc9ba83-c563-5a49-a063-acd259172368,Greenthroat Parrotfish,Scarus prasiognathos,pending_review,account transcription confidence is not high,True,SRC-CAD9D4B6,182,183,bl,high,100,medium,,,"pw ‘¥P + Dark green With yellowish upper head and. (Often form tage ‘below; broad green band across snout. ‘aggregations. Reef fiat end agaveend stapes: in 3-26.00,"
1431,d022ddd2-e41c-50aa-a18a-b80c2c87a421,Palenose Parrotfish,Scarus psittacus,pending_review,account transcription confidence is not high; identification descriptions are not high-confidence transcriptions,True,SRC-13E36E56,183,184,ml,high,100,medium,,,ID: TP - Yellow to green with salmon-pink scale margins lavender-gray snout and bluish tail. Form groups. Reef flats lagoons and seaward slopes in 2-25 m.
1432,05e77f13-d929-56f4-9097-9c9c8ffbe402,Quoy's Parrotfish,Scams quoyi,pending_review,identity confidence is below the inclusion threshold; account transcription confidence is not high; identification descriptions are not high-confidence transcriptions,True,SRC-2D94B096,187,188,mr,high,98.7,medium,,,"ID: TP - Small; shades of green to pinkish gray; Lime green saddle on upper tail base, green ""moustache"" and cheek. Solitary or form small groups. Sheltered inshore reefs, occasionally on outer slopes in 2-18 m."
1433,7c6256b3-846b-514c-a6ff-732fcf400927,Surf Parrotfish,Scarus rivulatus,pending_review,account transcription confidence is not high; identification descriptions are not high-confidence transcriptions,True,SRC-0AC1C757,183,184,bl,high,100,medium,,,"ID: IP- Green to blue body, bright green pectoral fins; orange Patch on gill cover, wavy green bands/lines on head. Form schools. Silty coastal reefs, lagoons and seaward reefs to 20 m."
1434,43a34ac4-0d2d-5189-9b01-f6a83308e119,Redlip Parrotfish,Scarus rubroviolaceus,pending_review,account transcription confidence is not high; identification descriptions are not high-confidence transcriptions,True,SRC-3174E7C3,185,186,ml,high,100,medium,,,"ID: TP - Shades of green, often bicolor with darker forebody green to blue band on upper lip and double bands on chin fAumerous blue to blue-green stripes on tail. Solitary or in pairs. Outer reef slopes to 30 m."
1435,1af04763-7e8e-5734-9d15-ca4d5819edf6,Eclipse Parrotfish,Rudarius russellii,pending_review,identity confidence is below the inclusion threshold; account transcription confidence is not high; identification descriptions are not high-confidence transcriptions,True,SRC-9C27BA42,184,185,ml,low,,low,,,"‘¥O: TP - Blue to purple to purpiish green head and: and ‘Pectoral fins, yellow iat ctieek; bands on head. Solitexy. Mainly On cuter reef siopes in 6-16 m."
1436,403488eb-ab56-5c2e-b69e-bd7e4daf3f8f,Yellowbar Parrotfish,Scarus schlegeli,pending_review,account transcription confidence is not high; identification descriptions are not high-confidence transcriptions,True,SRC-F4387E7F,184,185,tl,high,100,medium,,,"ID: TP - Dark green to blue except lighter on upper head and foteback; short bright yellow bar on mid-back continues as pale bar below. Solitary or groups. Coral-rich areas of coastal, lagoon and outer reefs to 50 m."
1437,2f63169e-61f1-54f8-a019-10bf89067bc9,Greensnout Parrotfish,Scarus spinus,included,,True,SRC-7D3A3544,184,185,bl,high,100,high,,,"ID: TP Small; green to hive hody, green snout and nape and yellows to yellow-green check/Gal cover. . Solitary. Guterretis"
1438,9a681693-fa76-5e5a-a471-57c36fba722a,Tricolor Parrotfish,Scarus tricolor,pending_review,identity confidence is below the inclusion threshold; account transcription confidence is not high; identification descriptions are not high-confidence transcriptions,True,SRC-94043FF5,185,186,tl,high,83.2,medium,,,"ID: TP - Shades of green, often with strong tints of pink or yellow on sides; green bands around mouth; dorsal and anal fins and jong, pointed lobes of tail lavender-pink with dark margins. Solitary. Outer slopes in 10-40 m."
1439,7cb4d34b-1f87-51f3-a830-0e80491137d1,Greenlip Parrotfish,Scanus virdifucatus,pending_review,account transcription confidence is not high; identification descriptions are not high-confidence transcriptions,True,SRC-E606E3D4,187,188,tr,high,100,medium,,,"ID: TP - Shades of green to blue to purplish; blue-green cheek/gill cover with variable mark behind mouth, blue borders on dorsal, anal and tail fins. - Dark brown. Solitary. Coastal lagoon and outer reefs to 15 m."
1440,2b8b9073-904b-53a8-9448-4ac3b84d2b53,Red Parrotfish,Scarus xanthopleura,pending_review,account transcription confidence is not high; identification descriptions are not high-confidence transcriptions,True,SRC-9D3366FF,185,186,bl,high,100,medium,,,"ID: TP - Green with pink scale margins, dark green lips irregular dark green patch on lower cheek and chin, faint banding or spotting on head. Solitary. Clearwater lagoons and seaward reefs in 3-30 m."
1441,17d78915-7e7a-50d8-a622-98f9b9e26191,Scheele’s Conger Eels,Anosoma scheelei,pending_review,identity confidence is below the inclusion threshold,True,SRC-11BABC21,446,447,ml,high,91.7,high,,,"ID: Gray to brown with row of pale spots along hase of dorsal fin, all fins translucent; well-developed pectoral fins, large eye with white iris. Solitary and cryptic, occasionally in open at Night. Sheltered bays and lagoon reefs in t-10 m."
1442,97e4d6b4-deef-5bf8-bd8c-02028400bd62,Striped Large-eye Bream,Scolopsis auratus,pending_review,identity confidence is below the inclusion threshold; account transcription confidence is not high; identification descriptions are not high-confidence transcriptions,True,SRC-C190BF83,116,117,tr,high,86.6,medium,,,"ID: Yellowish to greenish to bluish pale gray upper body and whitish belly; broad yellow micklateral stripe, dark diffuse band between eyes. Solitary or form small groups. Sandy bottoms of lagoons and coastal reefs in 1-30 m."
1443,c66911bb-4da3-5aba-8896-86ce06165600,Bridled Monocle Bream,Scolopsis bilineatus,pending_review,identity confidence is below the inclusion threshold; account transcription confidence is not high; identification descriptions are not high-confidence transcriptions,True,SRC-048C3C5E,113,114,tr,medium,77.8,medium,,,"ID: Dark gray to yellow upper body, white below; black-edged white band runs from below eye to rear of dorsal fin, 3 yelow stripes on upper head. Solitary or form small groups. Sand and rubble fringe of reefs to 25 m. | m ay back with blue to white tripe and wiser bight behind upper Lhelegetinuannsing tear ne on ehesk. Solitary ‘or foun groups, Mixed sand of coastal and lagoon reais to 36:m. Winet Danifiie F. Guisemost anc Uintinne ta in Indanasio en | Oridled Mlonecle Bream - Juvenile or ae be end stripes on hala et pee wba oo se FH tac te end nibble fringe cf reefs to 25m."
1444,356512ae-b9f8-5744-9b3d-743cb1371b3e,Whitestreak Monocle Bream,Scolopsis ciliatus,pending_review,identity confidence is below the inclusion threshold,True,SRC-D5E8FC04,114,115,ml,high,97,high,,,"ID: Pale gray body; 2-4 longitudinal rows of orange spots on side, white streak below base of dorsal fin. Solitary or form groups, Sandy fringe of coastal and lagoon reefs in 2-25 m. Frequent silty areas. | See ee ae tent be Galtey on p body; 2-4 longitudinal: orange esos andy conn en nga ton ng"
1445,ce8eb9e0-8bbe-5358-bd28-9d2d80d02b49,Arabian Monocle Bream,Scolopsis ghanam,pending_review,identity confidence is below the inclusion threshold,True,SRC-F3168B76,114,115,bl,high,96.2,high,,,ID: Altemating pale gray to black and white stripes on upper body and white below with rows of black spots. Solitary or form small groups. Coastal reefs and lagoons in 2-25 m.
1446,912d75ec-3aad-5f79-8f41-7d97ea37c549,Striped Monocle Bream,Soolopsis lineatus,pending_review,identity confidence is below the inclusion threshold; account transcription confidence is not high; identification descriptions are not high-confidence transcriptions,True,SRC-572FF74E,115,116,bl,medium,73.2,medium,,,"ID: Dark gray to blackish upper body with 2-3 white stripes and irregular whitish bars, white below. Solitary or form groups. Sandy fringe of coastal reefs, lagoons and seaward slopes in 1-20 m_ | ‘ID: Dark gry to binckish upper: ‘with 2-3 wiiltestripas oe oben han Wine boon below. Solitary or form pc Senin rae, “ a ‘opes in,"
1447,081b6eca-5346-5a4a-ba7f-9e55e56a7ab7,Pearly Monocle Bream,Scolopsis margaritifer,pending_review,identity confidence is below the inclusion threshold,True,SRC-3000CB3B,114,115,tl,high,98.3,high,,,"ID: Pearly shades of gray; frequently 2-3 longitudinal rows of yellow spots on side and yellow pectoral fin base, two narrow whitish bars below rear dorsal fin. Solitary or form groups. Sand and rubble fringe of coastal reefs and lagoons in 2-25 m."
1448,958b3bac-c455-56b6-a38c-e58ab373c839,Monogram Monocle Bream,Scolopsis monogramma,pending_review,identity confidence is below the inclusion threshold,True,SRC-54324AFF,115,116,ml,high,97.7,high,,,ID: Pale gray to whitish body: biue band between eyes and margin on yellowish tail; often display elongate brown biotch on side with adjacent yellowish areas. Solitary or form small groups. Sandy fringe of coastal reefs lagoons in 2-50 m.
1449,8105113a-8586-5f7e-a23c-ff52a8a5d0ac,Lattice Monocle Bream,Soolopsis taeniopterus,pending_review,identity confidence is below the inclusion threshold; account transcription confidence is not high; identification descriptions are not high-confidence transcriptions,True,SRC-CD249E7D,113,114,br,high,98.3,medium,,,"ID: Yellowish gray upper body and white below; dark mid- lateral stripe; red spot on pectoral fin base, bluish stripe or patch on snout extends between eyes. Solitary or form groups shy. Sandy fringe of reefs or muddy estuaries in 2-25 m."
1450,30310b45-853e-58d8-b2bc-a122cfa1ca6b,Rainbow Monocle Bream,Scolopsis temporalis,pending_review,identity confidence is below the inclusion threshold,True,SRC-90EB3E0E,113,114,tl,high,95.7,high,,,"ID: Gray back with pale blue to white stripe and wider bright stripe below; pair of blue bands between eyes, darkish spot behind upper rear eye, narrow orange line on cheek. Solitary or form groups. Mixed sand of coastal and lagoon reefs to 35 m."
1451,e444ca2a-3977-5a1c-99c6-d39a82edf68f,Three-lined Monocle Bream,Scolopsis trilineatus,pending_review,identity confidence is below the inclusion threshold,True,SRC-CDC31760,113,114,bl,high,98,high,,,"ID: Shades of gray: 3 white to yellowish curving lines extend from eye to back and base of dorsal fin, dark band between eyes with bluish band above. Solitary or form groups. Sheltered coastal reefs and lagoons in 1-10 m."
1452,e68a0173-9be4-5e4a-8539-3cba1becdb2e,Whitecheek Monocle Bream,Scolopsis vosmeni,pending_review,identity confidence is below the inclusion threshold; account transcription confidence is not high; no identification description,True,SRC-5A0379FE,116,117,tl,medium,76,medium,,,
1453,7b8409bd-09ca-573f-9342-b2b4a0b6a78d,Pearl-streaked Monocle Bream,Scolopsis xenochrous,pending_review,identity confidence is below the inclusion threshold,True,SRC-E8000A33,115,116,br,high,97.7,high,,,"ID: Brownish body with pale underside; brown-edged diagonal blue streak behind head followed by a series of brown spots and elongate pearly streak. Solitary or form groups. Rubble areas of coastal reefs, lagoons and outer slopes in 5-50 m."
1454,1ed69ae9-7908-5c6c-a862-fb0c44624635,Talang Queenfish,Scomberoides commersonnianus,pending_review,account transcription confidence is not high; identification descriptions are not high-confidence transcriptions,True,SRC-5D98529A,128,129,ml,high,100,medium,,,"ID: Silver with single row of large dark spots on upper body. Solitary or form groups. Coastal reefs, lagoons and outer slopes to25m."
1455,0dc6da64-a7a8-5ad9-a36e-fac980ee5dd5,Double-spotted Queenfish,Scomberoides lysan,pending_review,identity confidence is below the inclusion threshold; account transcription confidence is not high; identification descriptions are not high-confidence transcriptions,True,SRC-4478F8C0,128,129,mr,high,97.1,medium,,,"ID: Silver with double row of 6-8 dusky round biotches on side black spot on tip of fore lobe of rear dorsal fin. Often form small schools. Coastal reefs, lagoons and outer slopes to 100 m."
1456,fe105937-98cd-5e29-ac6b-417a66121c7f,Guam Scorpionfish,Scorpaenodes guamensis,pending_review,identity confidence is below the inclusion threshold; account transcription confidence is not high; identification descriptions are not high-confidence transcriptions,True,SRC-D6670F7F,374,375,ml,high,98.7,medium,,,"ID: Relatively elongate body; blotchy shades of brown with distinct dark spot on gill cover. Solitary and cryptic noctumal feeders. Rubble, rocks and coral crevices of reef flats and lagoons to 12 m."
1457,94505d89-7965-5349-8784-fa3b56028079,Hairy Scorpionfish,Scorpaenodes hirsutus,pending_review,identity confidence is below the inclusion threshold; account transcription confidence is not high; identification descriptions are not high-confidence transcriptions,True,SRC-3EE661CB,374,375,mr,high,98.4,medium,,,"ID: Small relatively elongate body with scattered skin flaps on head: red with brown blotches, darkish blotch on pectoral fin. Solitary, rarely in open except at night. Caves and crevices of lagoon and outer reef slopes in §-50 m."
1458,1334f447-c6c8-54f2-8891-e6c011df2d77,Cheekspot Scorpionfish,Scorpaenodes littoralis,pending_review,identity confidence is below the inclusion threshold; account transcription confidence is not high; identification descriptions are not high-confidence transcriptions,True,SRC-74357BD3,374,375,bl,high,99,medium,,,ID: Blotchy red body with variable brown markings on head Ted iris and pale-edged dark spot on lower edge of gill cover. Solitary and nocturnal. Caves and crevices of among rocks of seaward reefs in 3-25 m.
1459,7b96ef03-0d67-5f5b-adc4-b43f6f57d00b,Flasher Scorpionfish,Rudarius macrochir,pending_review,identity confidence is below the inclusion threshold; account transcription confidence is not high; identification descriptions are not high-confidence transcriptions,True,SRC-C6373988,376,377,tr,low,16.9,low,,,"‘Flanker Scarploufish - Orenge Phase ‘near river mouthe; aleo ocours on deep clishore trawi grounds, a Te | ‘ID: Inner surfaces of pactoral fin is brilliant yeRow-ceange with jaolnted black spots and wide black border. Similar Devil ‘Scorpionfish [previous} lecks this border."
1460,565e9c8f-ddd9-5d9d-9bd1-cdfeb7883260,Bandtail Scorpionfish,Scomaenopsis neglecta,pending_review,identity confidence is below the inclusion threshold,True,SRC-AD207543,375,376,br,high,98.4,high,,,"ID: Similar to Flasher Scorpionfish [following page|, but bony ridge above eye serrated, head profile not as steep and snout mote humped; colors highly variable. Solitary. Open sand and mud bottoms of seaward reefs to 40 m. | 1D: Similar to Flasher Soorplonfish nig pagel, ut bony Tndbonin deeawed tes ada. | Devil Scerplealich - Brown Phase. wih ood black Dk, spots, similar ar Flasher Met Saoetsa (otowtae has bond Black border: Jength Of snot I Gy Giameter, similar Flasher's snout about sequal to dimnater of eye. ee"
1461,37716efe-6d45-5389-82bd-fad7ec3195e7,Tasseled Scorpionfish,Scorpaenopsis oxycephala,included,,True,SRC-0388C7F7,376,377,mr,high,100,high,,,"ID: Long humped snout, eye cirri absent in adults, prominent skin tassels on lower head; small scales (60-65 in lateral row on side). Highly variable color and markings. Solitary. Coral and rocky bottoms to 43 m."
1462,80e3a33a-3742-5cfd-9cc2-7213cf37dad3,Shortfin Scorpionfish,Scorpaenodes parvipinnis,pending_review,identity confidence is below the inclusion threshold; account transcription confidence is not high; identification descriptions are not high-confidence transcriptions,True,SRC-4A9ADFFF,375,376,tl,high,96.3,medium,,,"ID: Blotchy shades of red to brown; very short dorsal fin (longest spine usually less than the eye diameter). Solitary. Reef crevices of coastal. lagoon and outer reefs to 50 m. | ID: Hlochy shades of rod to brown; very short dora] fin Reef crevipes of conata, Lagoon and ctv roets bo 60 m-"
1463,fbbe0156-e379-55fb-9750-8859b4d19144,Poss’s Scorpionfish,Scorpaenopsis possi,pending_review,identity confidence is below the inclusion threshold; account transcription confidence is not high; identification descriptions are not high-confidence transcriptions,True,SRC-3AD6E927,377,378,tl,medium,76.4,medium,,,3D: Sinailax to Taspéled Scorpionfieh and Papuan Scomionfish rgb pice get er: aap ip nen to amon ‘aheatt or shumer than eye diameter; usually sit bottom. Gaeal reefs wD shades blending with i air nae alee ee Hina Whannicinint Tm $55 TR
1464,49a77e18-9137-56d8-83ee-ec9cd2db3e8d,Blotchfin Scorpionfish,Scorpaenodes varipinnis,pending_review,identity confidence is below the inclusion threshold; account transcription confidence is not high; identification descriptions are not high-confidence transcriptions,True,SRC-420AD522,374,375,br,medium,77.6,medium,,,"ID: Small; blotchy shades of dark brown; dark blotch on outer edge of rear dorsal fin spines, dark band on pectoral fin near base, red marks around eye. Solitary, in open at night. Reef crevices of reef flats, lagoons and seaward reefs to 200 m."
1465,ac9fddd9-27ac-5f4d-bd0b-22f772469afb,Tiger Snake Moray,Rudarius tigrina,pending_review,identity confidence is below the inclusion threshold; identification descriptions are not high-confidence transcriptions,True,SRC-BC2C16D0,442,443,ml,medium,65.3,high,,,1D; Yellowish to seddiah tan with lange rough edged spots ‘ead scattered smaller spots between; nearly cylindrical with. fins (except at tail tip). Sotitary. Inhabit ledges and crevices: ‘of lagoon and seawand reels in 8-25 m:
1466,0ba171f4-631d-5cac-9d83-aa0e1c333475,Mauritius Scorpionfish,Sebastapistes mauritiana,pending_review,identity confidence is below the inclusion threshold,True,SRC-679C1BDF,377,378,br,high,98.4,high,,,"ID: Small, deep pit on top of head behind eyes and pair of strong bony ridges associated with spine between eyes; color variable, usually red to greenish brown with white blotches. Solitary and cryptic. Exposed reef flats and lagoon margins to $ m."
1467,454ba7ab-dabc-5717-a7f2-0a3685080bfb,Oxeye Scad,Selar crumenophthalmus,pending_review,identity confidence is below the inclusion threshold,True,SRC-BBCA7674,129,130,ml,medium,76.8,high,,,"ID: Silvery, often with yellow stripe on side: deep-body {compare with more slender body of Russell's Mackerel Scad {next}); large eye (diameter greater than snout length), scutes only on rear lateral line. Form schools. Coastal reef and lagoons to 170m."
1468,36f4cf39-dee5-5af1-aea1-3f5671a42028,Almaco Jack,Seriola rivoliana,pending_review,identity confidence is below the inclusion threshold,True,SRC-46C0A7D0,127,128,bl,high,98.7,high,,,"ID: Silvery; high back profile; dark band runs from lip across eye to front of dorsal fin. Form schools, Pelagic, but occasionally over reefs; often around floating objects."
1469,fce30641-92b9-5a00-b2bd-97aa7cfdaec0,White-spotted Rabbitfish,Siganus canaliculatus,included,,True,SRC-20A62336,58,59,ml,high,100,high,,,"ID: Greenish to yellow-brown with numerous bluish white spots {change to mottled pattern when resting on bottom) often dark spot behind upper gill opening. Form aggregations. Most common on seagrass flats to 4 m. | spots (change to zktiod pattorn whan rosting on bottom); Siem connion cn opege tees team tndo-Asian Pactii Arabian Gulf to, China Sea and Tatwan, south to Grout Barrier Reef,"
1470,0a1fb673-d20d-560d-bd75-3e10ab34ea45,Coral Rabbitfish,Siganus corallinus,pending_review,identity confidence is below the inclusion threshold,True,SRC-8959D634,57,58,tr,high,86.6,high,,,"ID: Yellow-orange undercolor with numerous blue spots darkish eye bar, may display pattem of dark smudges on back. Jovenile - Form small schools in shallow seagrass beds: adults pair in coral-rich areas to 18 m."
1471,d11f5668-8ca7-5d21-b732-8663c51ca45e,Barred Rabbitfish,Siganus doliatus,included,,True,SRC-E58676DD,56,57,tl,high,100,high,,,ID: Light blue to whitish with intricate pattem of thin yellow and blue lines; pair of dark bands on head and forebody. May hybridize with Virgate Rabbitfish [next]. In pairs or small groups. Inshore and outer reefs in 2-15 m.
1472,a61a04fd-0159-51d6-a385-b1c7baf193a5,Dusky Rabbitfish,Siganus fuscescens,included,,True,SRC-A74E542B,58,59,tr,high,100,high,,,"ID: Gray to bluish gray with numerous small gold spots slightly lunate tail. Form feeding schools over grass beds at high tide, retreat to deeper lagoons at low tide. Costal reefs inner reefs of deep lagoons and sea grass beds to 4 m."
1473,8fdb02ac-38da-55bd-b95b-e5cd764404fa,Java Rabbitfish,Siganus javus,pending_review,account transcription confidence is not high; identification descriptions are not high-confidence transcriptions,True,SRC-3088B570,56,57,br,high,100,medium,,,"ID: Pale gray with numerous bluish white spots and wavy gray lines, yellowish head and dorsal and anal fins; large black blotch on tail. Solitary or form small groups. Coastal reefs occasionally in brackish water mangroves to 15 m."
1474,50e8b5f2-0196-5811-8c51-2d1366ac10ce,Magnificent Rabbitfish,Siganus magnificus,included,,True,SRC-B7BF5889,59,60,ml,high,100,high,,,"ID: White head, blackish upper body becomes pale below yellow pectoral, anal and tail fins: black band from protruding . snout to dorsal fin. In pairs. Coral-rich areas in 2-20 m. '"
1475,5e0ffdaa-6336-59cd-84b2-64ebd7b11232,Blackeye Rabbitfish,Siganus puelloides,pending_review,identity confidence is below the inclusion threshold; account transcription confidence is not high; identification descriptions are not high-confidence transcriptions,True,SRC-5D4E5C5E,57,58,tl,medium,78,medium,,,"ID: Pale blue undercolor with close-set yellow spots; dark marking under chin and dark area around eye are remnants of achin to eye band on juveniles. In pairs; feed on algae, tunicates and sponges. Reef flats and along dropoffs to 15 m."
1476,86469bc1-8f0a-59db-b4ef-f884cae83e48,Masked Rabbitfish,Siganus puellus,pending_review,account transcription confidence is not high; identification descriptions are not high-confidence transcriptions,True,SRC-98272F79,56,57,ml,high,100,medium,,,ID: Yellow with wavy broken blue lines arranged vertically on forebody and horizontal on tear; black bar across eye. In pairs feed on tunicates and sponges. Rich coral areas in 3-12 m.
1477,93973839-99ed-53e9-8e75-52d0a0304507,Fine-spotted Rabbitfish,Siganus punctatissimus,pending_review,account transcription confidence is not high; identification descriptions are not high-confidence transcriptions,True,SRC-6FCA8B96,57,58,bl,high,100,medium,,,"ID: Purplish brown and with numerous close-set pale blue to brown spots, rear dorsal and anal fins black; deeply forked tail with dark edging. In pairs; feed on algae. Lagoons and along reef slopes in 3- 30m."
1478,7622ff5b-aee9-5935-9a3d-6987251c73d9,Gold-spotted Rabbitfish,Siganus punctatus,pending_review,identity confidence is below the inclusion threshold; account transcription confidence is not high; identification descriptions are not high-confidence transcriptions,True,SRC-505FA42E,57,58,mr,high,96,medium,,,ID: Pale brown to blue with pattern of close-set dark-edged brown to orange spots; may display pale saddle on tail base large dark spot behind gill cover. in pairs. Coral areas in 1-40 m.
1479,950d67ec-e080-51bb-9fb0-da4c91115aa0,Randall's Rabbitfish,Siganus randalli,pending_review,account transcription confidence is not high; identification descriptions are not high-confidence transcriptions,True,SRC-24081DC5,57,58,br,high,100,medium,,,ID: Brown with a covering of bluish spots; maze-like markings on tail and lower rear body. Form schools. Rubble and sandy areas of coral lagoons and bays to 16 m.
1480,ae7053e2-0c00-5ec8-b8fc-3dbd0054f0a1,Honeycomb Rabbitfish,Siganus stellatus,pending_review,account transcription confidence is not high; identification descriptions are not high-confidence transcriptions,True,SRC-0CAE516D,57,58,ml,high,100,medium,,,"ID: Whitish undercolor with numerous close-set black polygonal spots forming honeycomb network; white edging on rear dorsal, anal and tail fins. In pairs. Lagoon and seaward reefs to30m."
1481,3fb56eb5-43b1-5eff-9bc6-2ae2d2526d57,Onespot Rabbitfish,Siganus unimaculatus,pending_review,identity confidence is below the inclusion threshold; account transcription confidence is not high; identification descriptions are not high-confidence transcriptions,True,SRC-ECA2E694,59,60,tl,high,96.7,medium,,,"ID: Yellow body with elongate black blotch; white head with black band from protruding snout to dorsal fin, black edge on. gill cover. Solitary or form small groups, Coral-rich areas, often ' shelter in staghom corals, to 30 m."
1482,6ae9a76b-f982-578e-930e-7f9533d3bc4f,Bicolor Rabbitfish,Siganus uspi,pending_review,identity confidence is below the inclusion threshold,True,SRC-EF053470,59,60,mr,high,99.9,high,,,"ID: Chocolate-brown to rear dorsal and anal fin then abruptly yellow to tail, yellow pectoral fins; protruding snout. In pairs. Coral-rich areas of lagoons and seaward reefs to 8 m."
1483,1107cfb1-aa8a-598b-b795-7b248e8fb434,Vermiculate Rabbitfish,Siganus vermiculatus,included,,True,SRC-C9464ADA,58,59,br,high,100,high,,,ID: Bluish white undercolor with maze of wavy yellowish brown bands; small dark spots on tail with straight margin. Usually form groups. Young occur in shallow brackish areas adults inhabit sheltered reefs to 15 m.
1484,23e9f819-959b-525c-9295-1d6f51b4b97c,Virgate Rabbitfish,Siganus virgatus,pending_review,identity confidence is below the inclusion threshold; account transcription confidence is not high; identification descriptions are not high-confidence transcriptions,True,SRC-B3F7557F,56,57,tr,high,94.3,medium,,,"ID: Yellow upper body with pale biue spots, white lower body tail yellow; pair of dark bands.on head and forebody. Form smail to large groups. Usually inshore coastal reefs, often in turbid water to 12m."
1485,edd2c63a-a4b9-55ed-8c9a-af4400123b54,Foxface Rabbitfish,Siganus vulpinus,pending_review,account transcription confidence is not high; identification descriptions are not high-confidence transcriptions,True,SRC-22F8DD16,59,60,tr,high,100,medium,,,"ID: Yellow body; white head with black band from protruding snout to dorsal fin, black breast marking. Solitary or form groups. Coral-rich areas of lagoons and outer reefs, often shelter in staghom corals, to 30 m."
1486,f11a0939-d8be-52bf-9dc6-ff02c5a06035,Elongate Siphonfish,Siphamia elongata,pending_review,identity confidence is below the inclusion threshold,True,SRC-5BF76B9A,267,268,bl,high,97.6,high,,,ID: Silvery undercolor with large red-brown blotches; hint of large darkish spot on tail base; more elongate than similar Coral Cardinalfish (opposite). Form aggregations. Sheltered lagoon and coastal reefs in 5-25 m.
1487,ef188a0c-9bd4-559b-a62d-5e2273ba8ee1,Duskylined Siphonfish,Siphamia fuscolineata,pending_review,identity confidence is below the inclusion threshold; account transcription confidence is not high; identification descriptions are not high-confidence transcriptions,True,SRC-CE40D969,267,268,mr,high,98.9,medium,,,ID: Alternating dark and silver-white stripes of equal width transparent fins; can rapidly change to black. Form groups Shelter among Diadema urchin spines on sheltered reefs to 18m.
1488,10ef58a3-c8db-50ed-8253-b830d86e6809,Urchin Siphonfish,Siphamia tubifer,pending_review,identity confidence is below the inclusion threshold; account transcription confidence is not high; identification descriptions are not high-confidence transcriptions,True,SRC-74E1BF93,267,268,tl,high,89,medium,,,"ID: Altemating silver-white and biackish stripes, two upper black stripes about equal width of white, lower black stripe narrow. Form groups. Shelter among Diadema and Asthenosoma urchin. spines on sheltered reefs in 1-20 m. | api ieriperanpliasren pio. om. (t hs Vit.) ites wu vit te lp i ow For groupe. Shelter among Diadame and Asthanosome wichin ‘spines on shattered reefs in 1-20, ‘Asian Pacifie: Ratiahlv: imovmn aniv from Inttonania and"
1489,28c85e54-dca7-550a-a101-1695b809f441,Urchin Siphonfish,Siphamia versicolor,pending_review,identity confidence is below the inclusion threshold; account transcription confidence is not high; identification descriptions are not high-confidence transcriptions,True,SRC-56A97FE5,267,268,ml,high,97.6,medium,,,"ID: Silver-white with 3 narrow black stripes, transparent fins; can rapidly change to black. Form groups. Shelter among Diadema and Asthenosoma urchin spines on sheltered reefs to 18m."
1490,2e8e33b5-e283-55e5-84dd-bf913e0bb573,Halimeda Ghost Pipefish,Solenostomus halimeda,pending_review,identity confidence is below the inclusion threshold,True,SRC-ABD99508,424,425,tl,high,95.4,high,,,ID: Female - Green to whitish gray; fin lobes rounded resembling the leaf-like segments of Halimeda algae where they shelter. Solitary or in pairs. Sheltered coastal and lagoon reefs in 3-23 m.
1491,db29fd95-4cd1-54b5-8433-7ca5d993b646,Robust Ghost Pipefish,Rudarius paegnius,pending_review,identity confidence is below the inclusion threshold; account transcription confidence is not high; identification descriptions are not high-confidence transcriptions,True,SRC-EB9384B8,424,425,ml,low,43.6,low,,,"TD: Female/Wale Pole - Rod, greet, purplish, yellow or brown, ‘tten with darker mottling; ‘narrow Goteal fin, fan-like ventral and tail fins, short tall base. Solitary or in pairs, Coastal and lagoon reefs In 4-20 m."
1492,7f4dcbee-b5a6-52e9-b3bd-9816abcb378e,Ornate Ghost Pipefish,Solenostomus paradoxus,pending_review,identity confidence is below the inclusion threshold; account transcription confidence is not high; identification descriptions are not high-confidence transcriptions,True,SRC-B57132A5,423,424,tl,high,95.8,medium,,,"ID: Mole - Short, skin filaments on snout and body and fins with jagged edges giving “spiky appearance.” Solitary, small groups or more commonly in male/female pairs; usually remain in restricted home range. Coastal, lagoon and outer reefs in 4-35 m."
1493,14e4ca40-2ced-5790-b43a-8662f86f0f8f,Orbicular Cardinalfish,Sphaeramia orbicularis,pending_review,identity confidence is below the inclusion threshold; account transcription confidence is not high; identification descriptions are not high-confidence transcriptions,True,SRC-FA75A62F,266,267,bl,medium,79.9,medium,,,"ID: Pale gray with silvery reflections; narrow dark mid-body bar and variable-sized dark spots on rear body. Form aggregations. Around mangroves, debris and under wharves of sheltered bays and shoreline reefs to 3 m."
1494,6f8f742a-8c7a-5a57-85d2-dcfb43f5de59,Yellowtail Barracuda,Sphyraena flavicauda,pending_review,identity confidence is below the inclusion threshold; no identification description,True,SRC-92F2E1F0,130,131,tl,medium,78.7,high,,,
1495,4f5c29ce-fde4-56c8-b36d-4a9ca03ed9d5,Bigeye,Rudarius forsteri,pending_review,identity confidence is below the inclusion threshold; identification descriptions are not high-confidence transcriptions,True,SRC-592B9FAA,130,131,ml,medium,62.8,high,,,‘1D: Silvery; long cylindrical body and large undershing jaw ee ee ee ee ee ae and outer reef slopes to 900 m.
1496,398342ad-5116-54c5-8063-fc8f083a4b8c,Brass Striped Barracuda,Sphyraena helleri,pending_review,identity confidence is below the inclusion threshold; no identification description,True,SRC-DBE98BC1,130,131,tr,medium,77.6,high,,,
1497,97c21771-2647-584b-aaad-312b60acf30b,Pickhandle Barracuda,Sphyraena lello,pending_review,identity confidence is below the inclusion threshold,True,SRC-79FB0AAB,130,131,bl,medium,72.4,high,,,ID: Silvery with yellowish tail; long cylindrical body and large underslung jaw with pointed teeth: about 20 wavy bars primarily on upper half of the body. Form schools. Coastal Jagoons and outer reefs to about 60 m.
1498,b38a8305-b14a-5c21-8a32-f61a430b65f6,Blackfin Barracuda,Sphyraena qenie,pending_review,identity confidence is below the inclusion threshold,True,SRC-89157D8D,130,131,br,high,95.6,high,,,"ID: Silvery with dusky to dark tail with dark margin; long cylindrical body and large underslung jaw with pointed teeth; about 18-22 chevron-shaped dark markings on sides. Form large schools, Seaward reefs to 50 m."
1499,37d27ff0-d026-5d15-ac64-6a6178325368,Great Hammerhead Sergeant,Sphyma mokarran,pending_review,identity confidence is below the inclusion threshold,True,SRC-C9F5C500,455,456,tr,high,87.5,high,,,"ID: Gray with white underside; head flattened and extended to either side with front edge slightly curved, rear edge of ventral fin curved. Similar Scalloped Hammerhead [previous] distinguished by deeply scalloped “hammer”, Solitary and considered dangerous. Oceanic, rarely on reefs in 3-75 m."
1500,aff113a6-09b1-5b54-b005-ee29de95bd17,Japanese Gregory,Stegastes altus,pending_review,identity confidence is below the inclusion threshold; account transcription confidence is not high; identification descriptions are not high-confidence transcriptions,True,SRC-391E35A5,101,102,ml,high,95.6,medium,,,ID: Brown with darker scale margins; black blotch on front dorsal fin (not apparent in photo); lips whitish. Solitary or form loose groups. Among boulders of shoreline reefs in 5-20 m.
1501,c77a01f9-268f-5c1d-bb93-d747f3cf79f6,Australian Gregory,Stegastes apicalis,pending_review,identity confidence is below the inclusion threshold,True,SRC-0B3FCDC4,101,102,mr,high,97,high,,,ID: Brown with darker scale margins; yellow iris; red-orange margin on rear dorsal fin and upper lobe of tail. Usually solitary. Coastal reefs and inner parts of Great Barrier Reef to 5 m
1502,ac6546e8-f6ca-56bf-b995-af3721ca3f0f,Golden Gregory,Stegastes aureus,pending_review,identity confidence is below the inclusion threshold; account transcription confidence is not high; identification descriptions are not high-confidence transcriptions,True,SRC-33E42A7E,100,101,br,high,96.2,medium,,,"on tail base, small black spoton upper pectoral fin base. Solitary or form loose groupie. Reef fists, lagoons and outer reeks thm. —_Pactific: New Caledonia, Gilbert, Samoa, Phoenix, Line and “Marquesas Js. in French Polynesia:"
1503,0f82238b-860a-5687-818b-04960e2a24d7,Coral Sea Gregory,Stegastes fasciolatus,pending_review,identity confidence is below the inclusion threshold,True,SRC-7DA47ADC,100,101,ml,high,87.7,high,,,"ID: Dark brown with blackish scale margins; dusky stripe helow lower lip, violet streak below eye and scattered violet spots on lower head and body. Rock and coral reefs exposed to surge to § m."
1504,268b30e3-6b21-5a2d-810d-16f2755727df,Pacific Gregory,Stegastes gascoynei,pending_review,identity confidence is below the inclusion threshold,True,SRC-53677549,100,101,bl,high,87.1,high,,,"ID: Brown; dark scale edges form vertical lines on side yellow lower body and fins, golden iris; small black spot on upper pectoral fin base. Solitary or form loose groups. Coral and rocky reefs in 2-30 m."
1505,613e1049-ffbe-5967-b77d-6c493e17deb7,Bluntsnout Gregory,Stegastes lividus,pending_review,identity confidence is below the inclusion threshold,True,SRC-7F0AACC8,101,102,tl,medium,77.6,high,,,ID: Brown; large black blotch on base of rear dorsal fin and adjacent back (pale-edged biack spot in Indian Ocean) Form groups; “farm” algae; aggressive toward intruders. Shelter in dead staghorn corals to 5 m.
1506,bd82597c-15d5-58da-a926-71cee9e15fc0,Bluntsnout Gregory,Rudarius nigricans,pending_review,identity confidence is below the inclusion threshold; account transcription confidence is not high; identification descriptions are not high-confidence transcriptions,True,SRC-9BDDB15E,101,102,tl,low,35.4,medium,,,"cic pledged ec et tan cau ID: bct bine eo * Form growps; algae: aagregaive toward intruders, ‘Shelter in dead etaghom corals to 5 rm. Tata -Dasifiee Dat Ganond P Afrim tn Tine te. and Brann"
1507,7118e6e6-5beb-528f-9c49-bb40dadccd02,Wester Gregory,Stegastes obreptus,pending_review,identity confidence is below the inclusion threshold; account transcription confidence is not high; identification descriptions are not high-confidence transcriptions,True,SRC-2A0D412B,100,101,tl,high,96.6,medium,,,ID: Brown with dark scale margins; black spot or blotch on front dorsal fin. Solitary or form loose groups. Shoreline and lagoon reefs in 2-6 m.
1508,657280bf-3311-52e7-8aa3-fe71b7077c69,Cutribbon Wormfish,Stethowubs interrupta,pending_review,identity confidence is below the inclusion threshold; account transcription confidence is not high; identification descriptions are not high-confidence transcriptions,True,SRC-4EB7EB25,225,226,tl,high,89.3,medium,,,"ID: TP - Orangish rust upper body, green below; pair of blue to green stripes, one on back, other extends from snout to tail usually interrupted on forebody. Form groups. Reef flats and coastal shallows to 18 m, but usuaily less than 3 m."
1509,9e541841-1f94-5cda-b331-2d530398933c,Southern Wormfish,Rudarius notialis,pending_review,identity confidence is below the inclusion threshold; account transcription confidence is not high; identification descriptions are not high-confidence transcriptions,True,SRC-E12174D5,225,226,ml,medium,65.2,medium,,,"1D: P- Green back gradating to pale underside with fine dark reticulations; broad yellow. stripe from upper head to ‘P+ Stuailar but with 4 dark bars on mid-side, brie pamneange Small groups. Mixed bottoms of sand, rubble, weeds, end Coral, usually less then 61m,"
1510,eef40f00-da28-5fbe-bbd5-2920d40fe066,Three-line Wormfish,Stethojulis strigiventer,pending_review,identity confidence is below the inclusion threshold; account transcription confidence is not high; identification descriptions are not high-confidence transcriptions,True,SRC-0CD06B64,224,225,ml,medium,72.6,medium,,,"ID: TP - Green back, pale belly with dark green to yellow mid- body stripe bordered with thin blue stripes and another on back; black spot on rear gill cover, another on tail base, Form groups, Sand mixed with seagrass or algae or reef flats to 3m."
1511,12288ab1-2fec-5b5b-86f4-56426aa2535b,Fourline Wormfish,Rudarius trilineata,pending_review,identity confidence is below the inclusion threshold; identification descriptions are not high-confidence transcriptions,True,SRC-5BCCECAC,224,225,bl,medium,70.2,high,,,"1D: P- Shaden of green with red doxeal fin; yellow-orange round pectoral fin and: occasionally on.back; 4 bie stripes, 3 from head to tail and one from snout to above pectoral. Solitary. Shallow resis to 8 1n.."
1512,569afb97-f8c3-5d2b-ac23-a4a9a26ea365,Red-striped Shrimpgoby,Stonogobiops medon,pending_review,identity confidence is below the inclusion threshold; account transcription confidence is not high; identification descriptions are not high-confidence transcriptions,True,SRC-1DB07585,310,311,tr,low,,low,,,Lees
1513,bddc616b-4ff4-588c-a9e7-1f36c75ed5cb,Black-rayed Shrimpgoby,Stonogobiops nematodes,pending_review,account transcription confidence is not high; identification descriptions are not high-confidence transcriptions,True,SRC-98EE9B71,310,311,ml,high,100,medium,,,ID: White to pale brown with yellow snout and 4 pale edged black bands; tall black-edged 1st dorsal spine. Share burrow with alpheid shrimp. Lagoon and outer reef slopes in 5-25 m.
1514,3a110485-0a5d-5b3e-a196-ea78881b83e5,Yellownose Shrimpgoby,Stonogobiops xanthorhinica,pending_review,account transcription confidence is not high; identification descriptions are not high-confidence transcriptions,True,SRC-685A4D10,310,311,mr,high,100,medium,,,"ID: White with yellow snout and 4 black bands; sail-like 1st dorsal fin, often with black rear border extending from 2nd band. Share burrow with alpheid shrimp. Sand slopes of seaward reefs in 15-25 m."
1515,1bc67304-e696-5007-8211-101d8e42247a,Reef 2edlefish,Strongylura incisa,pending_review,account transcription confidence is not high; identification descriptions are not high-confidence transcriptions,True,SRC-FC9D2156,135,136,ml,high,100,medium,,,ID: Silvery: extremely slender with elongate upper and lower jaws and numerous needie-like teeth; tail margin wavy with larger lower lobe; no keel on tail base. Solitary or form small groups. Near surface of lagoons and inshore reefs. Asian Pacific; $.W. Japan and Micronesia to Great Barrier Reef.
1516,06c5f50f-b983-5fac-92e2-62439530fdba,Giant Estuarine Moray,Strophidon sathete,pending_review,account transcription confidence is not high; identification descriptions are not high-confidence transcriptions,True,SRC-1F351FE6,442,443,tr,high,100,medium,,,ID: Very large; grayish brown without markings; small canme teeth in 2 rows along side of upper and front of lower jaws. ‘Young - White stripe on dorsal fin. Solitary. Inhabit burrows in mud bottoms of estuaries and river mouths.
1517,8b4cfef7-02ce-5cdc-8974-fbfea352a9ac,Scythe Triggerfish,Sufflamen bursa,included,,True,SRC-D478B249,406,407,bl,high,100,high,,,"ID: Gray to brown with white chin and belly; yellow or brown scythe-shaped marking behind eye. Solitary. Seaward reefs in mixed coral, sand and rubble areas in 3-90 m."
1518,786d41a3-7191-5270-a594-391ce1f12187,Flagtail,Sufflamen chrysopterus,pending_review,account transcription confidence is not high; identification descriptions are not high-confidence transcriptions,True,SRC-5235525D,406,407,ml,high,100,medium,,,"ID: Dark brown, changeable to yellowish brown; bluish chin and belly, narrow yellow-orange bar behind eye, white edged yellow-brown tail. Solitary. Lagoon and seaward reefs in 2-30 m."
1519,438a372a-3451-51e7-89fa-b06d6818741a,Bridled Triggerfish,Sufflamen fraenatus,pending_review,account transcription confidence is not high; identification descriptions are not high-confidence transcriptions,True,SRC-3B497D2C,406,407,tl,high,100,medium,,,"ID: Changeable light to dark brown with no distinctive markings except narrow pale yellow to pink band under chin. Solitary. Seaward reefs, over open bottoms with sand and rubble patches in 8-186 m."
1520,ecdd5f39-9429-54bd-9c65-41aafcfdcc5a,Slender Pinjalo Snapper,Symphorichthys spilurus,pending_review,account transcription confidence is not high; identification descriptions are not high-confidence transcriptions,True,SRC-DFFC0A3C,109,110,ml,high,100,medium,,,"ID: Undercolor shades of yellow with numerous biue stripes from head to tail; black ocellated spot on tail base, dark saddle bar behind head; young adults trail long filaments from dorsal and anal fins. Form schools. Mixed sand and coral to 60 m."
1521,47a47486-2a29-52b0-ace9-8c02d0f56fcf,False Fusilier,Symphorus nematophorus,pending_review,identity confidence is below the inclusion threshold; account transcription confidence is not high; no identification description,True,SRC-CD2231A6,109,110,ml,low,25.2,medium,,,
1522,15e09dc3-0c40-597f-a47a-cf801c797402,Estuarine ‘ingray,Synanceia horrida,pending_review,account transcription confidence is not high; identification descriptions are not high-confidence transcriptions,True,SRC-0BD97850,380,381,ml,high,100,medium,,,"ID: Globular and poorly defined, appear as algae-covered stone; prominent warts, bony ridge above and between eyes. Solitary, venomous spines deadly. Sand and rubble of coastal reefs and estuaries to 40 m."
1523,6f29c049-7ebf-5589-946d-a1463da61175,Reef Stonefish,Synanceia verrucosa,pending_review,account transcription confidence is not high; identification descriptions are not high-confidence transcriptions,True,SRC-641B637E,380,381,tl,high,100,medium,,,"ID: Globular and poorly defined, appear as algae-covered stone; prominent warts and skin flaps, eyes far apart with deep pit between. Solitary or small groups, venomous fin spines deadly; may bury in sand. Reef flats and outer slopes to 20 m_"
1524,9e750c8f-228f-56b0-bc25-8d4809294334,Margined \dierfish,Synaptura marginata,pending_review,account transcription confidence is not high; identification descriptions are not high-confidence transcriptions,True,SRC-73C4E834,388,389,tr,high,100,medium,,,ID: Biotchy brown with white edging or tips on fin rays around head and body; clusters of hair-like skin flaps on upper surface of body. Solitary and nocturnal. Sand patches of coastal waters in 4-50 m.
1525,41877a47-6e9a-5949-94ba-9657e293841d,Bartels’ Dragonet,Synchiropus bartlesi,pending_review,account transcription confidence is not high,True,SRC-C0A9DD80,291,292,tl,high,100,medium,,,ID: Male - Shades of brown to red; row of white mid-lateral spots with black semicircular edge on upper portion of each spot; tall dorsal fin. Solitary or in pairs. Lagoon and seaward reefs in 6-35 m. | ~~ fin of one ar ra of who iio spaward reaty in 6-35 m.
1526,db718bee-d388-5f21-8737-74eafe9b2824,Moyer's Dragonet,Synchiropus morrisoni,pending_review,identity confidence is below the inclusion threshold; account transcription confidence is not high; identification descriptions are not high-confidence transcriptions,True,SRC-62BEA40E,290,291,ml,low,,low,,,Morrison's Dregonet - Female: rear ng et eh pot ie Sowa ky tay fan-shaped frst doesal fin with vartionl stxpake. | ID: Tén to whitiel: head and back and gtay or charcoal én lower side with white spots of various sizes. Young fish geneeally solitary on algal-covered rocks.
1527,6ae06cb7-cb33-52b8-bd63-ff0812a3cc37,Morrison's Dragonet,Synchiropus moyeri,included,,True,SRC-835D8F65,290,291,mr,high,100,high,,,ID: dle - Whitish undercolor with reddish brown blotches: large fan-shaped dorsal fin marked with concentric bands and pair of dark “eye” spots. Solitary or form small groups dominated by a single large male. Algae covered rocks in 3-30 m.
1528,3bbb5e18-2796-52c5-9f77-69a9285535aa,Ocellated Dragonet,Synchiropus ocellatus,pending_review,account transcription confidence is not high; identification descriptions are not high-confidence transcriptions,True,SRC-8447793E,291,292,ml,high,100,medium,,,ID: Dark greenish brown to golden brown with ineguiar whitish saddles and blotches; blue dots on head. Male - Large fan-shaped dorsal fin with concentric bands and pair of dark ocellated spots. Solitary or in small groups. Sandy areas to 30 m.
1529,00f689e6-cfc3-55e7-88c9-c4265a122e53,Picturesque Dragonet,Synchiropus picturatus,included,,True,SRC-90E8EDC5,289,290,bl,high,100,high,,,"ID: Light brown to greenish covered with large dark spots ringed with orange and green, blue-green band markings around eye. Form small loose groups. Rubble patches near living corals of coastal reefs in 2-10 m."
1530,057a4730-aac2-5a14-8aac-5ac8b76e32a3,Mandarinfish,Synchiropus splendidus,pending_review,account transcription confidence is not high; identification descriptions are not high-confidence transcriptions,True,SRC-E1226B8E,289,290,br,high,100,medium,,,ID: Orange with omate pattern of dark-edged green and blue bands and spots and a few yellow line markings on lower head. Small groups shelter among coral rubble. Come out of hiding at dusk to spawn. Sheltered coastal reefs and lagoons to 18 m.
1531,7580303c-2e94-5386-b2fd-4fbf4a94603f,Starry Dragonet,Synchiropus stellatus,included,,True,SRC-740AB8DD,291,292,bl,high,100,high,,,ID: Mele - Red with white and black blotches and saddles yellowish snout tip; blue spots and lines on head: tall dorsal fin ornately banded with pale-edged spot in middle. Solitary or form smail groups. Sandy areas in 5-20 m.
1532,8603cf17-aa4a-5ab4-8baa-650f49c738f9,Shortnose Pipefish,Syngnathoides biaculeatus,included,,True,SRC-EBEEA352,430,431,br,high,100,high,,,"ID: Mottled green; rear body tapers to a tailless point. Solitary, in pairs or groups, Within seagrasses and floating or attached Sargassum algae of sheltered coastal reefs and lagoons to 10 m."
1533,def9e76f-3734-5471-9ec2-ab64a657122f,Twospot Lizardfish,Synodus binotatus,pending_review,account transcription confidence is not high; identification descriptions are not high-confidence transcriptions,True,SRC-6099620C,297,298,tl,high,100,medium,,,"ID: Mottled gray to brown; pair of dark spots on tip of snout several irregular brown to red bars on side and row of blotches on lower side. Solitary or in pairs. Rubble or living coral of seaward reefs in 1-30 m, but usually less than 10 m."
1534,1cef7d51-e7ed-5153-839f-555ab9e728fd,Clearfin Lizardfish,Synodus dermatogenys,included,,True,SRC-533AE8A0,296,297,br,high,100,high,,,"ID: Mottled gray to brown: 6 saddles across back. 8-9 dark diamond-shaped spots frequently with pale centers along mid-side, cluster of 6 dark spots on snout tip. Solitary, in pairs or small groups. Sand or rubble bottoms to 70 m."
1535,767092c2-cd61-5319-aae4-1d912ebe25c7,Reef Lizardfish,Synodus rubromarmoratus,included,,True,SRC-E8A24395,297,298,bl,high,100,high,,,"ID: Relatively small compared to other lizardfishes; reddish brown with red or pink head markings, series of irregular hourglass-shaped red body saddles. Solitary or form small groups. Sand and rubble, mainly near seaward reefs in 5-50 m. | 1D: Relatively ental compared to'other lizerdfishes; reddish ‘brown with red or pink head markings, seties of inregalar ‘hourgiass-shaped red hody saddles. Solitary oc fann small. groupe. Sand snd rubble, mainly near roma om Is. aad feat Discs"
1536,53b747ad-ffd6-5de8-a4ec-7fed3212e145,Reef Lizardfish,Synodus variegatus,pending_review,account transcription confidence is not high; identification descriptions are not high-confidence transcriptions,True,SRC-E4E19917,297,298,ml,high,100,medium,,,"ID: Gray to brown to red with about 6 blotchy saddles: darkdsh strip interspersed with pale blotches on mid-side, white stripe below interspersed with dark rectangular markings. Solitary or in pairs. Usually on coral or rock bottoms in 5-60 m."
1537,2c242694-2609-5698-881e-e26140f8af9a,Leaf Scorpionfish,Taenianotus triacanthus,pending_review,account transcription confidence is not high,True,SRC-4338E9A5,378,379,tl,high,100,medium,,,"ID: Strongly compressed head and body, tall dorsal fin beginning well behind eyes, leafy appendages above eyes color highly variable. Solitary or in pairs, Coastal, lagoon and outer reefs to 134 m. | ID: Strongly compressed head and body, tall dorsal fin Srna bch Ome ete gon omarreeisto tm ee"
1538,4ea22728-d57c-515c-9c33-105451d04413,Barchin Scorpionfish,Taenianotus strongia,pending_review,identity confidence is below the inclusion threshold; account transcription confidence is not high; identification descriptions are not high-confidence transcriptions,True,SRC-08F10139,378,379,mr,low,,low,,,an also davhen and pale copending slight change of color. ‘On background.
1539,50020f47-9605-5ed9-bb79-7a2e43db22b9,Blue-spotted Ribbontail Ray,Taeniura lymma,included,,True,SRC-7E9C8CFF,456,457,ml,high,100,high,,,"ID: Yellow-brown with numerous blue spots; oval-shaped disc, flattened ribbon-like tail about 1.5 times disc width with 2 spines. Solitary. Rest on sand bottoms, under ledges or in teef holes of coastal, lagoon and outer slopes in 1-20 m."
1540,153f3de1-6de6-5c8d-8383-0a899ebcf699,Black-blotched ‘ingray,Taeniura meyeni,pending_review,account transcription confidence is not high; identification descriptions are not high-confidence transcriptions,True,SRC-4AFB9506,456,457,mr,high,100,medium,,,"ID: Gray with variable pattem of dense black spots, blotches and mottling; large ovate disc, short tail about same Jength as disc with single spine. Solitary. rest on sand bottoms of coastal, lagoon and near outer reefs in 2-500 m."
1541,8660a7dd-2544-5ee7-8d02-a8748019704f,Butler's Frogfish,Tathicarpus butleri,pending_review,identity confidence is below the inclusion threshold,True,SRC-A13B22FE,368,369,tr,high,94,high,,,"ID: Long angling rod, long separate 1st dorsal spines transparent dorsal fin membrapes (fleshy in most frogfishes) highly variable color. Solitary. Among weeds and rubble of coastal reefs in 7-146 m. but usually below 25 m."
1542,d5571da5-36f5-5e47-a290-cc37c603b0cb,Crescent-banded Grunter,Terapon jarbua,included,,True,SRC-6E20B956,134,135,ml,high,100,high,,,"ID: Silvery with pattern of curved darkish bands on body striped tail. Form schools. Estuaries, stream mouths and along sandy beaches in areas of brackish water in 20-290 m."
1543,0d98c143-e250-5d05-9f34-d52236fc60c9,Estuary Waspfish,Tetraroge barbata,included,,True,SRC-B9B1FF6E,382,383,bl,high,100,high,,,"ID: Rusty brown, dark bands radiate from eye; compressed body and shallow notch between dorsal spines. Solitary or in pairs. Mud, sand and gravel bottoms, often blend with dead leaves. Estuaries and freshwater streams to 3m."
1544,e74c1781-f03c-5378-b8c9-6184aa16bd6c,Black Waspfish,Tetraroge niger,included,,True,SRC-0720575A,382,383,br,high,100,high,,,"ID: Brown with scattered biack spots, white snout extends to dorsal fin; compressed body, shallow notch between dorsal spines. Solitary or in pairs. Mud, sand and gravel bottoms of estuaries and freshwater streams to 3 m. | Bs: Drone ith oattared Lec oO en to dewsal fin; compressed. body hallow notch Mod, and rae Gansal spines, Salary of in pairs. ed wteras Aten Pot Totes Insane, Pen en Goan ~ and Philippines."
1545,256b2b56-c2c6-579b-a2ee-ecf3ec12a36c,Two-tone Wormfish,Tetraroge amblycephalum,pending_review,identity confidence is below the inclusion threshold; account transcription confidence is not high; identification descriptions are not high-confidence transcriptions,True,SRC-167A57D7,223,224,tr,low,,low,,,"SIZE: to. 25.cm (10:in.) ID: Light green with §-6 distinct or diffuse dark satidies on back; 2 distinct to diffuse davk stripes on aide, dark vertical ling markings on scales, line and spot markings ot head with V-shaped mark on side of snout this _-“SP0cies from the sinaar Ladder Wrasse IP [previous page}."
1546,c56fde9c-d351-53c6-96de-9d2357b1ca21,Sixbar Wormfish,Thalassoma hardwicke,pending_review,identity confidence is below the inclusion threshold; no identification description,True,SRC-67948728,223,224,ml,high,90.9,high,,,
1547,440cf0fd-8385-5c2c-b2af-9912a6f53606,Arenatus Wormfish,Tetraroge jansenii,pending_review,identity confidence is below the inclusion threshold; identification descriptions are not high-confidence transcriptions,True,SRC-48ED9B0A,221,222,ml,low,39.1,high,,,"1D: Salnion to bxown; datk stripe from eye to tail, orange base of pote fn shnge wh belo ik pe. my Saeed saves Houten roets and anopotes in dee inside caves, recesses and 45m."
1548,cb635aff-baf7-5198-a150-feb4f04f904d,Crescent Wormfish,Thalassoma lunare,pending_review,identity confidence is below the inclusion threshold; no identification description,True,SRC-246E1D70,223,224,mr,high,90.2,high,,,
1549,23def579-626b-5d2e-b7c2-c5e847d19e15,Sunset Wormfish,Thalassoma lutescens,pending_review,identity confidence is below the inclusion threshold,True,SRC-99E3A4C3,222,223,ml,high,90.9,high,,,"ID: Pink head with green bands, bluish green forebody green rear and yellow-green tail, yellow pectoral fin with blue outer edge. Form groups. Sand, rubble and coral patches of lagoon and seaward reefs to 30 m."
1550,6b5dc148-c044-52f4-b968-0589ce0cde6a,Surge Wormfish,Thalassoma purpureum,pending_review,identity confidence is below the inclusion threshold,True,SRC-13F9B823,223,224,tl,high,90.6,high,,,ID: 1P - Green to blue; pink to lavender bands on head irregular purpie stripe on back and pair of reddish stripes on side. Form groups. Old TP may lose stripe markings. Surge zone of reef flats and rocky coasts to 5 m.
1551,d34cc899-bef3-59ee-8259-e876e67d8e47,Fivestripe Wormfish,Tetraroge quinquevittatum,pending_review,identity confidence is below the inclusion threshold,True,SRC-BDF905CA,222,223,bl,low,20.9,high,,,"I: IP - Purpte head with green bands, green upper body, balew; }, purple il tail, born: ‘Porm Pom aggregations, cggeyatons Lagoon sa eut/oed fone 180) often tn sume cena oes nat eae"
1552,940cb829-1442-51ac-bc1c-a79c21d4aa4a,Ladder Wormfish,Thalassoma trilobatum,pending_review,identity confidence is below the inclusion threshold,True,SRC-94BFEB30,222,223,tl,high,91.2,high,,,ID: TP - Salmon-pink to orange: two stripes formed by vertically elongate green to blue-green rectangles. Solitary or in pursuit of females. Shallow reefs and rocky shores exposed to wave action.
1553,97f65116-33b9-5de2-a3e4-42234157aaff,Yellowfin Tuna,Thunnus albacares,included,,True,SRC-95C2D46E,131,132,bl,high,100,high,,,"ID: Silver, yellow dorsal and anal fins; large deep body: long dark pectoral fins, Form large schools. Pelagic, occasionally individuals or schools may pass by outer reef drop-offs."
1554,5be41612-8e26-5eac-96ba-54b3c0257b40,Broadhead Flathead,Thysanophrys arenicola,pending_review,account transcription confidence is not high; identification descriptions are not high-confidence transcriptions,True,SRC-EA9573CE,383,384,mr,high,100,medium,,,"ID: Spotted shades of brown to gray; light and dark banding and spotting on pectoral and ventral fins, both light and dark bars below eye and on jaws; space between eyes about the same width as diameter of eye. Solitary. Sandy fringe of coral reefs in 3-30 m."
1555,e3cc51c7-b477-56b8-8fcb-704677b362db,Japanese Flathead,Thysanophrys carbunculus,included,,True,SRC-4CEA2AB8,383,384,br,high,100,high,,,ID: Brown with 4-5 poorly defined dark saddles on back spots and blotches on fins and lower sides; long cirrus centered above each eye. Solitary. Soft silt or mud bottoms of bays and estuaries in 5-40 m.
1556,4d230f46-1c4a-5b3f-81a0-b10fff0f5983,Longsnout Flathead,Thysanophrys chiltonae,pending_review,identity confidence is below the inclusion threshold; account transcription confidence is not high,True,SRC-BCAE870F,383,384,bl,low,,low,,,2D: Siler fo Begedtwmad Postion ipeevious] bat epee cuer gree about 16th th diamter of eye wees oats P ingettvenl eckine aan fade Doris bed fee tole Aden Ph Mlarpsose in
1557,e073dbe8-85dc-573c-bef9-524ee5c56b83,Fringelip Flathead,Thysanophrys otaitensis,included,,True,SRC-8C8C17C1,384,385,tl,high,100,high,,,"ID: Spotted and blotch shades of brown to gray; brown and white bars only on lower lip; fringe of tiny skin Naps on lips. Solitary, usually buried in sand. Sandy fringe of coral reefs in 3-40 m."
1558,ef324852-c4c5-53b0-95ec-8c3cbe8414af,Monster Shrimpgoby,Tomiyamichthys oni,included,,True,SRC-C31A2518,311,312,tl,high,100,high,,,ID: Mole - White with numerous large blackish blotches and small brown spots; tall rounded 1st dorsal fin with pale- edged black spot. Share burrow with alpheid shrimp Sheltered sand slopes in 10-30 m.
1559,27856b1c-c627-5cb9-bcf8-7b1510f52043,Dussumier’s Halfbeak,Toxotes jaculatrix,pending_review,identity confidence is below the inclusion threshold; account transcription confidence is not high; identification descriptions are not high-confidence transcriptions,True,SRC-B6173F0A,135,136,bl,low,37.6,medium,,,TD: Sivary; slander sy short upper jaw and ecg taia eaal
1560,5a54da12-ac3d-577d-8cbd-645d6a3b3f55,Swakefish,Trachinocephalus myops,included,,True,SRC-1E3849CB,297,298,br,high,100,high,,,"ID: Brown to brownish yellow stripes alternate with pale blue stripes; dark to vague bars, black spot on upper rear gill opening; short rounded and upturned snout. Solitary often buried except for eyes. Sand bottoms in 3-400 m."
1561,d859dc09-8a49-586d-b8b0-e4327b3b2200,Small-spotted Dart,Trachinotus baillonii,pending_review,identity confidence is below the inclusion threshold,True,SRC-4E0CFE61,128,129,tl,high,94.2,high,,,"ID: Silver; blunt broadly rounded snout, fore lobes of rear dorsal and anal fins elongate, long widely forked tail lobes; 1-5 small black spots on middle of side. Coastal waters; often in surge zones along sandy beaches."
1562,a612e8b3-9034-513b-9c40-f4c4b29c0eca,Snubnose Pompano,Trachinotus blochi,included,,True,SRC-4AACA19D,128,129,tr,high,100,high,,,"ID: Silver, pectoral and anal fins frequently yellow or orange blunt broadly rounded snout; fore lobes of rear dorsal and anal fins elongate, long widely forked tail lobes. Solitary or form schools. Cora! and rocky reefs in 10-50 m."
1563,3bae6b10-d1de-51fb-9e6a-ace896400a74,Short-tailed Pipefish,Trachyrhamphus bicoarctatus,included,,True,SRC-4367D2EF,431,432,tl,high,100,high,,,"ID: Slender with tiny tail, head often raised with a bent neck posture; shades of green, brown, white and yellow with fine speckiing and usually pale saddles. Solitary. Sand, rubble and weeds of sheltered coastal reefs and lagoons to 25 m."
1564,12000ecb-3487-5396-acd2-2eb0c0aee2ad,Mushroom Coral Pipefish,Trachyrhamphus longirostris,pending_review,identity confidence is below the inclusion threshold; account transcription confidence is not high; identification descriptions are not high-confidence transcriptions,True,SRC-6BEA6CE0,431,432,ml,low,58.6,medium,,,"1D: White and unmarked except fox thin dark band, sys: welt body Solitary or sinatl groupe. Among ata ety aad ais nd Oe ="
1565,fd649d28-5773-5f38-9d64-020ef19fe0ac,Whitetip Reef Sergeant,Triaenodon obesus,pending_review,account transcription confidence is not high; identification descriptions are not high-confidence transcriptions,True,SRC-38C57B09,454,455,br,high,100,medium,,,"ID: Gray with white underside; white tips on 1st dorsal fin and upper tail lobe, occasional dark spots on sides; slender with rounded snout. Solitary or form smail groups. Usually rest on bottom of coastal, lagoon and outer reef slopes in 3-122 m."
1566,94814a4e-8054-565f-a0ae-134e237f8b3c,Pearly Signalfish,Trichonotus elegans,pending_review,identity confidence is below the inclusion threshold; no identification description,True,SRC-02B992E3,286,287,br,low,52.9,high,,,
1567,c8c1235d-283f-56c7-be3b-b4d0cfaf5e87,Goldbar Sand Diver,Trichonotus halstead,included,,True,SRC-07945CEA,286,287,ml,high,100,high,,,"ID: Male - Tan with numerous white to gold spots on body and fins; 8-9 brown bars across back, black shaded ventral fins, 1-2 large ocellated spots on dorsal fin, 5-6 long rays dorsal fin rays. Sand slopes in 12-35 m. | 1, Mle - Tan wth numero whit to gold spose on boty and fins; 8-9 brown bars sovoes back, ventral fins; 1 lange ooaliated spots on doteal fn, 6-6 ong mays dorsal fin raya, Sand slopes in. 12-36 m."
1568,22b25c8b-25e2-5d39-8362-e16ffa1f7dd6,Spotted Sand Diver,Trichonotus setiger,pending_review,no identification description,True,SRC-12586E3F,286,287,bl,high,100,high,,,
1569,86435306-fd4d-5b38-a93b-981745682c1a,Pale Dwarfgoby,Trimma anaima,pending_review,account transcription confidence is not high; identification descriptions are not high-confidence transcriptions,True,SRC-67822817,331,332,mr,high,100,medium,,,ID: Translucent with flesh colored hue; black stripe across top of each iris. Solitary. Rest on or hover just above bottom of outer reef dropoffs in 3-35 m.
1570,13be6c26-e1d5-5334-9539-2c6e9eeea575,Yellowstripe Dwarfgoby,Trimma benjamini,pending_review,identity confidence is below the inclusion threshold; account transcription confidence is not high; identification descriptions are not high-confidence transcriptions,True,SRC-EC98D9EA,329,330,br,low,,low,,,"Pop neaiiah eck, devas vad michiaterally and whitish below; blue-green stripes below and between eyes, may display yalow atipe fiom ope to tell bee, Sofiary Sol ox form coastal reefs Sek roe. On coxa boulkots dice shattered"
1571,5284c1ba-6538-546f-a864-8670c8a8dd49,Caesiura Dwarfgoby,Trimma caesiura,pending_review,identity confidence is below the inclusion threshold; account transcription confidence is not high; identification descriptions are not high-confidence transcriptions,True,SRC-0B419369,330,331,tr,high,84.7,medium,,,"ID: Red-orange with pinkish head; double row of irregular white blotches on side, netwoxk of gray line markings on head. Solitary. Sand and rubble bottoms of caves and under ledges of coastal. lagoon and outer reefs in 5-30 m."
1572,b02c6ee4-f390-56ae-a79b-9c256ad6a56c,Long-ray Dwarfgoby,Trimma griffithsi,pending_review,account transcription confidence is not high; identification descriptions are not high-confidence transcriptions,True,SRC-3507C84F,331,332,tr,high,100,medium,,,ID: Translucent with reddish head and mid-body; silvery stripe on upper iris; elongate filament extends from 1st dorsal fin. Form hovering aggregations in caves and under ledges. Lagoon and seaward reefs in 15-40 m.
1573,c4297488-0a9f-5834-b2b1-252884d3522d,Skinspot Dwarfgoby,Trimma halonevum,included,,True,SRC-74D9E945,328,329,br,high,100,high,,,"ID: Light to dark salmon; mid-lateral row of tiny dark brown spots, a few scattered darkish spots on head and front of body. Solitary or form small groups. Sheltered coastal reefs and seaward slopes to 45 m."
1574,9be7fd1e-6259-531a-91be-5269b1f10290,Forktail Dwarfgoby,Trimma hoesei,pending_review,identity confidence is below the inclusion threshold; account transcription confidence is not high; identification descriptions are not high-confidence transcriptions,True,SRC-2EEFF3B6,331,332,bl,high,89.6,medium,,,"ID: Pinkish orange with lavender or magenta markings on back and fins; forked tail, In pairs or form small groups. Swim upside-down under ledges and inside caves of steep outer reef slopes in 15-45 m."
1575,b67ce49f-5e33-5888-a740-d400b4e56377,Blackspot Dwarfgoby,Trimma macrophthalma,pending_review,identity confidence is below the inclusion threshold; account transcription confidence is not high; identification descriptions are not high-confidence transcriptions,True,SRC-C4339F47,329,330,bl,low,47.9,medium,,,"‘1D: Purplish head with pair of red bars below eye, reddich to fo yellow: basven body; wite-edged black spot gdiden to on 2at dorsal fim. Solitaty, Caves and ledges af meap outer reef slopes ix 10-40 m."
1576,64313355-285c-5fae-8226-faeb70366960,Rubble Dwarfgoby,Trimma naudei,pending_review,account transcription confidence is not high; identification descriptions are not high-confidence transcriptions,True,SRC-0AACC5DE,330,331,mr,high,100,medium,,,"ID: White with scattered to heavy red to orange to yellow spots, blotches and markings. Solitary. Rest on sand or rubble bottoms of caves and under ledges of coastal. lagoon and outer reefs in 3-30 m."
1577,f1d27560-ef10-5d6b-9c75-268e736a8e5f,Okinawa Dwarfgoby,Trimma okinawae,pending_review,account transcription confidence is not high; identification descriptions are not high-confidence transcriptions,True,SRC-624BD58C,329,330,ml,high,100,medium,,,ID: Darkish undercolor with dense red to orange blotchy spotting; lack red spots on pectoral fin base of Bigeye Dwarfgoby [previous]. Form small groups. Inside caves and under ledges of seaward reef slopes in 8-35 m.
1578,40e5a6f5-3cd1-54de-b017-adc503b3dc70,Red-spotted Dwarfgoby,Trimma rubromaculatus,pending_review,identity confidence is below the inclusion threshold; account transcription confidence is not high; identification descriptions are not high-confidence transcriptions,True,SRC-70CF715E,330,331,tl,high,93.3,medium,,,ID: Pinkish with red spots and blotches; dotted with several white spots and streaks and white stripe on center of snout. Usually form groups. Rest on rubble at base of steep lagoon. and seaward slopes in 20-35 m.
1579,0c613fa9-d600-5134-89f8-9641291bc72f,Redhead Dwarfgoby,Trimma stobbsi,pending_review,identity confidence is below the inclusion threshold; account transcription confidence is not high,True,SRC-C0C94794,331,332,tl,low,,low,,,"1D; Transhaoant with reddish head ant mid-bodty; hive to Blac mripes and streaks on fing, lage dat spot et tall base; inosver anc unter los ofetep outa 124 gers"
1580,f9741875-1a1e-58e1-b1ab-468d738eb116,Stripehead Dwarfgoby,Trimma striata,pending_review,identity confidence is below the inclusion threshold; account transcription confidence is not high; identification descriptions are not high-confidence transcriptions,True,SRC-644519D0,329,330,mr,high,85.9,medium,,,ID: Maroon head and front of body with red-orange stripes gradating to red mid-body to tail; pale yellow spotting on 2nd dorsal and tail fins. Sotitary or form small groups. Rest on. bottom of rocky crevices af lagoon and seaward reefs in 10-30 m.
1581,a59935d7-5244-5f08-ae25-d41c463f77f9,Cave Dwarfgoby,Trimma taylori,pending_review,identity confidence is below the inclusion threshold; account transcription confidence is not high; identification descriptions are not high-confidence transcriptions,True,SRC-DFB266DB,331,332,ml,medium,76.8,medium,,,ID: Reddish crange with violet highlights: yellow band markings on red iris. Mole - Elongate dorsal ray and yellow spotting on dorsal and anal fins. Form hovering aggregations in caves; mix with other Trimma. Along dropoffs in 15-50 m.
1582,f103ff8d-26f3-5c49-b688-2155462b43ee,Candycane Dwarfgoby,Trimma tevegae,pending_review,identity confidence is below the inclusion threshold; account transcription confidence is not high; identification descriptions are not high-confidence transcriptions,True,SRC-2F051910,330,331,ml,low,41.7,medium,,,"BD: Whitish or ipo aoe ray with Satay 6-7 bight oc red to orange bere encircling heed sxoall qroups. Desc on surtade of hard corals, Steep outer real slopes in 12 to 36 m1."
1583,24cb6022-70db-5046-8f93-437ce794029d,Dartfish,Tryssogobius colini,included,,True,SRC-D1DB5578,334,335,mr,high,100,high,,,ID: Similar to members of dartfish family in appearance; pale gray to yellowish gray: pair of iridescent stripes through eye tall 1st dorsal fin with blue leading edge and biue-edged orange stripe at base. Seaward sand slopes in 25-65 m.
1584,58018d66-9394-5982-84aa-f6e91e918838,Crocodile 2edlefish,Tylosurus crocodilus,included,,True,SRC-D20B9D61,135,136,tl,high,100,high,,,ID: Silvery; extremely slender with elongate upper and lower jaws and numerous needle-like teeth; forked tail with larger lower lobe and black kee! on base. Solitary or form small groups. Near surface of lagoons and inshore reefs.
1585,f80ef773-f930-5061-b086-8a75c4c9a97a,Largemouth Triplefin,Ucla xenogrammus,included,,True,SRC-E86688F7,359,360,br,high,100,high,,,"ID: Translucent with 10-12 diffuse bars of fine red spots on side, pointed snout and protruding lower jaw. Solitary. Perch on coral heads in lagoon and outer reefs in 2-40 m."
1586,6d837fec-f648-584f-8c4f-01bbd5a4bf7a,Bandtail Goatfish,Upeneus arge,pending_review,identity confidence is below the inclusion threshold; no identification description,True,SRC-B243D7A1,400,401,tl,medium,76,high,,,
1587,3f12ff0f-dcc2-537e-b27b-1299e1803d23,Bandtail Goatfish,Upeneus moluccensis,pending_review,identity confidence is below the inclusion threshold,True,SRC-A2AB48B9,400,401,tr,high,85,high,,,"ID: Silvery pink or whitish with golden-yellow stripe from ‘eye to upper base of tail; upper lobe of tall with 6-7 red cross bars, lower tail lobe red or streaked with red. Usually occurs in schools. Muddy bottoms in 10-80 m."
1588,01eac3b1-a6ce-5214-b000-f19caae10f85,Freckled Goatfish,Upeneus tragula,pending_review,identity confidence is below the inclusion threshold; account transcription confidence is not high; identification descriptions are not high-confidence transcriptions,True,SRC-164313B7,400,401,ml,medium,76.2,medium,,,"ID: Wehitish or tan with heavy mottling of brown blotches and spots; dark yellowish to brown sizipe from sncut total, Dingle hands ta. Sotkary or form groupe, Sand and rable Go"
1589,80ea0eb2-179f-5b2e-b6a8-3e01e5bfe9fe,Striped Goatfish,Upeneus vittatus,pending_review,identity confidence is below the inclusion threshold,True,SRC-2E006A21,400,401,bl,high,97.1,high,,,ID: Silvery with greenish or yellowish tints; 4 brassy yellow stripes and black bands on dorsal and tail fins. Solitary or form groups. Silt or mud bottoms in 5-100 m.
1590,2187d0d2-eb9a-5823-8926-098ab666b881,Whitemargin Stargazer,Uranoscopus sulphureus,included,,True,SRC-1D7E69DA,385,386,bl,high,100,high,,,"ID: Brown to grayish brown; large black spot on 1st dorsal fin, white margins on all fins; large, rounded head with uptumed mouth and small eyes. Solitary. Sand bottoms of coastal waters in 5-150 m."
1591,e6962491-2081-514a-a932-02b039bab10a,Whitetongue Jack,Uraspis helvola,pending_review,account transcription confidence is not high; identification descriptions are not high-confidence transcriptions,True,SRC-A6E1C2AB,126,127,tr,high,100,medium,,,"ID: Silver: football-shaped with low inconspicuous dorsal fin ] adults unmarked, sub-adulta have 6-7 broad darkish bars tongue and floor of mouth white. Form schools. Pelagic and ' around offshore pinnacles and reefs in 25-130 m."
1592,3e64007e-40a2-579d-9cc3-e8b8212a6561,Thorny Stingray,Urogymnus asperrimus,pending_review,identity confidence is below the inclusion threshold; account transcription confidence is not high; no identification description,True,SRC-A68AEC91,457,458,tr,medium,76,medium,,,
1593,da4b3738-fc0b-5f51-93e1-4a191ac36c26,Barred Snake Moray,Uropterygius fasciolatus,included,,True,SRC-0351D745,443,444,tr,high,100,high,,,"ID: Brown with network of wavy dark lines; no fins (except at tail tip). Solitary, rarely in open. Inhabit reef crevices and branches of tightly branching corals of coastal patch reefs and lagoons in 1-7 m."
1594,55708cd7-9ccd-5f14-b317-0ec47ebea95b,Largehead Snake Moray,Uropterygits macrocephalus,included,,True,SRC-F912E313,443,444,tl,high,100,high,,,"ID: Brown with dense network of lichen-like white to yellowish blotches; no fins (except at tail tip). Solitary and secretive, rarely in open during day. Inhabit reef crevices of lagoon and seaward reefs in 1-14 m."
1595,252ceaed-b550-54ef-bca5-336699839f60,Dwarf Mullet,Valamugil engeli,pending_review,identity confidence is below the inclusion threshold; account transcription confidence is not high; identification descriptions are not high-confidence transcriptions,True,SRC-B9066850,133,134,mr,high,98.5,medium,,,"ID: Small; silvery without distinctive markings. Form schools. Shallow protected areas of sand, algae and mud in lagoons and around shallow reef flats to 8 m."
1596,ec91554e-7744-5611-8e55-8b47ac8bcb1c,,Valamugil alleni,pending_review,identity confidence is below the inclusion threshold; printed identity is incomplete; no identification description,True,SRC-0ABAE4B6,336,337,,low,20.7,high,,,
1597,2176d11d-7919-50c4-a292-ed5b9dd07231,,Valamugil bella,pending_review,identity confidence is below the inclusion threshold; account transcription confidence is not high; printed identity is incomplete; no identification description,True,SRC-002ABC47,334,335,,low,35.3,medium,,,
1598,eaa98da3-8e37-59ff-b397-80d8ec88a3e2,,Valamugil helsdingenii,pending_review,identity confidence is below the inclusion threshold; account transcription confidence is not high; printed identity is incomplete; no identification description,True,SRC-6E1D6639,334,335,,low,,low,,,
1599,1e03732f-544a-50c9-97a6-6901b7283aa2,,Valamugil immaculata,pending_review,identity confidence is below the inclusion threshold; account transcription confidence is not high; printed identity is incomplete; no identification description,True,SRC-010AB8EF,335,336,,low,,low,,,
1600,27806fac-9b54-5f56-8e6a-e7286be19277,,Valamugil limicola,pending_review,identity confidence is below the inclusion threshold; account transcription confidence is not high; printed identity is incomplete; identification descriptions are not high-confidence transcriptions,True,SRC-688196CF,335,336,bl,low,,low,,,"ID; Elongate; translucent body with red to dark brown ‘stripe (may he interrupted by from snouttelowertail base. Solitary. Only on branches of coral Antipathes toto aathe: fan ant Ceagne Play, Salonen nd o Hawaii, Gulf of Thailand to Groat Barrier Real."
1601,910f2657-b5a7-58c3-bc90-a973ae55705c,,Valamugil longipinnis,pending_review,identity confidence is below the inclusion threshold; account transcription confidence is not high; printed identity is incomplete; identification descriptions are not high-confidence transcriptions,True,SRC-09C01597,334,335,mr,low,,low,,,"‘3D: Similar to members of darttish family in appearance; pale Gray to: elloaiah gray; pelt of fkiagoect aeipee thong Sve, ‘tall 1st doxsal-fin with. blue ‘edge and. orange stripe at base. Seaward slopes in 26-65:m,"
1602,8f435313-3031-5819-a65b-8834c5d4a8e3,,Valamugil muralis,pending_review,identity confidence is below the inclusion threshold; account transcription confidence is not high; printed identity is incomplete; no identification description,True,SRC-DC4BF1A3,335,336,,low,,low,,,
1603,9e412bd6-b4dd-5af8-8757-b2b3c0998448,,Valamugil parva,pending_review,identity confidence is below the inclusion threshold; printed identity is incomplete; no identification description,True,SRC-152B54C6,335,336,,low,25.6,high,,,
1604,c24cec36-6e3e-581c-ba62-12a7f2545fd9,,Valamugil puellaris,pending_review,identity confidence is below the inclusion threshold; account transcription confidence is not high; printed identity is incomplete; no identification description,True,SRC-A4D8CFAD,335,336,,low,,low,,,
1605,4292f35a-9655-5f86-a2d6-dfb363fe6ba8,,Valamugil randalli,pending_review,identity confidence is below the inclusion threshold; printed identity is incomplete; no identification description,True,SRC-9627A13A,334,335,,low,36.8,high,,,
1606,4ff4d7e8-9450-5858-b9e1-4ea1c4dac6a8,Sixspot Goby,Valamugil strigata,pending_review,identity confidence is below the inclusion threshold; account transcription confidence is not high; identification descriptions are not high-confidence transcriptions,True,SRC-70BB031E,334,335,tl,medium,63.2,medium,,,"DD: White ta: ay: 6 or more ine to bush spose cn cheek, black tip an ts ist: cra fn, Genin p are owe Tocks of fine sand bottoms of shozeline reefsto 10 m."
1607,6a4faddd-276c-5a81-a864-461f836bf76a,,Valamugil wardii,pending_review,identity confidence is below the inclusion threshold; account transcription confidence is not high; printed identity is incomplete; no identification description,True,SRC-3E8B5081,336,337,,low,36.3,medium,,,
1608,9ff97bab-1f2f-5904-8a4c-4130528545d9,,Valamugil ambanoro,pending_review,identity confidence is below the inclusion threshold; account transcription confidence is not high; printed identity is incomplete; no identification description,True,SRC-CD85285F,315,316,,low,,low,,,
1609,7a35216e-a7b1-55fc-b482-c57dcc73c718,,Valamugil flavilineata,pending_review,identity confidence is below the inclusion threshold; account transcription confidence is not high; printed identity is incomplete; identification descriptions are not high-confidence transcriptions,True,SRC-CDE3E54B,314,315,br,low,,low,,,"and tang towed, soe head onto body and back. This vatenin moet camtmon in areas of ines sand,"
1610,62c0ed52-a16b-5ee9-ad89-d0329162e1cb,,Valamugil lanceolata,pending_review,identity confidence is below the inclusion threshold; account transcription confidence is not high; printed identity is incomplete; no identification description,True,SRC-2C8611FA,315,316,,low,,low,,,
1611,8d80ccc8-e343-57cd-923e-0e4c57c70a1a,,Valamugil macropteryx,pending_review,identity confidence is below the inclusion threshold; account transcription confidence is not high; printed identity is incomplete; no identification description,True,SRC-EA1D5702,314,315,,low,,low,,,
1612,07db83ae-9e3e-505c-945a-05b4fd83de72,,Valamugil omatissima,pending_review,identity confidence is below the inclusion threshold; account transcription confidence is not high; printed identity is incomplete; no identification description,True,SRC-3A602856,315,316,,low,,low,,,
1613,4e8dfcc7-1a1d-5555-a7c7-0dd3d4eaf6ac,White-edged Lyretail,Vanola albimarginata,pending_review,identity confidence is below the inclusion threshold; account transcription confidence is not high; identification descriptions are not high-confidence transcriptions,True,SRC-006181D7,164,165,ml,high,85.4,medium,,,"ID: Brownish orange with violet spots on head. body and fins; lyre-shaped tail with white margin. Solitary. Coastal reefs, lagoons and outer reefs in 4-200 m."
1614,ececc11b-1c00-54ca-a5e9-41f128eccb63,Yellow-edged Lyretail,Vaniola louti,pending_review,identity confidence is below the inclusion threshold; account transcription confidence is not high; identification descriptions are not high-confidence transcriptions,True,SRC-38078C92,164,165,tl,high,85.4,medium,,,"ID: Violet to orange-red to brown with violet to blue spots on head, body and fins; lyre-shaped tail with yellow margin. Solitary. Clear waters of lagoons and outer reefs in 3-240 m."
1615,71d58523-f5d5-58e3-a2de-c8cd2a05efc1,Whitebanded Pygmy Wormfish,Wetniorella albofasciata,pending_review,identity confidence is below the inclusion threshold; account transcription confidence is not high; identification descriptions are not high-confidence transcriptions,True,SRC-37750C3C,209,210,ml,medium,72.9,medium,,,"ID: Brown; pair of inwazd slanting white bands on mid-side. pair of white bands radiate from eye, thin white bar on tail base, black spots on dorsal anal and ventral fins. Solitary. Crevices and recesses of lagoon and seaward reefs in 8-42 m."
1616,ecdcd9c5-6bcf-58a0-9b71-037d67507006,Shoulderspot Wormfish,Leptojulis cyanopleura,pending_review,identity confidence is below the inclusion threshold,True,SRC-6BCAA63C,209,210,bl,high,92.5,high,,,"ID: TP - Green to blue-green; diffuse yellowish blotch above pectoral fin, blue-edged orange bands on head and tail. Form aggregations; feed on plankton 1-2 m above substrate. Sand and rubble areas and reefs in 6-45 m."
1617,60d088d6-bb3f-56d0-aebf-de19419d88c4,Sharpnose Wormfish,Valamugil nigtopinnata,pending_review,identity confidence is below the inclusion threshold; identification descriptions are not high-confidence transcriptions,True,SRC-1FDEC956,209,210,mr,low,55.6,high,,,"ID: Red to brownish: yellow bar behind eye.and another © _actoes tail bane, white-edged biack spot on ventral, reat dome! and anal fins. Solitary. Recasses, caves and crevices of lagoon, and seewand reefs to 30m."
1618,fd845ad9-7f82-57de-8af0-f553b7ed0f70,Gilded Triggerfish,Xanthichthys auromarginatus,pending_review,identity confidence is below the inclusion threshold; no identification description,True,SRC-ADB38FAF,408,409,tl,high,94.8,high,,,
1619,559261b8-ecc4-5cf4-acce-5acd75dcd49a,Crosshatch Triggerfish,Xanthichthys mento,pending_review,identity confidence is below the inclusion threshold; no identification description,True,SRC-9D7EF0C1,407,408,bl,medium,76,high,,,
1620,4dbbca9e-b33d-5785-baa4-e1f65fee5a48,Snake Blenny,Xiphasia setifer,pending_review,account transcription confidence is not high; identification descriptions are not high-confidence transcriptions,True,SRC-5C5B30EA,343,344,bl,high,100,medium,,,"ID: Greatly elongate, resemble an eel with a prominent dorsal fin; alternating dark and light brown bands. Solitary. Sand or mud bottoms near reefs in 2-20 m."
1621,ca4c4ea3-fd55-50b6-b4f2-d9decdab8473,Shadow Goby,Yongeichthys nebulosus,pending_review,no identification description,True,SRC-CA98AB5A,328,329,bl,high,100,high,,,
1622,cdfc2035-ad85-5272-867a-91a5bba76772,Shortfin Spadefish,Zabidius novemaculeatus,included,,True,SRC-CDD2D7F6,43,44,ml,high,100,high,,,"ID: Silver, faint eye bar and second faint bar through pectoral fins; row of pearly white spots just above lateral line; slight bump between eyes. Usually form groups. Inshore coral teefs, often in turbid water in 2-25 m."
1623,5f7f428a-5382-5056-af3c-c86af81e06d1,Oorish Idol Manta,Zanclus cornutus,pending_review,identity confidence is below the inclusion threshold; account transcription confidence is not high; identification descriptions are not high-confidence transcriptions,True,SRC-AEA483F0,55,56,br,high,87.4,medium,,,"ID: Three wide black and two pale yellow bars, yellow saddle marking on long protruding snout; long trailing dorsal fin filament. Solitary, in pairs or groups; feed primarily on sponges. Lagoons and outer reefs to 180 m."
1624,9cd9549c-6efc-5d91-a63f-f5277fca3518,Indian Sailfin Tang,Zebrasoma desjardinii,pending_review,account transcription confidence is not high; identification descriptions are not high-confidence transcriptions,True,SRC-2CD2182C,51,52,bl,high,100,medium,,,"ID: Generally gray with pattern of bars and spots on sides; I enlarged dorsal and anal fins marked with pale lines: tail dark 1 with blue spots. Jevesie - Similar, but yellow-gold. Solitary or 1 form groups. Lagoons and outer reefs in 3-30 m. i"
1625,681ed324-fe2f-559d-a22a-09e3713e1488,Yellow Tang,Zebrasoma flavescens,pending_review,account transcription confidence is not high; identification descriptions are not high-confidence transcriptions,True,SRC-A5586C63,51,52,br,high,100,medium,,,ID: Bright yellow with white tail spine; occasionally have a white horizontal line along middle of body. Solitary or form loose groups. Rich coral areas in lagoons and outer reef slopes in 2-46 m.
1626,3d41bc59-193c-5a25-930a-2d84dcff55fd,Longnose Tang,Zebrasoma rostratum,pending_review,identity confidence is below the inclusion threshold; account transcription confidence is not high; identification descriptions are not high-confidence transcriptions,True,SRC-5A0F98C3,50,51,br,high,82.9,medium,,,"1: Dac brown to oat blac, white tail apn, protrxting snout. Solitary.or form groups; feed on: filamentous algas. ‘Lagoons and seaward reais in 3-20 m. Bast Cental Pactti Lane tp, Yo Fusnch Fotynssie ant east to :"
1627,c345a1fe-a233-5c79-bfc7-1923b1b43b60,Pacific Sailfin Tang,Zebrasoma scopas,pending_review,identity confidence is below the inclusion threshold; account transcription confidence is not high; identification descriptions are not high-confidence transcriptions,True,SRC-579C0791,51,52,tl,high,89.9,medium,,,ID: Yellowish brown gradating to nearly black on the tail dark brush-like patch of bristles in front of white tail spine; tiny pale blue dots or lines on head and body. Solitary or form groups. Lagoons and outer reefs to 50 m.
1628,8971602f-c338-5151-9f58-a6efa9746db7,Brushtail Tang,Zebrasoma veliferum,pending_review,identity confidence is below the inclusion threshold; account transcription confidence is not high; identification descriptions are not high-confidence transcriptions,True,SRC-F19DC6D0,51,52,ml,high,90.9,medium,,,"ID: White bars alternate with gray to brown bars, tail white to yellowish to brown without spots; greatly enlarged dorsal and anal fins are dark gray to brown with pale bands. Solitary or form groups. Lagoon and outer reefs to 45 m. ("
1629,5e1834f8-29c2-543a-b5d3-e5d42e264a40,Estuarine Halfbeak,Zenarchopterus dispar,included,,True,SRC-31970B57,135,136,mr,high,100,high,,,"ID: Silvery; slender body with very short upper jaw and elongate sword-like lower jaw; margin of tail straight (not forked). Common in estuaries, but occasionally at surface above coral reefs and near mangroves."
1630,9f15cb68-864a-57d5-98fc-879fa30ef77d,Andaman Butterflyfish,Chaetodon sp.,pending_review,account transcription confidence is not high; identification descriptions are not high-confidence transcriptions,True,SRC-E6F26745,20,21,tr,high,100,medium,,,ID: Bright yellow with numerous faint stripes; black spot on base of tail. Solitary or in pairs. Rock and coral reefs near shore and on outer slopes in 10-40 m. An undescribed species previously confused with Blue-spot Butterflyfish [previous].
1631,e32de9fc-666a-58ab-bb93-3571b5ec8841,Yellow Crown Demoiselle,Chrysiptera sp.,included,,True,SRC-869E5314,73,74,mr,high,100,high,,,ID: Light gray to whitish with translucent ventral fins; broad yellow wash from snout to mid-back. Solitary or form loose groups. Reef tops and surge channels of fringing and offshore Teefs in 2-8 m. A recently discovered undescribed species.
1632,42fa741c-5d6f-5be2-bd62-5e0d9e0f6366,Swarthy Parrotfish,,pending_review,identity confidence is below the inclusion threshold; account transcription confidence is not high; printed identity is incomplete; identification descriptions are not high-confidence transcriptions,True,SRC-DEA76C82,186,187,br,low,,low,,,"D: Black to ieci-beowyn with numerous small white spots, tal. —-traistucent; often display white bar across tail base. Usually Sn eanell geoupe on rubble bottoms near regia."
1633,d0fa447c-6948-51c9-bddf-be2228dc016f,Bearded Dottyback,Pseudoplesiops sp.,included,,True,SRC-C7E3469D,277,278,br,high,100,high,,,ID: Greenish yellow to bright yellow; skin flap extends from chin. Solitary and cryptic. Holes and recesses of seaward reefs to 15 m.
1634,63e9a3fc-94fd-5015-beae-9f7ea23fe134,Yellowtail Sandperch,Parapercis sp.,pending_review,identity confidence is below the inclusion threshold; account transcription confidence is not high; identification descriptions are not high-confidence transcriptions,True,SRC-E394CC97,295,296,br,low,,low,,,ID: White on hack with 9 gray to black bare on side with 2 rows of black = betwean; ‘greenish yellow tail. Solitary or ataall loose groupe. Sand bottoms near reefs in 3-20 m.
1635,429269d7-26f6-59b0-afbe-c88e0ccd4ee8,Wass's Jawfish,Opistognathus sp.,pending_review,account transcription confidence is not high; identification descriptions are not high-confidence transcriptions,True,SRC-5B61852D,298,299,mr,high,100,medium,,,"ID: Red brown; white blotches on head and double row of large white blotches on body, prominent white-edged black spot on front of dorsal fin. Solitary. Inhabit rock-lined burrows on sand and rubble bottoms in 10-45 m."
1636,b16558c8-c88a-5367-bf59-474e803a4f83,Andaman Jawfish,Opistognathus sp.,included,,True,SRC-829A4D63,298,299,br,high,100,high,,,"ID: Dark brown head with blue spots, yellow-brown front body gradating to blue rear body and yellow tail. Solitary. Inhabit rock-lined burrows on sand and rubble bottoms near teefs in 5-25 m."
1637,13aa5081-0135-5e62-b075-2cc15baa7b3d,Brownblotch Jawfish,Opistognathus sp.,pending_review,identity confidence is below the inclusion threshold; account transcription confidence is not high; identification descriptions are not high-confidence transcriptions,True,SRC-79BB9490,299,300,bl,low,,low,,,"1D: Whitish with brown mottling on upper head; row of large ‘brown mid-lateral blotches or spots, darkich doreal fin with whitish marky on spines. Solitary, Inhabit Tock-ined burrows on sand end rabble bottoms,"
1638,01c91070-7382-5486-a608-957e430042d2,Five-bar Shrimpgoby,Amblyeleotris sp.,pending_review,account transcription confidence is not high; identification descriptions are not high-confidence transcriptions,True,SRC-41B2CE18,303,304,mr,high,100,medium,,,"ID: Tan with 5 dark brown bars with pale borders; dark wedge-shaped bar below eye, black spot on base of first dorsal fin. Share burrow with alpheid shrimp. Possibly juvenile A. fontanesii, Sandy lagoons in 5-40 m."
1639,6ac444e5-e1e6-593d-8c1a-5d70f730d61d,Black Shrimpgoby,Cryptocentrus sp.,pending_review,account transcription confidence is not high; identification descriptions are not high-confidence transcriptions,True,SRC-88DB3798,307,308,br,high,100,medium,,,"ID: Black with tiny blue spots on head and body; yellowish or white outer half of 1st dorsal fin, large black spots on pale 2nd dorsal fin. Share burrow with alpheid shrimp. Sand areas of sheltered lagoons in 6-15 m."
1640,5bdb0123-4337-560a-a53d-1655b209b658,Black-rayed Shrimpgoby,Myersina sp.,pending_review,account transcription confidence is not high; identification descriptions are not high-confidence transcriptions,True,SRC-9AB00FB5,310,311,tr,high,100,medium,,,"ID: Brown to gray with several dark saddles along back white upper eye, blue streaks on anal and tail fins. Generic classification uncertain. Share burrow with alpheid shrimp Sand bottoms near coastal reefs in 2-40 m."
1641,4f54e6fd-3e68-523f-9225-59744a4cde4a,Yellowfin Shrimpgoby,Tomiyamichthys sp.,pending_review,account transcription confidence is not high; no identification description,True,SRC-82699103,311,312,ml,high,100,medium,,,
1642,cd80008b-cbca-5cc5-9826-a8d49c5a4270,Highfin Shrimpgoby,Tomiyamichthys sp.,pending_review,account transcription confidence is not high; identification descriptions are not high-confidence transcriptions,True,SRC-9E1D55A3,311,312,mr,high,100,medium,,,"ID: Irregular brown saddles on upper body, white below with black blotches and brown bars; short filaments and pair of black spots on 1st dorsal fin. Share burrow with alpheid shrimp. Sheltered sand slopes in 15-40 m."
1643,a0b0fd0f-8ecf-568a-b033-2383b5d6a159,Rayed Shrimpgoby,Tomiyamichthys sp.,pending_review,account transcription confidence is not high; identification descriptions are not high-confidence transcriptions,True,SRC-4E1D4086,311,312,bl,high,100,medium,,,ID: Mottled dark brown front body and pale brown blotched rear; fan-shaped 1st dorsal fin with protruding filaments and blue spot. Status of genus Tomiyamichthys questionable. Share burrow with alpheid shrimp. Sand and rubble bottoms in 3-20 m.
1644,b562a1ac-cdd6-5532-9752-cb481b696e8a,Spangled Shrimpgoby,Vanderhorstia sp.,included,,True,SRC-859D8A40,312,313,ml,high,100,high,,,ID: Mole - Pale bluish covered with yellow and blue spots neon-blue stripe from snout to ist dorsal fin; large 1st dorsal fin. Share burrow with alpheid shrimp. Estuaries and sheltered reefs in 5-35 m.
1645,9ec40bfb-6c3e-5f5d-92e3-d53b91cfda63,Majestic Shrimpgoby,Vanderhorstia sp.,pending_review,account transcription confidence is not high; identification descriptions are not high-confidence transcriptions,True,SRC-9615A6F5,312,313,bl,high,100,medium,,,"ID: Male - Yellowish upper body, whitish below; neon stripe from snout to 1st dorsal, blue stripe on upper body breaks into spots on rear; tal] 1st dorsal fin; Share burrow with alpheid shrimp. Sheltered sand or silt bottoms in 5-30 m."
1646,5814dabf-10ce-5b96-a6f2-e2540eb12164,Yellowstripe Dwarfgoby,Trimma sp.,pending_review,account transcription confidence is not high; identification descriptions are not high-confidence transcriptions,True,SRC-4C6BD12B,329,330,br,high,100,medium,,,"ID: Reddish back, darker red mid-iaterally and whitish below: blue-green stripes below and between eyes, may display yellow stripe from eye to tail base. Solitary or form small groups. On coral boulders inside sheltered coastal reefs in 25-40 m."
1647,3be25367-4785-5f76-939b-e8217d5e50b0,Redhead Dwarfgoby,Trimma sp.,pending_review,account transcription confidence is not high; identification descriptions are not high-confidence transcriptions,True,SRC-005CDE8C,331,332,tl,high,100,medium,,,"ID: Translucent with reddish head and mid-body; blue to lilac stripes and streaks on fins, large dark spot at tail base elongate filament on 1st dorsal fin. Form hovering aggregations in caves and under ledges of steep outer reef slopes in 15-40 m."
1648,1b2af892-dcf8-5476-ba87-54b29f7ded87,Andaman Triplefin,Helcogramma sp.,pending_review,account transcription confidence is not high; identification descriptions are not high-confidence transcriptions,True,SRC-053D8A5C,358,359,br,high,100,medium,,,"ID: Translucent with reddish spots and white flecks on body; silvery white lower head and belly, white iris. Solitary. Perch on dead, algal-covered coastal reefs to 8 m."
1649,31fa7d9b-587e-52fb-9ab0-fb6ce0ae1623,Sailfin Waspfish,Paracentropogon sp.,pending_review,identification descriptions are not high-confidence transcriptions,True,SRC-58818E13,382,383,mr,high,100,high,,,"ID; Shades of reddish brown with Gack blotches; V-shaped notches between most dorsal fin spines, but only shallow dip between 2nd and 2rd spine, menibrana of 3rd spine attaches neat bese of 4th. Solitary. Coastal reefs i 3-20 m."
1650,7944438c-fe06-5c76-8579-3dc5473c418e,Reticulate Stargazer,Uranoscopus sp.,included,,True,SRC-F437199C,385,386,mr,high,100,high,,,"ID: White to pale gray with reddish brawn to charcoal spots also blotches and reticulations, 2 wide somewhat indistinct bars on side; large rounded head with upturned mouth small eyes. Solitary, bury in sand. Coastal waters in 5 to at least 50 m."
1651,108a03f9-e007-59d4-80ab-2c49522d7659,Pygmy Seahorse,Hippocampus sp.,pending_review,identity confidence is below the inclusion threshold; account transcription confidence is not high; identification descriptions are not high-confidence transcriptions,True,SRC-5762947C,432,433,mr,low,,low,,,"mD: xize, smooth skin texture, prota‘ Fr, SO, Sooty aa otoune Ackng eke nae orl or cy als in 8-16 m, Tovaltsed: Lard Howe 1, and Milne Sty Province ip Papua jew Guinier. nd"
