creature_id,common_name,exclusion_reason
000948be-40ec-5fac-a83a-e4f64ecc1d8e,Vanderbilt's Chromis,account transcription confidence is not high; no identification trait transcription
000961c8-1cb5-5712-a5aa-a1d382cd6433,Hyaline Cardinalfish,account transcription confidence is not high; identification traits are not high-confidence transcriptions
00c7de00-8405-5983-9302-5f60544992c1,Guam Reef Damsel,identity confidence is below the starter-pack threshold; account transcription confidence is not high
00ce79f8-d243-5a43-9a86-7273fd1d3810,Knife Razorfish,eligible but outside the deterministic 40-record starter-pack limit
00d6cdd7-ccfb-5c54-9f7d-c7f369078524,Twinspot Goby,identity confidence is below the starter-pack threshold; account transcription confidence is not high; identification traits are not high-confidence transcriptions
00f689e6-cfc3-55e7-88c9-c4265a122e53,Picturesque Dragonet,eligible but outside the deterministic 40-record starter-pack limit
011cdb74-eaa5-5851-8ae7-3bba7319f9d2,Starry Triggerfish,eligible but outside the deterministic 40-record starter-pack limit
014d038e-a327-5ea4-8d25-5f3b75f9e9e1,Orangespot Cardinalfish,eligible but outside the deterministic 40-record starter-pack limit
01b7d3eb-1132-5744-bfea-48b4843ea278,Scaly Chromis,account transcription confidence is not high; identification traits are not high-confidence transcriptions
01c91070-7382-5486-a608-957e430042d2,Five-bar Shrimpgoby,account transcription confidence is not high; identification traits are not high-confidence transcriptions
01eac3b1-a6ce-5214-b000-f19caae10f85,Freckled Goatfish,identity confidence is below the starter-pack threshold; account transcription confidence is not high; identification traits are not high-confidence transcriptions
02205eb9-4a5a-5766-984f-ba405e0de1c1,Silver Trevally Jack,account transcription confidence is not high; identification traits are not high-confidence transcriptions
023d7dc1-4eb0-5b33-ab53-6fe8a8506535,Bloch's Bigeye,identity confidence is below the starter-pack threshold; account transcription confidence is not high
0258800f-2e36-5c54-a815-ab00e8c56755,Black-barred Goby,identity confidence is below the starter-pack threshold; account transcription confidence is not high; identification traits are not high-confidence transcriptions
02acb9e9-2db3-5ec4-8b00-810fcafc46ae,Allen's Blenny,identity confidence is below the starter-pack threshold; account transcription confidence is not high; identification traits are not high-confidence transcriptions
032b02e4-2890-5c76-bd77-80435e3e5ee1,Sangi Cardinalfish,account transcription confidence is not high; identification traits are not high-confidence transcriptions
03af6a3d-5816-5046-868f-e87e52134132,Miller's Damsel,identity confidence is below the starter-pack threshold; account transcription confidence is not high; identification traits are not high-confidence transcriptions
042547cf-2420-5eae-8135-f513b3e6bdf8,Candystripe Wormfish,identity confidence is below the starter-pack threshold
042f8722-88e3-5fc2-8f26-66d00b546730,Dragon Moray,eligible but outside the deterministic 40-record starter-pack limit
047c8b8f-254b-573b-a888-cfdf300a983b,Red Snapper,eligible but outside the deterministic 40-record starter-pack limit
04b73ce8-ff43-52c9-a10e-87d282e3a6ad,Whiteblotched Grouper,eligible but outside the deterministic 40-record starter-pack limit
04c94bac-4519-5a1a-a0e5-5f9d50d9f43c,Whitemargin Unicornfish,account transcription confidence is not high; identification traits are not high-confidence transcriptions
04cbf9ce-2ac9-529d-b3cb-72e81dc79ef9,Blotcheye \dierfish,account transcription confidence is not high; identification traits are not high-confidence transcriptions
04ede08f-8c59-5bd3-af68-243d6ff8af78,Wirenet Filefish,account transcription confidence is not high; identification traits are not high-confidence transcriptions
04ef296b-c734-55e7-be0d-ba371f0ff5f9,Wester Dragonet,identity confidence is below the starter-pack threshold
0513da5f-55ad-5bcf-9bd7-5d58c6a79ac8,Orange-spotted Grouper,account transcription confidence is not high; identification traits are not high-confidence transcriptions
052a5c62-b961-5a60-a49d-dc6d1c79a463,Gold-lined Squirrelfish,identity confidence is below the starter-pack threshold; account transcription confidence is not high; no identification trait transcription
053466e0-679c-570d-8108-5dcfa48f2282,Lacey Scorpionfish,eligible but outside the deterministic 40-record starter-pack limit
057a4730-aac2-5a14-8aac-5ac8b76e32a3,Mandarinfish,account transcription confidence is not high; identification traits are not high-confidence transcriptions
05c58fa8-0ba9-57d7-b86c-fe21b4cc88e5,OrangeHead Wormfish,identity confidence is below the starter-pack threshold
05c9e0f9-050e-5821-a2ca-ea677186a5e7,Golden-lined Snapper,identity confidence is below the starter-pack threshold; account transcription confidence is not high; identification traits are not high-confidence transcriptions
05e52150-8860-5299-b822-835d2967f1a7,Blue-barred Ribbongoby,identity confidence is below the starter-pack threshold; account transcription confidence is not high; no identification trait transcription
05e77f13-d929-56f4-9097-9c9c8ffbe402,Quoy's Parrotfish,identity confidence is below the starter-pack threshold; account transcription confidence is not high; identification traits are not high-confidence transcriptions
06651f71-18be-54dc-a02a-8607832d1bc8,2 Snubnose Grouper,account transcription confidence is not high; no identification trait transcription
066be4af-bd58-5dfd-b118-f6aee467b598,Hexagon Grouper,eligible but outside the deterministic 40-record starter-pack limit
0684fce8-0955-5ba0-859c-aa3673bcc694,Common Ghostgoby,account transcription confidence is not high; identification traits are not high-confidence transcriptions
06c5f50f-b983-5fac-92e2-62439530fdba,Giant Estuarine Moray,account transcription confidence is not high; identification traits are not high-confidence transcriptions
06e0c162-cc10-57ea-a765-f8b356a29210,Blackspotted \dierfish,identity confidence is below the starter-pack threshold
0749ae93-5364-52dc-a3e8-4414db9bf635,Indian Dascyllus,identity confidence is below the starter-pack threshold; account transcription confidence is not high; identification traits are not high-confidence transcriptions
076e6a60-8638-5e4a-95c8-980f2905276b,,identity confidence is below the starter-pack threshold; account transcription confidence is not high; identity is incomplete; identification traits are not high-confidence transcriptions
079407de-0554-5d7c-b078-6665aeedae53,Spotgill Longfin Devilfish,account transcription confidence is not high; identification traits are not high-confidence transcriptions
07ac0eaf-bf52-55a6-864b-cd1c9e4fa3ad,Milne Bay Demoiselle,account transcription confidence is not high; identification traits are not high-confidence transcriptions
07db83ae-9e3e-505c-945a-05b4fd83de72,,identity confidence is below the starter-pack threshold; account transcription confidence is not high; identity is incomplete; no identification trait transcription
08020ee6-f8e6-5442-b240-bd6ebc4da0bf,Glasseye Bigeye,account transcription confidence is not high; identification traits are not high-confidence transcriptions
081a0542-4748-5883-ab40-c2c96fcb5fb4,Zebra Dartfish,identity confidence is below the starter-pack threshold; no identification trait transcription
081b6eca-5346-5a4a-ba7f-9e55e56a7ab7,Pearly Monocle Bream,identity confidence is below the starter-pack threshold
08d61847-f3b1-56a1-993c-c2c2fbe1f05f,Variegated Cardinalfish,identity confidence is below the starter-pack threshold; no identification trait transcription
08f8b803-5662-5828-bd5b-1ef43d0f5730,B Malabar Grouper,identity confidence is below the starter-pack threshold; account transcription confidence is not high; no identification trait transcription
093cefad-cf93-547e-bd71-9053b6f5f163,Blackcap Butterflyfish,account transcription confidence is not high; identification traits are not high-confidence transcriptions
094d1295-0561-54cc-a30c-d4a91004b637,Sargassumfish,account transcription confidence is not high; identification traits are not high-confidence transcriptions
095554b8-827a-59ab-9ded-bb321130adbf,Eared Blenny,identity confidence is below the starter-pack threshold
09735678-2f4d-51b8-a2eb-d5a6953e3d71,Lemon Coralgoby,eligible but outside the deterministic 40-record starter-pack limit
098cb8cb-624f-5788-91bc-eef649356522,Black Coral Goby,identity confidence is below the starter-pack threshold
0a1fb673-d20d-560d-bd75-3e10ab34ea45,Coral Rabbitfish,identity confidence is below the starter-pack threshold
0aa59113-0fe6-5f3a-9f19-c08b36be7ccb,Thinstriped Dottyback,eligible but outside the deterministic 40-record starter-pack limit
0b27ebf5-b4bb-588d-89fd-33d5699a0c63,Pinnate Spadefish,identity confidence is below the starter-pack threshold; account transcription confidence is not high; identification traits are not high-confidence transcriptions
0b6c1d9f-3011-5a59-a66b-8e3aa65146b4,Giant Grouper,eligible but outside the deterministic 40-record starter-pack limit
0b9e25b8-0e0e-5a2e-ba2d-f939cb9c05ae,Orangetip Bristletooth,account transcription confidence is not high; identification traits are not high-confidence transcriptions
0ba171f4-631d-5cac-9d83-aa0e1c333475,Mauritius Scorpionfish,identity confidence is below the starter-pack threshold
0c2583fa-7f02-59ac-8223-76b28ff6d965,Papuan Jawfish,account transcription confidence is not high; no identification trait transcription
0c613fa9-d600-5134-89f8-9641291bc72f,Redhead Dwarfgoby,identity confidence is below the starter-pack threshold; account transcription confidence is not high
0c8de9d0-1b2c-5403-a82f-d68148e3905c,Randall's Devilfish,identity confidence is below the starter-pack threshold; account transcription confidence is not high; identification traits are not high-confidence transcriptions
0ca5f3ac-ca77-5375-9429-ca7be145e23b,Bleeker's Parrotfish,identity confidence is below the starter-pack threshold; account transcription confidence is not high; identification traits are not high-confidence transcriptions
0d001eef-bd23-5b44-9d46-6aaf504cea35,Indian Pinstriped Wormfish,account transcription confidence is not high; identification traits are not high-confidence transcriptions
0d174396-5637-5cad-bcc3-be7afcef66e1,Achilles Tang,account transcription confidence is not high; identification traits are not high-confidence transcriptions
0d3c9306-97da-5234-8d10-255c7bdadd97,Goldstriped Sweetlips,identity confidence is below the starter-pack threshold; account transcription confidence is not high; identification traits are not high-confidence transcriptions
0d5576eb-5a1c-561b-97f2-648ac640c9dd,,identity confidence is below the starter-pack threshold; account transcription confidence is not high; identity is incomplete; no identification trait transcription
0d98c143-e250-5d05-9f34-d52236fc60c9,Estuary Waspfish,eligible but outside the deterministic 40-record starter-pack limit
0dc6da64-a7a8-5ad9-a36e-fac980ee5dd5,Double-spotted Queenfish,identity confidence is below the starter-pack threshold; account transcription confidence is not high; identification traits are not high-confidence transcriptions
0dcdf228-b9f9-5dc6-ada6-3206eb88aac1,,identity confidence is below the starter-pack threshold; account transcription confidence is not high; identity is incomplete; no identification trait transcription
0dd03178-a273-509f-a1d8-8de46386a0c4,Lagoon Shrimpgoby,account transcription confidence is not high; identification traits are not high-confidence transcriptions
0de44cde-50ca-5a0c-b39e-77cdb7db7e81,Manybar Goatfish,identity confidence is below the starter-pack threshold
0e5917e0-5826-5996-911b-6e32d34d80b8,Bartlett's Anthias,account transcription confidence is not high; identification traits are not high-confidence transcriptions
0e9717ea-3b8e-55f3-b7f5-d3d4993e600a,Whitespot Damsel,identity confidence is below the starter-pack threshold; no identification trait transcription
0eb552ac-8e55-573d-af0f-a9d5c1afdb38,Imposter Fangblenny,account transcription confidence is not high; identification traits are not high-confidence transcriptions
0efb6da7-1078-5f70-844b-b1b324969c2b,Sphynx Goby,eligible but outside the deterministic 40-record starter-pack limit
0f41f71a-78db-5204-94b9-8b4813756aee,Black-finned Snake Eel,account transcription confidence is not high; identification traits are not high-confidence transcriptions
0f82238b-860a-5687-818b-04960e2a24d7,Coral Sea Gregory,identity confidence is below the starter-pack threshold
0fbc3d58-311e-5be0-b61c-f4da9ee649f1,Singapore Cardinalfish,eligible but outside the deterministic 40-record starter-pack limit
0fcaba8c-1b80-557a-bf12-65e2a3d4e75c,Diamond-scale Mullet,account transcription confidence is not high; identification traits are not high-confidence transcriptions
0feabbe9-1c48-5d6c-ba10-da289b8f3b28,Ear-spot Pygmygoby,account transcription confidence is not high; identification traits are not high-confidence transcriptions
0ff2155b-4fb1-56dc-93c4-8e2622778307,Western King Wormfish,identity confidence is below the starter-pack threshold; identification traits are not high-confidence transcriptions
10121d30-981b-5060-b3f1-1d7d1c451251,Yellowbelly Cardinalfish,account transcription confidence is not high; identification traits are not high-confidence transcriptions
1040d730-f310-50db-954c-d67f5c3714b8,Easter Island Butterflyfish,account transcription confidence is not high; identification traits are not high-confidence transcriptions
1041322a-63b3-531c-a48b-f480d52e3fe6,Lady Musgrave Blenny,account transcription confidence is not high; identification traits are not high-confidence transcriptions
108a03f9-e007-59d4-80ab-2c49522d7659,Pygmy Seahorse,identity confidence is below the starter-pack threshold; account transcription confidence is not high; identification traits are not high-confidence transcriptions
10a7c776-4c9c-5f5d-8e08-2a97bc5938a8,Spurcheek Cardinalfish,account transcription confidence is not high; identification traits are not high-confidence transcriptions
10ef58a3-c8db-50ed-8253-b830d86e6809,Urchin Siphonfish,identity confidence is below the starter-pack threshold; account transcription confidence is not high; identification traits are not high-confidence transcriptions
10fee718-f32b-519c-948e-4162e10a166b,Borneo Dottyback,account transcription confidence is not high; identification traits are not high-confidence transcriptions
11114c07-c08b-5d58-b11c-75bc0f6f7aa5,Shortnose Boxfish,identity confidence is below the starter-pack threshold; account transcription confidence is not high; identification traits are not high-confidence transcriptions
11845ac9-0987-5897-b8a5-8ca18ab86592,Goldstripped Wormfish,identity confidence is below the starter-pack threshold; account transcription confidence is not high; identification traits are not high-confidence transcriptions
1193e8cd-2e4d-5964-abd6-5b9e27611647,Bluehead Tilefish,identity confidence is below the starter-pack threshold; account transcription confidence is not high; identification traits are not high-confidence transcriptions
11d7defd-4ebe-5ba1-aeba-81eef1aa1526,Spot-tail Butterflyfish,identity confidence is below the starter-pack threshold; account transcription confidence is not high
11da2d83-d5da-56b5-9797-0f1476f77f2a,Gold-speckled Shrimpgoby,identity confidence is below the starter-pack threshold; account transcription confidence is not high; identification traits are not high-confidence transcriptions
12000ecb-3487-5396-acd2-2eb0c0aee2ad,Mushroom Coral Pipefish,identity confidence is below the starter-pack threshold; account transcription confidence is not high; identification traits are not high-confidence transcriptions
120c9b09-274e-5a34-9a35-9efe54395805,Banded Flap-head Goby,identity confidence is below the starter-pack threshold; account transcription confidence is not high; identification traits are not high-confidence transcriptions
12135912-59af-5b63-9015-67e636beea7c,Pinktail Triggerfish,eligible but outside the deterministic 40-record starter-pack limit
12288ab1-2fec-5b5b-86f4-56426aa2535b,Fourline Wormfish,identity confidence is below the starter-pack threshold; identification traits are not high-confidence transcriptions
1243acc2-ac01-5bcd-af9b-d3cb7fce670b,Timor Snapper,no identification trait transcription
12bf6758-aa79-5211-8d9b-dba6f021b6cb,Kuiter’'s Wormfish,identity confidence is below the starter-pack threshold
12e6e6b6-4996-5ad5-a182-7a8cfd656423,Clown Toadfish,identity confidence is below the starter-pack threshold; identification traits are not high-confidence transcriptions
12f76fa4-af23-503b-a2af-d58b413bc174,Bluestriped Fangblenny,account transcription confidence is not high; no identification trait transcription
133203c6-45dd-5eb1-ba72-d048c3299612,Stareye Parrotfish,identity confidence is below the starter-pack threshold; identification traits are not high-confidence transcriptions
1334f447-c6c8-54f2-8891-e6c011df2d77,Cheekspot Scorpionfish,identity confidence is below the starter-pack threshold; account transcription confidence is not high; identification traits are not high-confidence transcriptions
13658e92-4b8d-502e-aa3a-ca46544c2738,Harlequin Tuskfish,eligible but outside the deterministic 40-record starter-pack limit
137242c1-9b1a-5fce-a070-1dcd6ba8f5da,Kodipungi Lionfish,identity confidence is below the starter-pack threshold; account transcription confidence is not high
13aa5081-0135-5e62-b075-2cc15baa7b3d,Brownblotch Jawfish,identity confidence is below the starter-pack threshold; account transcription confidence is not high; identification traits are not high-confidence transcriptions
13be6c26-e1d5-5334-9539-2c6e9eeea575,Yellowstripe Dwarfgoby,identity confidence is below the starter-pack threshold; account transcription confidence is not high; identification traits are not high-confidence transcriptions
13c144f2-d192-5105-860c-309da8601078,Narrowstripe Cardinalfish,account transcription confidence is not high; identification traits are not high-confidence transcriptions
13ca035f-c683-500d-baae-727c6953f294,Blue-stripe Angelfish,identity confidence is below the starter-pack threshold; account transcription confidence is not high; identification traits are not high-confidence transcriptions
13f68101-da25-5347-a00f-e7a4f692e95f,3anggai Cardinalfish,identity confidence is below the starter-pack threshold; account transcription confidence is not high
1400f0a0-0341-5ae0-9fde-8ec7c11e3e41,Whitebar Surgeonfish,account transcription confidence is not high; identification traits are not high-confidence transcriptions
140a177c-9862-56d4-8c43-8ecef6dae135,Miracle Triplefin,identity confidence is below the starter-pack threshold; account transcription confidence is not high; identification traits are not high-confidence transcriptions
140d18f0-dcef-564f-ad8c-965b1fb41871,Black-banded Snapper,account transcription confidence is not high; identification traits are not high-confidence transcriptions
1410acdc-b1aa-5196-b9d6-b0eb85b9fef7,Bluesided Wormfish,identity confidence is below the starter-pack threshold; account transcription confidence is not high; identification traits are not high-confidence transcriptions
1410fb17-8e94-5eb9-9b3b-eeabcd521f7f,Blue-barred Parrotfish,account transcription confidence is not high; identification traits are not high-confidence transcriptions
14548b26-3ece-526f-ab9c-ab5293546dbf,Giant Shrimpgoby,eligible but outside the deterministic 40-record starter-pack limit
1455aee1-b8a8-5caf-89f9-bd4e15c4d323,Lubbock's Blenny,account transcription confidence is not high; identification traits are not high-confidence transcriptions
14618857-6af4-517e-8c89-94074cc1ee33,,identity confidence is below the starter-pack threshold; account transcription confidence is not high; identity is incomplete; no identification trait transcription
14e32c6d-1ec1-5f4f-994a-4ffd0dde187b,Graphic Tuskfish,eligible but outside the deterministic 40-record starter-pack limit
14e4ca40-2ced-5790-b43a-8662f86f0f8f,Orbicular Cardinalfish,identity confidence is below the starter-pack threshold; account transcription confidence is not high; identification traits are not high-confidence transcriptions
14ec2f60-3934-5716-a5bf-10022ee21b6c,Threadfin Dartfish,eligible but outside the deterministic 40-record starter-pack limit
1522698f-ba51-51f7-90c7-5539e5fa7c02,Red-tipped Longfin Devilfish,eligible but outside the deterministic 40-record starter-pack limit
15280cc8-8b36-5c84-8870-a8765b4d4d4e,Floral Wormfish,account transcription confidence is not high; identification traits are not high-confidence transcriptions
153bb679-4036-503c-bdf5-660e99f1afb7,Stargazer,identity confidence is below the starter-pack threshold; account transcription confidence is not high; identification traits are not high-confidence transcriptions
153f3de1-6de6-5c8d-8383-0a899ebcf699,Black-blotched ‘ingray,account transcription confidence is not high; identification traits are not high-confidence transcriptions
15c1ab5c-8353-5db2-8787-f7f6025d0dd2,Intermediate Cardinalfish,eligible but outside the deterministic 40-record starter-pack limit
15e09dc3-0c40-597f-a47a-cf801c797402,Estuarine ‘ingray,account transcription confidence is not high; identification traits are not high-confidence transcriptions
1695d4a3-6635-5dda-9299-0d140a54fccb,Checkered Snapper,identity confidence is below the starter-pack threshold; account transcription confidence is not high; identification traits are not high-confidence transcriptions
16da2aee-4491-55b7-a8e2-85e44c0b0dbc,Cinnabar Goatfish,identity confidence is below the starter-pack threshold; account transcription confidence is not high; identification traits are not high-confidence transcriptions
171a8914-8501-5f22-bf9d-612c4763039b,Doublestriped Dottyback,eligible but outside the deterministic 40-record starter-pack limit
17532f45-593e-5a9d-8147-f0e6e0072f0c,Freckled Frogfish,eligible but outside the deterministic 40-record starter-pack limit
176416b5-8eae-5711-aac0-b051d20caf07,Long Filament Dragonet,identity confidence is below the starter-pack threshold; identification traits are not high-confidence transcriptions
176c8c3c-69f0-5c6a-9896-a39cb42670e2,Yellowlined Cardinalfish,eligible but outside the deterministic 40-record starter-pack limit
17811cfe-5cae-5221-91c4-8c5be82684b0,Streaky Rockskipper Blenny,identity confidence is below the starter-pack threshold; account transcription confidence is not high; identification traits are not high-confidence transcriptions
17a3c302-bdbf-5761-a198-217c802baa89,Manyline Basslet,eligible but outside the deterministic 40-record starter-pack limit
17ac75e3-9f5b-5840-9208-d0cee6f567c9,Festive Parrotfish,eligible but outside the deterministic 40-record starter-pack limit
17ae0d04-6f6b-5f88-973a-8f7b63c12e43,Anda Cardinalfish,account transcription confidence is not high; identification traits are not high-confidence transcriptions
17c4dd40-21b9-51ae-bef0-f8e93a4b7c0c,Saddled Butterflyfish,account transcription confidence is not high; identification traits are not high-confidence transcriptions
17d78915-7e7a-50d8-a622-98f9b9e26191,Scheele’s Conger Eels,identity confidence is below the starter-pack threshold
17e10200-b12b-5a5e-bbc4-fd7768b3664d,] Masked Grouper,account transcription confidence is not high; identification traits are not high-confidence transcriptions
1849a9a1-0117-5ab2-b5c3-b974a6d4f3f9,Blackspot Triplefin,identity confidence is below the starter-pack threshold; account transcription confidence is not high; identification traits are not high-confidence transcriptions
1865a0db-35e7-5fa7-9a07-ae3f5ae2ec95,Spotted Unicornfish,account transcription confidence is not high; identification traits are not high-confidence transcriptions
186b7c89-8e8d-559f-b7dc-0a5c5feef0ba,Yaeyama Blenny,eligible but outside the deterministic 40-record starter-pack limit
186cd671-2be8-5a1a-8a73-a953fa9ea1b1,Clouded Lizardfish,eligible but outside the deterministic 40-record starter-pack limit
18a2db4b-5edb-552b-98e3-fb681516609c,Twofin Flashlightfish,account transcription confidence is not high; identification traits are not high-confidence transcriptions
18c24f1c-cfe0-539d-8491-dba803f0fc5c,Smooth Fangblenny,identity confidence is below the starter-pack threshold
18f447e6-6ccb-5fe7-8e42-53fd93ce0e8d,Chevroned Butterflyfish,account transcription confidence is not high
19167860-c997-5f42-87e1-ee5dd810a185,Shark,eligible but outside the deterministic 40-record starter-pack limit
19693f3a-233b-5e40-81ce-bbdcf7bfe523,Dashed-line Blenny,identity confidence is below the starter-pack threshold; account transcription confidence is not high; identification traits are not high-confidence transcriptions
19699253-6a4b-5659-909a-9fc41dfb3522,Argus Wormfish,account transcription confidence is not high; identification traits are not high-confidence transcriptions
198f4c8b-5bb5-5443-a54c-cd00c7a66c7d,Pearlspot Chromis,account transcription confidence is not high
19b41ef9-f899-5cb6-9921-1da6decf8359,Enigmatic Moray,identity confidence is below the starter-pack threshold; account transcription confidence is not high; identification traits are not high-confidence transcriptions
19cfd51a-0241-57a4-9c1d-6266c0cb4d3c,Bandfin Frogfish,account transcription confidence is not high; identification traits are not high-confidence transcriptions
19ebab8a-258b-5199-be92-e50a5cd83ba2,Sandbar Sergeant,identity confidence is below the starter-pack threshold
1a48eab4-5a5e-5dd6-80f6-2683a071ba0b,Longfin Perchlet,eligible but outside the deterministic 40-record starter-pack limit
1a4d2ed5-661e-54ea-babc-90346c70bd83,Saddleback Anemonefish,identity confidence is below the starter-pack threshold
1a72b30d-2d8f-57a0-903d-5ec9039724e2,Colombo Damsel,identity confidence is below the starter-pack threshold
1a82da15-99a1-5a40-84c4-f379b8b87dc9,Cobia Clingfish,account transcription confidence is not high; identification traits are not high-confidence transcriptions
1a8b0b91-5616-5fa3-ac31-0c08685bad36,Whitespot Cardinalfish,no identification trait transcription
1af04763-7e8e-5734-9d15-ca4d5819edf6,Eclipse Parrotfish,identity confidence is below the starter-pack threshold; account transcription confidence is not high; identification traits are not high-confidence transcriptions
1afd6043-954c-5aee-a6fd-cdb1a808381d,Shortfin Lionfish,identity confidence is below the starter-pack threshold; account transcription confidence is not high
1b0d09d9-544f-56be-86ff-8449df3bb56a,,identity confidence is below the starter-pack threshold; account transcription confidence is not high; identity is incomplete; no identification trait transcription
1b18cde6-8227-5ae4-8559-385d09a12a7b,Flame Anthias,eligible but outside the deterministic 40-record starter-pack limit
1b2af892-dcf8-5476-ba87-54b29f7ded87,Andaman Triplefin,account transcription confidence is not high; identification traits are not high-confidence transcriptions
1b5a82d9-c4e1-58c7-ac20-7fc9a968f69e,Spiny Flathead,eligible but outside the deterministic 40-record starter-pack limit
1b6a0c05-eef3-52f7-b107-bfb99e9dcb6c,Mosaic Moray,eligible but outside the deterministic 40-record starter-pack limit
1bb0b6b9-1bd1-5aec-a7dd-1f99a4ea0e43,Pink Dottyback,eligible but outside the deterministic 40-record starter-pack limit
1bbcc1ed-f5d1-53a0-920d-1fb8c6f43659,Powderblue Surgeonfish,account transcription confidence is not high; identification traits are not high-confidence transcriptions
1bc67304-e696-5007-8211-101d8e42247a,Reef 2edlefish,account transcription confidence is not high; identification traits are not high-confidence transcriptions
1c1d3290-149c-52f2-8b26-42482b6b61be,Saddled Shrimpgoby,account transcription confidence is not high; identification traits are not high-confidence transcriptions
1c357276-b569-5bf7-86f0-11b20716cffb,Superb Dragonet,identity confidence is below the starter-pack threshold
1c610332-adab-512a-bdd5-d1c7669d50aa,Blue-girdled Angelfish,identity confidence is below the starter-pack threshold
1cb55dde-2022-58f4-be69-41342823e042,Pearly Dartfish,account transcription confidence is not high; identification traits are not high-confidence transcriptions
1cef7d51-e7ed-5153-839f-555ab9e728fd,Clearfin Lizardfish,eligible but outside the deterministic 40-record starter-pack limit
1d0a742f-2143-5447-bf83-e791b2f92588,Banded Damsel,eligible but outside the deterministic 40-record starter-pack limit
1d261790-6fa0-5a02-bcec-4e1596eabd4c,Whale Sergeant,eligible but outside the deterministic 40-record starter-pack limit
1d3e78d8-05df-5778-af5b-6568f1847926,Bearded Filefish,eligible but outside the deterministic 40-record starter-pack limit
1d3ecbd3-f4ca-5b53-b4a8-6bbc75f1ab17,Blackstripe Fangblenny,account transcription confidence is not high; no identification trait transcription
1dc14e25-e6aa-519c-903b-461de2d4daba,Celebes Wormfish,identity confidence is below the starter-pack threshold; account transcription confidence is not high; identification traits are not high-confidence transcriptions
1dc9ce95-89cf-5477-a8a7-d2bac7842b1d,Solor Wormfish,identity confidence is below the starter-pack threshold
1dff4911-9bc2-519b-ab00-32ee2d0e084f,Sunset Anthias,eligible but outside the deterministic 40-record starter-pack limit
1e03732f-544a-50c9-97a6-6901b7283aa2,,identity confidence is below the starter-pack threshold; account transcription confidence is not high; identity is incomplete; no identification trait transcription
1e10cf2d-3b49-5bf7-a2ef-4a59aa10c916,Bluestreak Fusilier,eligible but outside the deterministic 40-record starter-pack limit
1e47ce96-2cae-52ff-b122-eace100e73a2,Blackspot Snapper,eligible but outside the deterministic 40-record starter-pack limit
1e597d16-a5bd-5305-b531-a82d8066d757,Jagabond Butterflyfish,account transcription confidence is not high; identification traits are not high-confidence transcriptions
1e742610-0e6d-5610-8be7-a3cd4f6b1936,Vermiculated Angelfish,account transcription confidence is not high; identification traits are not high-confidence transcriptions
1e867b08-420f-5d06-abeb-6a45377e5159,Blue Triggerfish,eligible but outside the deterministic 40-record starter-pack limit
1eb658a5-9530-5575-9e6b-ca78d2786df1,Squarebelly Pygmygoby,eligible but outside the deterministic 40-record starter-pack limit
1ed69ae9-7908-5c6c-a862-fb0c44624635,Talang Queenfish,account transcription confidence is not high; identification traits are not high-confidence transcriptions
1eddfcd4-425d-5bfa-8a5d-b97f12a32213,Giant Frogfish,identity confidence is below the starter-pack threshold; account transcription confidence is not high; identification traits are not high-confidence transcriptions
1f412c7c-6a08-5d6d-8daa-372a2d8ca46b,Otfish,account transcription confidence is not high; identification traits are not high-confidence transcriptions
1f44e1ce-3010-581a-89a0-3fbc2566afc1,Marquesan Parrotfish,account transcription confidence is not high; identification traits are not high-confidence transcriptions
1fadcc3a-3a5b-50ed-b849-e4207e674c8d,Blacktip Shrimpgoby,identity confidence is below the starter-pack threshold; account transcription confidence is not high; no identification trait transcription
1fe0efc9-aee1-50d4-9060-ce8fc6fbbf25,Black Cardinalfish,eligible but outside the deterministic 40-record starter-pack limit
2041c3c9-3cc3-5ef1-aca1-4b75c3986724,Redfin Wormfish,identity confidence is below the starter-pack threshold
204faa4f-48e4-554f-a24a-64711ec1042d,Wide-band Anemonefish,account transcription confidence is not high; identification traits are not high-confidence transcriptions
20534d3f-c1b8-5654-8fb8-c233e035a783,Silver Sweetlips,account transcription confidence is not high
206f5575-0285-54b3-a715-7b7c37e92fe6,Weedy Scorpionfish,identity confidence is below the starter-pack threshold; account transcription confidence is not high
208f16bc-c664-579e-92aa-7cab8f789bf1,Humphead Bannerfish,account transcription confidence is not high; identification traits are not high-confidence transcriptions
20b90bc2-1db6-53c6-b342-c148addee7f5,Orbicular Goatfish,identity confidence is below the starter-pack threshold; account transcription confidence is not high; identification traits are not high-confidence transcriptions
20d5f885-1f4a-5a26-ac5e-76198d3c480a,Collared Razorfish,account transcription confidence is not high; identification traits are not high-confidence transcriptions
20e5be0e-fe6c-55c6-ab19-09d8f8f8a99f,Silver Grunter,eligible but outside the deterministic 40-record starter-pack limit
20fb663d-92f7-5e53-bbeb-95213268048b,Mangrove Cardinalfish,account transcription confidence is not high
2120786b-bcb6-5418-83b9-5e3447239900,African Pompano,identity confidence is below the starter-pack threshold; account transcription confidence is not high; identification traits are not high-confidence transcriptions
21301045-bf09-5ccf-844a-786d220d901d,Micronesian Tubelip Wormfish,account transcription confidence is not high; identification traits are not high-confidence transcriptions
213631b4-5ddc-5d40-98d3-3dee5cf58100,Yellow Tilefish,identity confidence is below the starter-pack threshold; account transcription confidence is not high; identification traits are not high-confidence transcriptions
213f6835-63a1-5fed-b113-ad3788d92a5b,Singapore Tuskfish,eligible but outside the deterministic 40-record starter-pack limit
21428b76-dee9-55d3-b5b8-6eb69246403d,River Seabream,account transcription confidence is not high; identification traits are not high-confidence transcriptions
215295d6-b3da-57ad-81b8-e10f798f921e,Thumbprint Emperor,eligible but outside the deterministic 40-record starter-pack limit
2176d11d-7919-50c4-a292-ed5b9dd07231,,identity confidence is below the starter-pack threshold; account transcription confidence is not high; identity is incomplete; no identification trait transcription
2187d0d2-eb9a-5823-8926-098ab666b881,Whitemargin Stargazer,eligible but outside the deterministic 40-record starter-pack limit
2191ad72-df89-560c-ac5e-71068b269562,Indian Parrotfish,eligible but outside the deterministic 40-record starter-pack limit
2198a47b-f453-5945-b34a-8007008fa03a,White-spotted Chromis,eligible but outside the deterministic 40-record starter-pack limit
21d05aa9-f12e-594a-9da2-f07d8e1e2fa6,Blacktip Reef Sergeant,identity confidence is below the starter-pack threshold; account transcription confidence is not high; identification traits are not high-confidence transcriptions
21fe3005-67fb-5dea-928a-487617f1dfbe,Plain Flagtail,account transcription confidence is not high; identification traits are not high-confidence transcriptions
22156798-7e62-580e-848d-857612f4e85e,Bluespot Demoiselle,eligible but outside the deterministic 40-record starter-pack limit
2236afd6-7658-5782-b578-3985f74beffd,Barred Shrimpgoby,eligible but outside the deterministic 40-record starter-pack limit
2264c1ad-4723-598d-b497-075fbf7fdfca,Lyretail Hawkfish,identity confidence is below the starter-pack threshold; account transcription confidence is not high; identification traits are not high-confidence transcriptions
229524fd-55e2-58ad-82aa-ea94650acc63,Rhinoceros Triplefin,identity confidence is below the starter-pack threshold; account transcription confidence is not high; no identification trait transcription
22a1fb9d-bec4-5aff-9027-4398ff276a65,Goldsaddle Goatfish,identity confidence is below the starter-pack threshold
22b25c8b-25e2-5d39-8362-e16ffa1f7dd6,Spotted Sand Diver,no identification trait transcription
22effbc5-d0e8-5691-b5bd-46737c4ddcfc,Pixie Coris,identity confidence is below the starter-pack threshold
22f6fb26-42df-5301-8e88-0a193795c0d2,Arcfin Shrimpgoby,account transcription confidence is not high; identification traits are not high-confidence transcriptions
22fca798-5a9d-5d32-a138-157ea8bfcd77,,identity confidence is below the starter-pack threshold; account transcription confidence is not high; identity is incomplete; no identification trait transcription
23392b01-0646-5da6-9f33-f309da812014,Three-stripe Butterflyfish,identity confidence is below the starter-pack threshold; account transcription confidence is not high; identification traits are not high-confidence transcriptions
2367fd4e-42d8-575e-a982-00bd5edf78e8,Paradise Whiptail,identity confidence is below the starter-pack threshold
236956d8-9db8-5b43-8ce0-0e77823c9552,Dampier ‘ingray,identity confidence is below the starter-pack threshold
23def579-626b-5d2e-b7c2-c5e847d19e15,Sunset Wormfish,identity confidence is below the starter-pack threshold
23e9f819-959b-525c-9295-1d6f51b4b97c,Virgate Rabbitfish,identity confidence is below the starter-pack threshold; account transcription confidence is not high; identification traits are not high-confidence transcriptions
23ea1ba0-8770-5942-afac-4656fd60440c,Guineafowl Puffer,identity confidence is below the starter-pack threshold; account transcription confidence is not high
23fc4b8b-bb6c-555a-9f8d-d27b046c2247,Yellowtail Dottyback,account transcription confidence is not high; identification traits are not high-confidence transcriptions
240376be-07a0-5ec1-9a8d-00348a775119,Swarthy Parrotfish,eligible but outside the deterministic 40-record starter-pack limit
242f7a02-1f84-5817-88b6-565b9d9bc164,Yellow Pygmy Angelfish,identity confidence is below the starter-pack threshold; account transcription confidence is not high; identification traits are not high-confidence transcriptions
24882309-158b-5d73-8759-9013448c19e1,Fourlined Cardinalfish,eligible but outside the deterministic 40-record starter-pack limit
24bc853e-a29d-52fc-9c26-9743ed203bb0,Whitetail Damsel,account transcription confidence is not high; identification traits are not high-confidence transcriptions
24cb6022-70db-5046-8f93-437ce794029d,Dartfish,eligible but outside the deterministic 40-record starter-pack limit
24e5ea29-f314-5073-b0f1-33cae6aa1dcd,Clark's Anemonefish,account transcription confidence is not high; identification traits are not high-confidence transcriptions
24f23c50-a920-5578-abd9-341a2f2823df,Redtailed Wormfish,identity confidence is below the starter-pack threshold
252ceaed-b550-54ef-bca5-336699839f60,Dwarf Mullet,identity confidence is below the starter-pack threshold; account transcription confidence is not high; identification traits are not high-confidence transcriptions
252dce43-9ca1-5513-aa25-5c46c1de76cc,Pastel-green Wormfish,identity confidence is below the starter-pack threshold; account transcription confidence is not high; identification traits are not high-confidence transcriptions
256b2b56-c2c6-579b-a2ee-ecf3ec12a36c,Two-tone Wormfish,identity confidence is below the starter-pack threshold; account transcription confidence is not high; identification traits are not high-confidence transcriptions
25a26fc7-490a-544c-ac44-eb7aed59a32a,Giant Moray,identity confidence is below the starter-pack threshold; account transcription confidence is not high; identification traits are not high-confidence transcriptions
25f01e79-56b6-5630-94dc-928081547f16,Blacklip Butterflyfish,account transcription confidence is not high; identification traits are not high-confidence transcriptions
2661a951-7378-5337-b230-08fd458c7bd5,Honeyhead Damsel,account transcription confidence is not high; identification traits are not high-confidence transcriptions
268b30e3-6b21-5a2d-810d-16f2755727df,Pacific Gregory,identity confidence is below the starter-pack threshold
26be8f5b-c582-5eba-b53d-b1bb32df8f49,Black Spear Shrimpgoby,account transcription confidence is not high; identification traits are not high-confidence transcriptions
26c4be9a-3e72-59f5-bfb4-2a153dd64ebd,Whitespotted Bamboo Sergeant,eligible but outside the deterministic 40-record starter-pack limit
26d2c51d-2b67-5d71-9d23-0b1ce1136f61,Paddlefin Cardinalfish,account transcription confidence is not high; identification traits are not high-confidence transcriptions
26fc037c-588e-544a-b3a9-1eb65caac49d,Squaretail Coral Grouper,eligible but outside the deterministic 40-record starter-pack limit
272ecbe8-9fba-5d1f-94be-ad98867994b8,Whiteface Waspfish,eligible but outside the deterministic 40-record starter-pack limit
2770a29e-12fa-535a-8a2d-3a6b0a2f4b7c,Pinstriped Angelfish,identity confidence is below the starter-pack threshold
27806fac-9b54-5f56-8e6a-e7286be19277,,identity confidence is below the starter-pack threshold; account transcription confidence is not high; identity is incomplete; identification traits are not high-confidence transcriptions
27856b1c-c627-5cb9-bcf8-7b1510f52043,Dussumier’s Halfbeak,identity confidence is below the starter-pack threshold; account transcription confidence is not high; identification traits are not high-confidence transcriptions
27890fef-75f9-5365-9cc9-94759cb9e205,Wavy-lined Grouper,eligible but outside the deterministic 40-record starter-pack limit
27d10743-0c9b-508c-8d44-54ed1416c1a1,Yellow-barred Parrotfish,account transcription confidence is not high; identification traits are not high-confidence transcriptions
27f66e7f-b979-509d-9e63-4a4b7fe0293c,Threespot Wormfish,identity confidence is below the starter-pack threshold; account transcription confidence is not high; identification traits are not high-confidence transcriptions
28041bc7-ca79-50df-a006-d2f26f511769,Redhead Coralgoby,identity confidence is below the starter-pack threshold; account transcription confidence is not high; identification traits are not high-confidence transcriptions
289c2f3f-95e1-5f97-9ad2-22799a257c94,Pygmygoby,eligible but outside the deterministic 40-record starter-pack limit
28c85e54-dca7-550a-a101-1695b809f441,Urchin Siphonfish,identity confidence is below the starter-pack threshold; account transcription confidence is not high; identification traits are not high-confidence transcriptions
2947fad1-66f8-51ed-95ec-e5b6ba28a0a8,Deceiver Fangblenny,identity confidence is below the starter-pack threshold
295429c9-6ff9-57c3-af1b-be62a56fe31f,Multispine Damsel,account transcription confidence is not high; identification traits are not high-confidence transcriptions
29dae23e-479e-54b6-90d8-3fee3c59f28b,Blueback Pygmy Angelfish,identity confidence is below the starter-pack threshold; account transcription confidence is not high; identification traits are not high-confidence transcriptions
2a1e96ec-da55-5e12-9f60-388524562a56,Australian Shrimpgoby,account transcription confidence is not high; identification traits are not high-confidence transcriptions
2a89ac4f-f13e-587b-bab0-34536086dbc9,Talbot's Cardinalfish,account transcription confidence is not high; identification traits are not high-confidence transcriptions
2aaa2237-b9c3-58e1-adea-15828d877ed0,Yellowrimmed Butterflyfish,identity confidence is below the starter-pack threshold; account transcription confidence is not high
2ac7a63e-58ee-5e5b-a222-40e638be8fc6,Convict Tang,account transcription confidence is not high
2b1c4e93-387b-5798-a3af-0021b5b22318,Highhat Triplefin,identity confidence is below the starter-pack threshold; account transcription confidence is not high; identification traits are not high-confidence transcriptions
2b516b82-b416-557d-a7f1-90438157c49f,Sinclair’s Demoiselle,identity confidence is below the starter-pack threshold; account transcription confidence is not high; identification traits are not high-confidence transcriptions
2b6413ac-08c3-5507-9639-91d37eedc101,Pacific Half-and-Half Chromis,identity confidence is below the starter-pack threshold; account transcription confidence is not high
2b714eb6-89fc-5942-a060-85446510fe4d,Orangfin Dascyllus,identity confidence is below the starter-pack threshold; account transcription confidence is not high; identification traits are not high-confidence transcriptions
2b8b9073-904b-53a8-9448-4ac3b84d2b53,Red Parrotfish,account transcription confidence is not high; identification traits are not high-confidence transcriptions
2b95b491-9872-5f3f-841e-e5744949d683,Anchor Tuskfish,eligible but outside the deterministic 40-record starter-pack limit
2b961206-b837-521b-a76b-11000c469f81,Threespot Flounder,identity confidence is below the starter-pack threshold; account transcription confidence is not high; identification traits are not high-confidence transcriptions
2bf576a9-3639-5588-a8e9-719e9df5b221,Banatail Frogfish,eligible but outside the deterministic 40-record starter-pack limit
2c1dbcdc-dc83-5025-b441-21de7ef556a6,Leopard Blenny,account transcription confidence is not high; identification traits are not high-confidence transcriptions
2c242694-2609-5698-881e-e26140f8af9a,Leaf Scorpionfish,account transcription confidence is not high
2c426ac4-f06c-56c5-935f-7c7192003163,Three-striped Whiptail,identity confidence is below the starter-pack threshold
2caffa55-4897-565d-aa7f-32f950102213,Barhead Damsel,account transcription confidence is not high
2cd0b193-4d6a-53cc-9d43-05529a8804bf,Blackspot Sergeant,account transcription confidence is not high; identification traits are not high-confidence transcriptions
2d50e30a-7fe1-5b0c-8e0c-76fdb6748db1,Flagtail,account transcription confidence is not high; identification traits are not high-confidence transcriptions
2da89800-d1d6-57b4-b657-f27206abc138,Feminine Wormfish,no identification trait transcription
2dada47d-e709-5460-b6f0-aaa123c66048,Pale-spotted Triplefin,identity confidence is below the starter-pack threshold; account transcription confidence is not high; identification traits are not high-confidence transcriptions
2e1414f4-8212-5769-a0d3-ceb248426682,Phoenix Damsel,account transcription confidence is not high; identification traits are not high-confidence transcriptions
2e2e7060-9dec-531b-9781-237ca6b272b1,Dark-tailed Snapper,account transcription confidence is not high; identification traits are not high-confidence transcriptions
2e3b85f7-7393-50ee-aac3-fdfcaaaffd33,Goldbelly Cardinalfish,account transcription confidence is not high; identification traits are not high-confidence transcriptions
2e8858e2-a90b-5fd3-a8a1-17bf6bb1dcff,Freshwater Demoiselle,eligible but outside the deterministic 40-record starter-pack limit
2e8e33b5-e283-55e5-84dd-bf913e0bb573,Halimeda Ghost Pipefish,identity confidence is below the starter-pack threshold
2e973fd6-472e-5633-934a-0e5c06681898,Fimbriated Moray,identity confidence is below the starter-pack threshold
2ea4bdac-4ec4-5f2e-affc-5ce389bb62b2,Ambon Cardinalfish,eligible but outside the deterministic 40-record starter-pack limit
2eb417ff-7a68-5ea8-8c1d-6677ce1e57fe,Pinkear Emperor,identity confidence is below the starter-pack threshold
2ec4adc8-2ea0-53f1-870b-9e01d58bd8ad,Blackfin Squirrelfish,account transcription confidence is not high; identification traits are not high-confidence transcriptions
2f00c196-9824-5c91-8b1c-f0be18264f56,Twinspot Damsel,no identification trait transcription
2f1a4081-8fe1-5d8d-8b8f-cad5aef09b83,Goldhead Damsel,identity confidence is below the starter-pack threshold; account transcription confidence is not high; identification traits are not high-confidence transcriptions
2f21c3d1-d195-5b96-9b21-c443f258e0ca,Fingered Dragonet,no identification trait transcription
2f41db07-5f70-56e8-b733-968ee8b2fe01,Longface Emperor,identity confidence is below the starter-pack threshold; account transcription confidence is not high; identification traits are not high-confidence transcriptions
2f5aec4d-8b59-5903-804a-af13e0305e3f,Yellowback Butterflyfish,identity confidence is below the starter-pack threshold; account transcription confidence is not high; identification traits are not high-confidence transcriptions
2f63169e-61f1-54f8-a019-10bf89067bc9,Greensnout Parrotfish,eligible but outside the deterministic 40-record starter-pack limit
2f64564c-fd23-5593-972d-ebd376442a2f,Orange-banded Pipefish,identity confidence is below the starter-pack threshold
2f66da41-9069-5426-b6a6-1fe33cd0d34e,Twinspot Grouper,eligible but outside the deterministic 40-record starter-pack limit
2f7d432a-812d-5e97-ad87-2b21aea92534,Somber Sweetlips,identity confidence is below the starter-pack threshold; account transcription confidence is not high; identification traits are not high-confidence transcriptions
2fdd2d2a-115a-5e1b-96f8-a7c61db005ee,Splendid Dottyback,eligible but outside the deterministic 40-record starter-pack limit
300f9d5f-38c6-54bd-a264-f15c77ba48a5,Brown-banded Pipefish,identity confidence is below the starter-pack threshold; identification traits are not high-confidence transcriptions
30310b45-853e-58d8-b2bc-a122cfa1ca6b,Rainbow Monocle Bream,identity confidence is below the starter-pack threshold
30637b74-1523-588e-ab54-462eb4186ba6,Blotchy Swell Sergeant,account transcription confidence is not high; identification traits are not high-confidence transcriptions
307d119a-c18f-5993-ace3-ade1a5cbfe7e,Tomato Anemonefish,account transcription confidence is not high; identification traits are not high-confidence transcriptions
30a04345-d339-52de-b737-bcad5e91cfd8,Australian Blenny,eligible but outside the deterministic 40-record starter-pack limit
30ea96d8-1c04-56d4-9e48-3b7c6aab034e,Rao’s Dartfish,account transcription confidence is not high; identification traits are not high-confidence transcriptions
30f2be0b-30b7-5321-8efa-6cd51c048541,Devil Ray,eligible but outside the deterministic 40-record starter-pack limit
311d9634-051d-5d65-a25b-9f86fd7fc73e,Talbot's Demoiselle,identity confidence is below the starter-pack threshold; account transcription confidence is not high; identification traits are not high-confidence transcriptions
31377592-be2f-5087-8cb3-4396652ee704,Spotcheek Emperor,account transcription confidence is not high; identification traits are not high-confidence transcriptions
31bed2e3-def8-51b2-846a-ae6301abf03a,Small-toothed Whiptail,identity confidence is below the starter-pack threshold
31ec28d0-9453-5d3b-ae22-3c43a47ce007,Wolf Cardinalfish,account transcription confidence is not high; identification traits are not high-confidence transcriptions
31fa7d9b-587e-52fb-9ab0-fb6ce0ae1623,Sailfin Waspfish,identification traits are not high-confidence transcriptions
324f7fbb-6f78-5dde-9179-43b7015af665,Whitelip Moray,identity confidence is below the starter-pack threshold; account transcription confidence is not high; identification traits are not high-confidence transcriptions
3268af9a-5a26-508a-849f-33b9197beeab,Big Longnose Coralfish,identity confidence is below the starter-pack threshold; account transcription confidence is not high; identification traits are not high-confidence transcriptions
3286df61-f679-5760-8440-d5e94b5805a2,Radial Filefish,account transcription confidence is not high; identification traits are not high-confidence transcriptions
32b0d5bf-0d95-57ae-943e-0dbe3294675f,Cornetfish,account transcription confidence is not high; identification traits are not high-confidence transcriptions
32b4d3dd-8e04-5e64-b6cd-65a76c60bb73,Cross's Damsel,account transcription confidence is not high; no identification trait transcription
32b64d1f-92c3-5212-a5f6-f374e2cfac80,Dotted Sweetlips,identity confidence is below the starter-pack threshold
32c1deda-b6b1-5f2a-8435-53ce979791d4,New Guinea Wormfish,account transcription confidence is not high; identification traits are not high-confidence transcriptions
32e8ca4d-06e9-5215-ab84-2c75be61dc0a,Yellow-mask Angelfish,identity confidence is below the starter-pack threshold; account transcription confidence is not high; identification traits are not high-confidence transcriptions
330cef09-e521-5934-a943-d8d7fd312ab8,Cockerel Wormfish,account transcription confidence is not high; identification traits are not high-confidence transcriptions
33141272-cd6d-567f-88bb-bd29c393e778,Atavia Wrasse,identity confidence is below the starter-pack threshold; no identification trait transcription
3323198f-ca7c-5131-8318-2ce2403fff86,Bluelipped Bristletooth,account transcription confidence is not high; identification traits are not high-confidence transcriptions
332bedc8-1455-5748-b544-2e60459442e8,Pygmy Snapper,identity confidence is below the starter-pack threshold
33396fa1-bcc9-5e8a-ad02-3793285976bd,Sand Goby,eligible but outside the deterministic 40-record starter-pack limit
3349021f-81eb-51b4-8948-856de8af4a19,Pineconefish,account transcription confidence is not high; identification traits are not high-confidence transcriptions
3358bafd-d7f3-5bdc-a50e-6a8226d5b060,Mccosker's Flasher Wormfish,identity confidence is below the starter-pack threshold; account transcription confidence is not high; identification traits are not high-confidence transcriptions
33a50405-b707-59a1-9148-57dd04f0c46c,Pearl-scaled Angelfish,no identification trait transcription
33a5bc41-e187-5415-880a-1afd201d709b,Smalltail Wormfish,identity confidence is below the starter-pack threshold; account transcription confidence is not high; identification traits are not high-confidence transcriptions
3502e998-2681-5b02-8214-9bf025e7aeb2,Seagrass Razorfish,account transcription confidence is not high
3542d6c9-1369-54d4-a25c-030e525b878d,Frogface Sleepergoby,eligible but outside the deterministic 40-record starter-pack limit
356512ae-b9f8-5744-9b3d-743cb1371b3e,Whitestreak Monocle Bream,identity confidence is below the starter-pack threshold
35adda80-b44b-502b-97f0-ac33ad86aa56,Galapagos Sergeant,identity confidence is below the starter-pack threshold
35df9947-a1b2-5cc0-8d24-fbcc712a2d06,Marbled Snake Eel,identity confidence is below the starter-pack threshold; account transcription confidence is not high; identification traits are not high-confidence transcriptions
35e4b688-429d-5279-8987-d65113c88f35,Selted Cardinalfish,identity confidence is below the starter-pack threshold; no identification trait transcription
368ce0a4-9c3f-59e7-96e0-7fce888df4a6,Wide-barred Shrimpgoby,eligible but outside the deterministic 40-record starter-pack limit
36f4cf39-dee5-5af1-aea1-3f5671a42028,Almaco Jack,identity confidence is below the starter-pack threshold
3718ffc1-c36a-587e-a7e9-62bf93efae61,Twinspot Lionfish,no identification trait transcription
375bf512-417e-5ecb-86cb-77fc0397c1d3,,identity confidence is below the starter-pack threshold; identity is incomplete; no identification trait transcription
37716efe-6d45-5389-82bd-fad7ec3195e7,Tasseled Scorpionfish,eligible but outside the deterministic 40-record starter-pack limit
377c6eca-55a5-5f65-ac1b-47c4be25180e,Japanese Pygmy Angelfish,account transcription confidence is not high; identification traits are not high-confidence transcriptions
37b37357-b011-51c4-9ddd-d9465184bd4f,Silky Sergeant,identity confidence is below the starter-pack threshold
37bf9d6c-15bf-5738-93d1-d13d2365a00c,Silver Sweeper,identity confidence is below the starter-pack threshold; account transcription confidence is not high; identification traits are not high-confidence transcriptions
37d27ff0-d026-5d15-ac64-6a6178325368,Great Hammerhead Sergeant,identity confidence is below the starter-pack threshold
381300ee-cfe4-5e00-a896-d051f7f22b00,Indo-Pacific Tarpon,no identification trait transcription
38689933-e649-5c90-b444-be2b96411690,Pennant Wormfish,identity confidence is below the starter-pack threshold; account transcription confidence is not high; identification traits are not high-confidence transcriptions
388a4f57-d4c4-5807-b255-681e5720e663,Humpback Turretfish,identity confidence is below the starter-pack threshold
390352a8-2763-5199-9f89-65245a6b7849,Dwarf Goby,account transcription confidence is not high; identification traits are not high-confidence transcriptions
396e2d8e-ad37-5cd1-beea-64a470ee09d8,3andspot Cardinalfish,eligible but outside the deterministic 40-record starter-pack limit
398342ad-5116-54c5-8063-fc8f083a4b8c,Brass Striped Barracuda,identity confidence is below the starter-pack threshold; no identification trait transcription
3994805f-494f-5c71-9f2f-7105615c6a27,Blackspotted Puffer,eligible but outside the deterministic 40-record starter-pack limit
39ebf9ad-bc55-56ad-8b49-df84280a5915,Stonycoral Ghostgoby,account transcription confidence is not high; identification traits are not high-confidence transcriptions
3a110485-0a5d-5b3e-a196-ea78881b83e5,Yellownose Shrimpgoby,account transcription confidence is not high; identification traits are not high-confidence transcriptions
3a15edf3-befa-57f6-b182-cfe9801413fe,Dwarf Hawkfish,identity confidence is below the starter-pack threshold; account transcription confidence is not high; identification traits are not high-confidence transcriptions
3a484374-e8de-5369-bfdf-b0056fcddb63,Purple-mask Angelfish,identity confidence is below the starter-pack threshold; account transcription confidence is not high; identification traits are not high-confidence transcriptions
3a707b9a-1fcf-53a2-a292-639b92f00ce6,Redblotch Perchlet,identity confidence is below the starter-pack threshold; account transcription confidence is not high; identification traits are not high-confidence transcriptions
3ab91248-e551-5dd0-9fd3-912574cfaba2,Spotted Sandperch,identity confidence is below the starter-pack threshold
3abf10bf-e10f-5636-a16b-4a55e780f85e,Striped Puffer,account transcription confidence is not high; identification traits are not high-confidence transcriptions
3aca7855-add5-54e7-9625-ae8e2df81c9f,| Netfin Grouper,eligible but outside the deterministic 40-record starter-pack limit
3afa7118-5141-5284-a8c0-af8148b418fe,Dusky Dottyback,eligible but outside the deterministic 40-record starter-pack limit
3b15fa37-c6d7-5f51-9d7e-fd5391a37bdd,Black-spot Angelfish,identity confidence is below the starter-pack threshold; account transcription confidence is not high; identification traits are not high-confidence transcriptions
3b47f5bb-0165-5c72-87eb-c2ed3aa6d937,Unicorn Filefish,account transcription confidence is not high; identification traits are not high-confidence transcriptions
3b7e19d3-387d-533a-8e71-590fdd265401,Brownback Dottyback,eligible but outside the deterministic 40-record starter-pack limit
3ba21389-15ba-55a2-b0f7-11ab6e3731c9,Blackstripe Cardinalfish,eligible but outside the deterministic 40-record starter-pack limit
3bae6b10-d1de-51fb-9e6a-ace896400a74,Short-tailed Pipefish,eligible but outside the deterministic 40-record starter-pack limit
3bb9809f-a231-5b93-89ec-9225690bfdd8,Slender Grouper,eligible but outside the deterministic 40-record starter-pack limit
3bbb5e18-2796-52c5-9f77-69a9285535aa,Ocellated Dragonet,account transcription confidence is not high; identification traits are not high-confidence transcriptions
3be25367-4785-5f76-939b-e8217d5e50b0,Redhead Dwarfgoby,account transcription confidence is not high; identification traits are not high-confidence transcriptions
3be85af1-64f9-5129-9ea2-cc52b669e3a8,Reticulated Puffer,identity confidence is below the starter-pack threshold; account transcription confidence is not high; identification traits are not high-confidence transcriptions
3beb3fbc-8402-53ad-85ff-d7339aece637,Largenose Boxfish,account transcription confidence is not high; identification traits are not high-confidence transcriptions
3c2c8cf3-2d93-5cec-853a-9dfeee69666b,Bengal Sergeant,account transcription confidence is not high; identification traits are not high-confidence transcriptions
3d115e37-06cb-5b9d-9c25-544e7fe27e95,False Cleanerfish,identity confidence is below the starter-pack threshold; account transcription confidence is not high; no identification trait transcription
3d149278-1c74-5268-badb-f994d806db52,Toothy Cardinalfish,account transcription confidence is not high; identification traits are not high-confidence transcriptions
3d1e410c-a786-5140-b769-6aa273aae591,Amondfish,account transcription confidence is not high; identification traits are not high-confidence transcriptions
3d41bc59-193c-5a25-930a-2d84dcff55fd,Longnose Tang,identity confidence is below the starter-pack threshold; account transcription confidence is not high; identification traits are not high-confidence transcriptions
3d9646d3-9389-59d9-bf9a-79ff0018ddac,Banded Garden Eel,account transcription confidence is not high; identification traits are not high-confidence transcriptions
3e0f5311-4ffa-514f-80cb-f0cfe4e8e1c7,Blue-spotted Bristletooth,account transcription confidence is not high; identification traits are not high-confidence transcriptions
3e1e474e-d9dc-5df5-b6eb-03301b1f6b91,Whitespot Tuskfish,eligible but outside the deterministic 40-record starter-pack limit
3e2607fc-d268-59d4-a6fa-8af5144a013a,Ringed Pipefish,identity confidence is below the starter-pack threshold; account transcription confidence is not high; identification traits are not high-confidence transcriptions
3e64007e-40a2-579d-9cc3-e8b8212a6561,Thorny Stingray,identity confidence is below the starter-pack threshold; account transcription confidence is not high; no identification trait transcription
3ecd3903-c9b4-5920-9377-79c62f4d5674,Yellowback Fusilier,eligible but outside the deterministic 40-record starter-pack limit
3ee21d3c-f7f2-53ea-8de8-f13e752972dc,Yellow Hawkfish,account transcription confidence is not high; identification traits are not high-confidence transcriptions
3ef033eb-f0ba-5ed8-83ab-5d77f5632ce6,Ornate Butterflyfish,identity confidence is below the starter-pack threshold
3efe6e4f-c1e6-5f98-9d50-fe1f163fa643,Blacksaddle Snake Eel,eligible but outside the deterministic 40-record starter-pack limit
3f12ff0f-dcc2-537e-b27b-1299e1803d23,Bandtail Goatfish,identity confidence is below the starter-pack threshold
3f2c4104-972b-5406-8336-5330d6fd1bcc,Banded Goby,account transcription confidence is not high; no identification trait transcription
3f2ead80-021b-57cf-a231-4acaf7367b56,White-belly Damsel,identity confidence is below the starter-pack threshold; account transcription confidence is not high
3fb46bc7-2e4c-5b63-b4cd-8212059a73e1,Toothpony Toadfish,account transcription confidence is not high; identification traits are not high-confidence transcriptions
3fb56eb5-43b1-5eff-9bc6-2ae2d2526d57,Onespot Rabbitfish,identity confidence is below the starter-pack threshold; account transcription confidence is not high; identification traits are not high-confidence transcriptions
40105df2-0ced-5308-bc06-da6a858adb93,Blackeye Thicklip Wormfish,identity confidence is below the starter-pack threshold; account transcription confidence is not high; no identification trait transcription
403488eb-ab56-5c2e-b69e-bd7e4daf3f8f,Yellowbar Parrotfish,account transcription confidence is not high; identification traits are not high-confidence transcriptions
40651523-1f81-5d80-a593-0668077da6b7,Roundhead Parrotfish,account transcription confidence is not high
4079267b-da77-551b-906a-8637ca8c1772,Clown Blenny,account transcription confidence is not high; identification traits are not high-confidence transcriptions
407f3be8-7b60-51e8-bf9f-478667072e06,Black-tailed Dascyllus,eligible but outside the deterministic 40-record starter-pack limit
409d2c07-0e03-540c-9be9-2263636e855e,Threespot Cardinalfish,eligible but outside the deterministic 40-record starter-pack limit
40b7eed1-b22b-5acd-9984-079a85a53fc5,Tricolor Blenny,account transcription confidence is not high; no identification trait transcription
40c4368b-bc45-532e-8a84-6e717de6c252,Gorgonian Pygmy Seahorse,identity confidence is below the starter-pack threshold; account transcription confidence is not high
40d469d0-f328-5baa-a832-bde7fc04696f,Lantern Toadfish,identity confidence is below the starter-pack threshold
40e5a6f5-3cd1-54de-b017-adc503b3dc70,Red-spotted Dwarfgoby,identity confidence is below the starter-pack threshold; account transcription confidence is not high; identification traits are not high-confidence transcriptions
411358b2-5f51-5b95-ac3b-7ab2806440d2,Hes,identity confidence is below the starter-pack threshold; account transcription confidence is not high; identification traits are not high-confidence transcriptions
41877a47-6e9a-5949-94ba-9657e293841d,Bartels’ Dragonet,account transcription confidence is not high
41a1aec7-c2dc-542b-8bfd-0f0a6d3fb374,Palemargin Grouper,eligible but outside the deterministic 40-record starter-pack limit
41b4601f-241d-54eb-8f77-82d93d7f8061,Cloudy Grouper,account transcription confidence is not high; identification traits are not high-confidence transcriptions
41b762fa-3283-5542-8175-3189042b5acb,Green Chromis,eligible but outside the deterministic 40-record starter-pack limit
41b96685-36b9-553e-9ba6-8c49624f423c,Butterfly Whiptail,identity confidence is below the starter-pack threshold
423996bc-f90c-576a-a4dc-1ebbf6ec9a35,Pacific Double-saddle Butterflyfish,identity confidence is below the starter-pack threshold; account transcription confidence is not high; identification traits are not high-confidence transcriptions
42568672-09aa-500f-8f5c-fc128679fe78,Oriental Butterflyfish,account transcription confidence is not high; identification traits are not high-confidence transcriptions
42880d02-d179-54d6-ba4f-ff96a15e11a4,Blacksaddle Coral Grouper,eligible but outside the deterministic 40-record starter-pack limit
429269d7-26f6-59b0-afbe-c88e0ccd4ee8,Wass's Jawfish,account transcription confidence is not high; identification traits are not high-confidence transcriptions
4292f35a-9655-5f86-a2d6-dfb363fe6ba8,,identity confidence is below the starter-pack threshold; identity is incomplete; no identification trait transcription
42c165a7-f679-5a63-81cf-4056ea157eb8,Springer's Blenny,identity confidence is below the starter-pack threshold; identification traits are not high-confidence transcriptions
42ee1491-db15-5490-913f-37a215bc3266,Clown Coris,account transcription confidence is not high; identification traits are not high-confidence transcriptions
42fa741c-5d6f-5be2-bd62-5e0d9e0f6366,Swarthy Parrotfish,identity confidence is below the starter-pack threshold; account transcription confidence is not high; identity is incomplete; identification traits are not high-confidence transcriptions
43439aa6-e452-5838-aa25-96d03e8946d9,Velvet Ghost Pipefish,eligible but outside the deterministic 40-record starter-pack limit
434e7ae5-2763-5bb2-9616-b87b09c07fdf,Spikefin Goby,identity confidence is below the starter-pack threshold; account transcription confidence is not high; identification traits are not high-confidence transcriptions
43814c34-56f5-58a4-8f67-0f9734075057,Yellowface Wormfish,eligible but outside the deterministic 40-record starter-pack limit
438a372a-3451-51e7-89fa-b06d6818741a,Bridled Triggerfish,account transcription confidence is not high; identification traits are not high-confidence transcriptions
439b85d7-e784-5a22-ac4e-85c85b666b0d,Anda Cardinalfish,eligible but outside the deterministic 40-record starter-pack limit
43a34ac4-0d2d-5189-9b01-f6a83308e119,Redlip Parrotfish,account transcription confidence is not high; identification traits are not high-confidence transcriptions
43cf9b35-71a7-5178-b661-db7dbea7ccd5,Golden Goby,identity confidence is below the starter-pack threshold
43d11fbf-af3e-5ed9-959f-d88f601878c6,Black-saddled Toadfish,identity confidence is below the starter-pack threshold; account transcription confidence is not high; identification traits are not high-confidence transcriptions
44033224-a98b-5fcb-9787-6d967e868aaa,Elongate Dottyback,account transcription confidence is not high; identification traits are not high-confidence transcriptions
440cf0fd-8385-5c2c-b2af-9912a6f53606,Arenatus Wormfish,identity confidence is below the starter-pack threshold; identification traits are not high-confidence transcriptions
441b0b5e-97db-5365-987b-b7c21b22ee17,Jariable Fangblenny,identity confidence is below the starter-pack threshold; account transcription confidence is not high; identification traits are not high-confidence transcriptions
442b5310-fefc-5583-8bba-57e03e22be38,Queensland Pygmygoby,account transcription confidence is not high; identification traits are not high-confidence transcriptions
44773a33-ac23-5c9f-bf7c-14de597e5840,Smalltooth Jobfish,eligible but outside the deterministic 40-record starter-pack limit
447e46ea-e05d-512d-b33c-530c8c55063f,Coral Grouper,eligible but outside the deterministic 40-record starter-pack limit
44ec3f2d-afe0-5523-97ee-6564ca95e9bd,Robust Silverside,identity confidence is below the starter-pack threshold; account transcription confidence is not high; identification traits are not high-confidence transcriptions
4505491c-e35f-547f-a47b-62fcf563451c,Beaked Coralfish,identity confidence is below the starter-pack threshold; account transcription confidence is not high; identification traits are not high-confidence transcriptions
45371b57-ccd7-579d-b7ae-c4b9738006a8,Bluespot Damsel,identity confidence is below the starter-pack threshold; account transcription confidence is not high; identification traits are not high-confidence transcriptions
4537e1f8-683c-5359-9875-dcdec40b894f,Red-streaked Blenny,identity confidence is below the starter-pack threshold; no identification trait transcription
454ba7ab-dabc-5717-a7f2-0a3685080bfb,Oxeye Scad,identity confidence is below the starter-pack threshold
457049e0-41ad-5319-b13c-01491df9b792,Spotted Garden Eel,account transcription confidence is not high; identification traits are not high-confidence transcriptions
459fc72f-14d1-56f2-9afb-99c3f31713a9,Pewter Angelfish,account transcription confidence is not high; identification traits are not high-confidence transcriptions
45a1cacd-5b4e-5fdc-a5a4-f9dfb62bb669,Leopard Flounder,identity confidence is below the starter-pack threshold; account transcription confidence is not high; identification traits are not high-confidence transcriptions
45d90b53-2bd4-51fd-99a7-9add445b4d10,Thornback Cowfish,identity confidence is below the starter-pack threshold; account transcription confidence is not high; identification traits are not high-confidence transcriptions
45fc47d3-065a-5b31-a972-2f62953027ac,Bigeye,account transcription confidence is not high; identification traits are not high-confidence transcriptions
4636340a-22ac-5d25-a305-b233f597016a,Whitebar Bigeye,eligible but outside the deterministic 40-record starter-pack limit
4656d283-7e54-5e38-b29d-a8e3d3cf1cae,Chinese Demoiselle,identity confidence is below the starter-pack threshold; account transcription confidence is not high
4673d5c5-e2de-5c4f-b29b-b8f362dbdc5f,Dragon Sea Moth,account transcription confidence is not high; identification traits are not high-confidence transcriptions
4676447f-2fb2-5379-bcff-bc8237d7a200,Blue-spot Butterflyfish,account transcription confidence is not high; identification traits are not high-confidence transcriptions
4691113c-5444-53e7-8db9-3088c11723ad,Banded Snake Eel,eligible but outside the deterministic 40-record starter-pack limit
47231fc4-5ce8-50ef-9c76-33e00a6e107a,Broad-banded Shrimpgoby,account transcription confidence is not high; identification traits are not high-confidence transcriptions
47285cf9-8e00-5335-bd11-493da26b9036,Orangetail Filefish,identity confidence is below the starter-pack threshold
47a1871d-82ab-5bcb-abe6-e8cba5009577,Barred-fin Moray,identity confidence is below the starter-pack threshold; account transcription confidence is not high; identification traits are not high-confidence transcriptions
47a47486-2a29-52b0-ace9-8c02d0f56fcf,False Fusilier,identity confidence is below the starter-pack threshold; account transcription confidence is not high; no identification trait transcription
47cb1fb8-ca4e-583f-9872-749413195591,Ambon Damsel,account transcription confidence is not high; identification traits are not high-confidence transcriptions
4884595e-92e9-5193-84cc-030bf934ae46,,identity confidence is below the starter-pack threshold; account transcription confidence is not high; identity is incomplete; no identification trait transcription
48c229ff-8cfe-53e1-bbc8-37fd62eb2390,Yelloweye Filefish,identity confidence is below the starter-pack threshold; account transcription confidence is not high; identification traits are not high-confidence transcriptions
490d41af-6fe3-5ee5-90c1-8db7343bd488,Roundbelly Cowfish,eligible but outside the deterministic 40-record starter-pack limit
4931e611-9940-55af-9903-7c4fde8d89b6,Spotgill Cardinalfish,account transcription confidence is not high; identification traits are not high-confidence transcriptions
4932a8c9-6671-585a-b0e9-5d5b6f21d28e,White-belly Damsel,account transcription confidence is not high; no identification trait transcription
497cd912-b128-5b8b-8a45-37855e116967,,identity confidence is below the starter-pack threshold; account transcription confidence is not high; identity is incomplete; no identification trait transcription
49a77e18-9137-56d8-83ee-ec9cd2db3e8d,Blotchfin Scorpionfish,identity confidence is below the starter-pack threshold; account transcription confidence is not high; identification traits are not high-confidence transcriptions
49cf761c-5e26-5613-8a23-83c669a47508,Vanikoro Sweeper,identity confidence is below the starter-pack threshold
4a216909-3390-5db2-ae41-d8ecbce96af4,Tracey's Demoiselle,identity confidence is below the starter-pack threshold; account transcription confidence is not high
4a5581a0-3608-5afc-ad59-6a3f43be3605,Yellowmask Surgeonfish,identity confidence is below the starter-pack threshold; account transcription confidence is not high
4a559120-e642-59e0-a4a6-ac54bee876e2,White-tailed Chromis,identity confidence is below the starter-pack threshold; account transcription confidence is not high; identification traits are not high-confidence transcriptions
4a55c530-d080-5b0d-a05e-59ddafff9e3c,Bicolor Angelfish,identity confidence is below the starter-pack threshold
4a7e0d11-baf5-5610-9efc-30fa0313938e,Weedy Cardinalfish,eligible but outside the deterministic 40-record starter-pack limit
4a8301b2-162e-5c09-a355-9a4e687dcdc2,Six-banded Angelfish,identity confidence is below the starter-pack threshold; account transcription confidence is not high; identification traits are not high-confidence transcriptions
4ad2a35c-5989-5a5a-a480-54aa5c372fae,Yellowfin Demoiselle,account transcription confidence is not high; identification traits are not high-confidence transcriptions
4b05fc3c-d823-5319-91f3-401e063c07c9,Blackbar Chromis,account transcription confidence is not high
4b1c8a14-492e-580c-a6fd-abdf33ad51a2,Squarespot Anthias,identity confidence is below the starter-pack threshold; account transcription confidence is not high
4b600390-b99c-58fb-8ab5-c336a1ea303c,Map Puffer,account transcription confidence is not high; identification traits are not high-confidence transcriptions
4b7552a7-92c6-58fb-94ef-a01721137038,Redspotted Pygmygoby,account transcription confidence is not high; identification traits are not high-confidence transcriptions
4b89534c-8dcb-58e3-907e-3a8b5d40c64d,Longspine Grouper,account transcription confidence is not high; identification traits are not high-confidence transcriptions
4b97abba-5171-5ebf-8e3e-d8604112d175,Dusky Sergeant,identity confidence is below the starter-pack threshold
4b992789-28ba-522d-8c83-263fb5ae173d,Pixy Hawkfish,identity confidence is below the starter-pack threshold; account transcription confidence is not high; identification traits are not high-confidence transcriptions
4bdc0cb2-1385-5609-80f7-0167b290676b,Minute Filefish,eligible but outside the deterministic 40-record starter-pack limit
4c5796f5-757e-5b52-8c0d-fc5631fbfd0d,Golden Spadefish,identity confidence is below the starter-pack threshold; account transcription confidence is not high; identification traits are not high-confidence transcriptions
4c7e4a16-70d6-5142-9ded-5832a998b89f,Pennant Bannerfish,identity confidence is below the starter-pack threshold; account transcription confidence is not high; identification traits are not high-confidence transcriptions
4cbd0d26-2e92-53ab-a19a-ec204550563d,Tiny Cardinalfish,eligible but outside the deterministic 40-record starter-pack limit
4cbffbae-c03a-5b3d-a315-dca531bd2337,Blackvent Damsel,account transcription confidence is not high; identification traits are not high-confidence transcriptions
4cc923ed-4e67-5573-a6ec-bd0d8c724d04,Shadowfin \dierfish,account transcription confidence is not high; identification traits are not high-confidence transcriptions
4ce1f2f6-c168-55f3-8f43-5a517e211e3a,White-shouldered Whiptail,identity confidence is below the starter-pack threshold; no identification trait transcription
4d1f6149-7cd9-5636-a9b1-32e404dbad0b,Halfmoon Grouper,eligible but outside the deterministic 40-record starter-pack limit
4d230f46-1c4a-5b3f-81a0-b10fff0f5983,Longsnout Flathead,identity confidence is below the starter-pack threshold; account transcription confidence is not high
4d30f045-7961-53e9-91a1-36148a78c12c,Yellowspotted Goatfish,identity confidence is below the starter-pack threshold; account transcription confidence is not high; identification traits are not high-confidence transcriptions
4d319876-0397-5497-850a-ef397c79d7c3,Smalltooth Emperor,identity confidence is below the starter-pack threshold
4d3a6406-904a-51e1-ac4f-25d5e2fa68a0,Rcupinefish,identity confidence is below the starter-pack threshold
4d5e80a4-abda-5064-80b3-cca0f1f9814f,Cleartail Lionfish,account transcription confidence is not high; identification traits are not high-confidence transcriptions
4d6ab6cf-33e7-53fc-8d1a-d019f60f25f5,Volcano Shrimpgoby,no identification trait transcription
4d77dfec-05ec-5683-8962-bbd5336f3eb7,Longtail Silver Biddy,account transcription confidence is not high; no identification trait transcription
4dbbca9e-b33d-5785-baa4-e1f65fee5a48,Snake Blenny,account transcription confidence is not high; identification traits are not high-confidence transcriptions
4dbee47b-5654-5195-b668-14417a8e3fcd,Bengal Snapper,eligible but outside the deterministic 40-record starter-pack limit
4dc8c377-10a8-52e3-8433-dbeda42dd1e6,Greenback Wormfish,eligible but outside the deterministic 40-record starter-pack limit
4de373e9-abc8-5bc7-a684-8424cd82ef76,Bicolor Fangblenny,no identification trait transcription
4dfcbb0c-eb3e-5f10-9eab-924d8c4c8f20,Many-Spotted Sweetlips,identity confidence is below the starter-pack threshold; account transcription confidence is not high; identification traits are not high-confidence transcriptions
4e161a17-bd1f-5427-858f-467b66aa16fb,Philippine Wormfish,identity confidence is below the starter-pack threshold
4e54eaec-5344-5d02-8879-c993a44e8057,Blueline Demoiselle,identity confidence is below the starter-pack threshold; account transcription confidence is not high
4e5fbed6-f99a-57c1-b1a1-1448befb9b5f,Frostfin Cardinalfish,account transcription confidence is not high
4e60fb36-6a0e-5169-a381-8a5fbffc5eb6,Finespeckled Moray,account transcription confidence is not high; identification traits are not high-confidence transcriptions
4e7813a0-9c65-5bd8-baa3-3bf91f1cf00d,Violet-lined Parrotfish,account transcription confidence is not high; identification traits are not high-confidence transcriptions
4e8dfcc7-1a1d-5555-a7c7-0dd3d4eaf6ac,White-edged Lyretail,identity confidence is below the starter-pack threshold; account transcription confidence is not high; identification traits are not high-confidence transcriptions
4ea1691f-23d6-5d62-907e-b009ccba9bfa,Hybrid Flasher Wormfish,identity confidence is below the starter-pack threshold; account transcription confidence is not high; identification traits are not high-confidence transcriptions
4ea22728-d57c-515c-9c33-105451d04413,Barchin Scorpionfish,identity confidence is below the starter-pack threshold; account transcription confidence is not high; identification traits are not high-confidence transcriptions
4eba7b9d-c49f-5e74-bba8-df7375b09536,Morrison's Wormfish,identity confidence is below the starter-pack threshold; account transcription confidence is not high; identification traits are not high-confidence transcriptions
4ed5bf71-3c34-5e89-8be5-09bfbb08fc01,Yellowtail Demoiselle,account transcription confidence is not high; identification traits are not high-confidence transcriptions
4f11f1fd-cf4f-547f-84a4-e469ff48e3fb,Shortstripe Cardinalfish,identity confidence is below the starter-pack threshold; account transcription confidence is not high
4f15d2ed-a9fb-596b-affb-7ae45d241d2a,Rockmover Wormfish,account transcription confidence is not high; identification traits are not high-confidence transcriptions
4f54e6fd-3e68-523f-9225-59744a4cde4a,Yellowfin Shrimpgoby,account transcription confidence is not high; no identification trait transcription
4f5be507-02c1-57d2-b0f8-956900b10632,[mitator Damsel,account transcription confidence is not high; identification traits are not high-confidence transcriptions
4f5c2236-1b06-58fc-83af-3db20fef0fd5,Two-spot Snapper,eligible but outside the deterministic 40-record starter-pack limit
4f5c29ce-fde4-56c8-b36d-4a9ca03ed9d5,Bigeye,identity confidence is below the starter-pack threshold; identification traits are not high-confidence transcriptions
4f8145bb-baa1-5a8a-a3cf-6f636035ded0,Twospot Wormfish,identity confidence is below the starter-pack threshold; account transcription confidence is not high; identification traits are not high-confidence transcriptions
4f968020-9c9d-5acd-927e-3e51bab27b11,Pinstripe Cardinalfish,account transcription confidence is not high; identification traits are not high-confidence transcriptions
4fcb4036-b38d-5a4c-8f4b-a949478ed463,Highfin Coral Grouper,eligible but outside the deterministic 40-record starter-pack limit
4fe2d2a5-6615-5db2-b47b-e40bb55d4fb0,Flagfin Wormfish,account transcription confidence is not high; identification traits are not high-confidence transcriptions
4ff4d7e8-9450-5858-b9e1-4ea1c4dac6a8,Sixspot Goby,identity confidence is below the starter-pack threshold; account transcription confidence is not high; identification traits are not high-confidence transcriptions
50020f47-9605-5ed9-bb79-7a2e43db22b9,Blue-spotted Ribbontail Ray,eligible but outside the deterministic 40-record starter-pack limit
500dfe0f-431d-5234-934a-10cf272ae7e3,Orange-striped Emperor,eligible but outside the deterministic 40-record starter-pack limit
50365c8f-8441-5e12-ba08-3674f980ab66,Randall's Anthias,account transcription confidence is not high; identification traits are not high-confidence transcriptions
505cecfb-d43f-549a-986a-02da898f604e,Ternate Damsel,account transcription confidence is not high; identification traits are not high-confidence transcriptions
509997eb-eed8-5c79-b75f-a2769e003311,Blackbelt Hogfish,identity confidence is below the starter-pack threshold; account transcription confidence is not high; identification traits are not high-confidence transcriptions
50d0103c-b225-54e4-9ded-b65fdf647755,Lori's Anthias,account transcription confidence is not high; identification traits are not high-confidence transcriptions
50e9612c-0480-54b8-8334-9822698d9614,Sharpnose Sandperch,identity confidence is below the starter-pack threshold
5103e3a6-1bf6-511b-9383-342d790f2c0d,Redcoat Squirrelfish,identity confidence is below the starter-pack threshold; account transcription confidence is not high; identification traits are not high-confidence transcriptions
510759f2-5e56-5262-898e-4795e443e20f,Ocellated Coralfish,account transcription confidence is not high; identification traits are not high-confidence transcriptions
51155428-f9d8-509d-967e-3baebd4c1b4f,Scissortail Sergeant,account transcription confidence is not high; identification traits are not high-confidence transcriptions
511fd720-d0a1-53f2-be50-5d1006692307,Brackish Frogfish,no identification trait transcription
514ed812-d0e8-568f-beea-6638e170f4f9,Blue-spotted Angelfish,identity confidence is below the starter-pack threshold; account transcription confidence is not high; identification traits are not high-confidence transcriptions
51b78d70-f02a-5b0a-9e46-7a9a6b009c6e,Tailspot Wormfish,eligible but outside the deterministic 40-record starter-pack limit
5203ba0b-963d-5834-8f2a-fd87fc99716b,Twinspot Chromis,account transcription confidence is not high
525bf47e-3fe8-5954-b354-b608a7bad062,Golden Trevally Jack,eligible but outside the deterministic 40-record starter-pack limit
5279b463-fe66-5d75-b0a8-a101a6b5c402,Ocellated Damsel,account transcription confidence is not high
5284c1ba-6538-546f-a864-8670c8a8dd49,Caesiura Dwarfgoby,identity confidence is below the starter-pack threshold; account transcription confidence is not high; identification traits are not high-confidence transcriptions
529c836f-40b4-5826-948c-00aee7e7065c,Gold-spotted Sweetlips,identity confidence is below the starter-pack threshold; account transcription confidence is not high; identification traits are not high-confidence transcriptions
52ad8cd3-6362-5faf-b92a-edc3d215c55c,Ferraris’ Goby,identity confidence is below the starter-pack threshold
52f9a030-c0e0-5751-a342-291e746a3457,Helfrich's Dartfish,identity confidence is below the starter-pack threshold; account transcription confidence is not high; identification traits are not high-confidence transcriptions
533a3f98-682c-5d76-b50d-e713c1029b48,Ceram Coralgoby,eligible but outside the deterministic 40-record starter-pack limit
5379e6a4-e10f-5321-b09e-b9fe5fa0961e,Whitebar Surgeonfish,identity confidence is below the starter-pack threshold; account transcription confidence is not high
53b747ad-ffd6-5de8-a4ec-7fed3212e145,Reef Lizardfish,account transcription confidence is not high; identification traits are not high-confidence transcriptions
53eecfda-a960-502b-a4b1-d696ddbec5f2,Thai Damsel,identity confidence is below the starter-pack threshold; account transcription confidence is not high; no identification trait transcription
53f3966c-0c78-534b-8d42-caa1af7871ca,Duskytailed Cardinalfish,identity confidence is below the starter-pack threshold; account transcription confidence is not high; identification traits are not high-confidence transcriptions
540c40cc-f54b-5224-9efc-5fb22a49cd18,Tyler's Toadfish,identity confidence is below the starter-pack threshold; account transcription confidence is not high; identification traits are not high-confidence transcriptions
54428e34-e267-574d-a54b-08850134ed90,Smith's Fangblenny,account transcription confidence is not high; no identification trait transcription
5444daae-f71a-5f48-a0f1-7264b6540c54,Banggai Demoiselle,identity confidence is below the starter-pack threshold; account transcription confidence is not high; identification traits are not high-confidence transcriptions
54597666-d171-54d1-8d50-c98f94ca6080,Seychelles Blenny,identity confidence is below the starter-pack threshold; identification traits are not high-confidence transcriptions
548513e5-bd4b-5fa5-9344-454c3573953a,Australian Damsel,account transcription confidence is not high; no identification trait transcription
548b5397-a694-5bcd-8b0b-47898df4a675,Spotted Goatfish,eligible but outside the deterministic 40-record starter-pack limit
54cf7f65-c4e0-5848-b8de-551dd6e47c33,Threespot Damsel,eligible but outside the deterministic 40-record starter-pack limit
54e028b3-5c82-58f1-9a80-d55a4f96a450,Patzner's Blenny,identity confidence is below the starter-pack threshold; account transcription confidence is not high; identification traits are not high-confidence transcriptions
54ff8265-8dd3-561f-ac8b-3c94d57cd24c,Yellowstripe Goby,account transcription confidence is not high; identification traits are not high-confidence transcriptions
55708cd7-9ccd-5f14-b317-0ec47ebea95b,Largehead Snake Moray,eligible but outside the deterministic 40-record starter-pack limit
558769eb-54db-5cb8-b778-154f08891bfb,Pinstriped Wormfish,eligible but outside the deterministic 40-record starter-pack limit
559261b8-ecc4-5cf4-acce-5acd75dcd49a,Crosshatch Triggerfish,identity confidence is below the starter-pack threshold; no identification trait transcription
55d92de6-53fb-57fb-b39d-5220c1f2c1a3,Giant Manta,identity confidence is below the starter-pack threshold; no identification trait transcription
5605e964-7870-50dd-acd0-34fe2a1b2e29,Blacknape Large-eye Bream,identity confidence is below the starter-pack threshold; identification traits are not high-confidence transcriptions
56069573-984b-50fb-8863-0b1388447b30,Longnose Hawkfish,account transcription confidence is not high; identification traits are not high-confidence transcriptions
561ee9ec-5568-5eed-bcf7-a0aa8c26e770,Bicolor Chromis,eligible but outside the deterministic 40-record starter-pack limit
563f7e8c-9419-57ba-80c6-3e42e7b9f537,Weedy Cardinalfish,identity confidence is below the starter-pack threshold; account transcription confidence is not high
565e9c8f-ddd9-5d9d-9bd1-cdfeb7883260,Bandtail Scorpionfish,identity confidence is below the starter-pack threshold
569afb97-f8c3-5d2b-ac23-a4a9a26ea365,Red-striped Shrimpgoby,identity confidence is below the starter-pack threshold; account transcription confidence is not high; identification traits are not high-confidence transcriptions
56dce2f2-d6e9-59a2-9ed5-b142313b4f42,Barcheek Trevally Jack,identity confidence is below the starter-pack threshold; account transcription confidence is not high; identification traits are not high-confidence transcriptions
570644b6-a7e1-5a23-83d3-e2819329bd90,Broadbarred Goby,account transcription confidence is not high; identification traits are not high-confidence transcriptions
571cf93b-0359-5486-82c7-27dcca499bad,Iridescent Cardinalfish,eligible but outside the deterministic 40-record starter-pack limit
573d94a8-fa10-5c4b-b933-dd92e7bfb0bb,Twinspot Blenny,account transcription confidence is not high; identification traits are not high-confidence transcriptions
5784208a-308b-59d4-a2be-ea82bfcc18e9,Disappearing Wormfish,eligible but outside the deterministic 40-record starter-pack limit
57b0c496-5e62-5c35-ba27-1114cd362637,Sebae Anemonefish,account transcription confidence is not high; identification traits are not high-confidence transcriptions
57e56d45-c750-569a-ba9c-bea5fc73cb2f,Reticulated Butterflyfish,identity confidence is below the starter-pack threshold; account transcription confidence is not high; identification traits are not high-confidence transcriptions
58018d66-9394-5982-84aa-f6e91e918838,Crocodile 2edlefish,eligible but outside the deterministic 40-record starter-pack limit
5814dabf-10ce-5b96-a6f2-e2540eb12164,Yellowstripe Dwarfgoby,account transcription confidence is not high; identification traits are not high-confidence transcriptions
583b891f-95b0-5a6d-be70-993eca33c302,Leopard Toadfish,identity confidence is below the starter-pack threshold
585a484d-2d1e-51a7-9905-78b98faf5ed4,Estuary Pipefish,account transcription confidence is not high; identification traits are not high-confidence transcriptions
58e0372a-a2d7-53b5-8548-b88b40484bb6,Blacklip Ponyfish,identity confidence is below the starter-pack threshold; account transcription confidence is not high; identification traits are not high-confidence transcriptions
59011aa3-4966-5e60-a621-2e2b9d02aae4,Snowflake Moray,identity confidence is below the starter-pack threshold; account transcription confidence is not high; no identification trait transcription
598cfffd-396b-571d-98bd-9201cbb8f3ad,Yellowtail Sandperch,identity confidence is below the starter-pack threshold
59943aa2-6bef-5da4-8470-f9c98271cab0,Japanese Butterflyfish,account transcription confidence is not high; identification traits are not high-confidence transcriptions
59e41d16-3f47-5d73-a738-affd34990f6c,Long-jawed Bonito,identity confidence is below the starter-pack threshold; account transcription confidence is not high; identification traits are not high-confidence transcriptions
59e858c7-c041-5894-ad99-558d83b163b0,Pale Wormfish,account transcription confidence is not high; identification traits are not high-confidence transcriptions
5a46ab8a-5173-5ca0-a0cf-f56d54430ce1,Longfin Anthias,account transcription confidence is not high
5a54da12-ac3d-577d-8cbd-645d6a3b3f55,Swakefish,eligible but outside the deterministic 40-record starter-pack limit
5a91ba37-ce1b-556d-adc7-48a2eb2f5eea,Redlined Tilefish,identity confidence is below the starter-pack threshold; account transcription confidence is not high; identification traits are not high-confidence transcriptions
5a9d2557-1ac8-5a27-a207-a10cd805a8ed,White-Bonnet Anemonefish,identity confidence is below the starter-pack threshold
5adab4d3-0203-5858-a748-796a215322b7,Yellow Coralgoby,account transcription confidence is not high; identification traits are not high-confidence transcriptions
5af89b7e-ac74-545c-9a78-cd3b0e91101b,Bird Wrasse,eligible but outside the deterministic 40-record starter-pack limit
5afb0e54-10c3-5b11-b29a-eb4a93774a39,Stocky Tilefish,account transcription confidence is not high; identification traits are not high-confidence transcriptions
5b2c2734-8177-51de-9981-1a77b49593ea,Rolland's Demoiselle,identity confidence is below the starter-pack threshold; account transcription confidence is not high; identification traits are not high-confidence transcriptions
5b3b4e3b-c92f-53d5-8c06-5f73f5ad68e4,Bicolor Parrotfish,account transcription confidence is not high; identification traits are not high-confidence transcriptions
5b8e4033-b73d-55a8-97d8-f50feb237262,Eyebrow Shrimpgoby,identity confidence is below the starter-pack threshold; account transcription confidence is not high
5b9651dd-06c3-5292-8386-e16de8155ea3,Russell's Snapper,account transcription confidence is not high; identification traits are not high-confidence transcriptions
5bbcb84a-d744-5f56-b22e-cd19d018f429,Blacktail Angelfish,no identification trait transcription
5bca2d73-7b31-5d92-b465-55dd74866cbf,Twotone Wormfish,eligible but outside the deterministic 40-record starter-pack limit
5bcda8bd-64ea-55e5-8a44-e8740698a90a,Bicolor Anthias,account transcription confidence is not high; identification traits are not high-confidence transcriptions
5bdb0123-4337-560a-a53d-1655b209b658,Black-rayed Shrimpgoby,account transcription confidence is not high; identification traits are not high-confidence transcriptions
5be41612-8e26-5eac-96ba-54b3c0257b40,Broadhead Flathead,account transcription confidence is not high; identification traits are not high-confidence transcriptions
5c007627-9677-5756-a218-3b8127e24c9e,Slingjaw Wormfish,account transcription confidence is not high
5c1f347e-d67f-5406-be55-e2941a7640c8,Moluccan Cardinalfish,account transcription confidence is not high; identification traits are not high-confidence transcriptions
5c2bfdc7-5501-569b-9fc9-1ad139983c51,Three-spot Dascyllus,identity confidence is below the starter-pack threshold; account transcription confidence is not high; identification traits are not high-confidence transcriptions
5c4647ba-2339-5075-9d81-759852cc6616,Coral Cardinalfish,eligible but outside the deterministic 40-record starter-pack limit
5c571cab-4b1e-537b-bb2e-4871d3212bac,Yellowfin Pygmy Angelfish,no identification trait transcription
5c5f59bd-568e-5254-907a-0eb27b8a0fe7,Camouflage Grouper,eligible but outside the deterministic 40-record starter-pack limit
5c8427c1-cb07-545d-803d-83dd092db6c8,Blackspine Surgeonfish,identity confidence is below the starter-pack threshold; account transcription confidence is not high; identification traits are not high-confidence transcriptions
5d5b513b-314c-568e-b4c6-c67ccbcd7c57,Sand Bass Razorfish,account transcription confidence is not high; identification traits are not high-confidence transcriptions
5d5da8da-1031-5f81-8f64-ed7fadf509d8,Whitley's Boxfish,identity confidence is below the starter-pack threshold; account transcription confidence is not high
5d8f27c0-6408-5fd0-8cfd-57ebd447a602,Triangular Butterflyfish,account transcription confidence is not high; identification traits are not high-confidence transcriptions
5d9b0503-0128-55b6-a5d8-e10a4b5bbfea,Five-lined Goby,identity confidence is below the starter-pack threshold; account transcription confidence is not high; no identification trait transcription
5db59da3-5a19-5d9e-bc04-e61b8bf51348,Spotted Sandperch,identity confidence is below the starter-pack threshold
5dcf0939-9d4c-5329-a613-10227976393b,Bluestripe Snapper,account transcription confidence is not high; identification traits are not high-confidence transcriptions
5e0ffdaa-6336-59cd-84b2-64ebd7b11232,Blackeye Rabbitfish,identity confidence is below the starter-pack threshold; account transcription confidence is not high; identification traits are not high-confidence transcriptions
5e138afe-c018-5920-a928-99bd13128002,Barrier Reef Chromis,account transcription confidence is not high; identification traits are not high-confidence transcriptions
5e1834f8-29c2-543a-b5d3-e5d42e264a40,Estuarine Halfbeak,eligible but outside the deterministic 40-record starter-pack limit
5e247efe-3b89-56a7-81be-13dd291ad573,Eyestripe Surgeonfish,account transcription confidence is not high; identification traits are not high-confidence transcriptions
5e5249ab-b3ef-5097-b653-df834ebea274,Longfin Dottyback,eligible but outside the deterministic 40-record starter-pack limit
5e8bbbf9-aed7-530e-894d-58494fbef5ec,Broom Filefish,eligible but outside the deterministic 40-record starter-pack limit
5e9124ad-8ce7-5297-a69b-43388e30f7ec,Chequered Perchlet,account transcription confidence is not high; identification traits are not high-confidence transcriptions
5ea00755-bf9d-5f29-82dd-4675ff6a75ad,Solor Jawfish,account transcription confidence is not high; no identification trait transcription
5eab798c-486d-509c-9816-0c722108978b,Spanish Flag Snapper,account transcription confidence is not high; identification traits are not high-confidence transcriptions
5eb2be4c-61f3-596c-b14a-2bcb20449c30,Western Yellowtail Angelfish,account transcription confidence is not high; identification traits are not high-confidence transcriptions
5ec2f6df-b9ed-5dad-b29a-aa42408d7077,Yellowback Anthias,eligible but outside the deterministic 40-record starter-pack limit
5ec416bc-7421-54c8-99e0-2beca1c062e9,Welander'’s Flathead,eligible but outside the deterministic 40-record starter-pack limit
5ede4248-968a-506a-be19-71a06b8ce2a2,Coral Demoiselle,eligible but outside the deterministic 40-record starter-pack limit
5f33a92f-7e8b-5085-b157-180624ce6921,Chameleon Parrotfish,eligible but outside the deterministic 40-record starter-pack limit
5f4d48f4-6556-50f3-95af-a4d28635f4bb,Cockatoo Waspfish,eligible but outside the deterministic 40-record starter-pack limit
5f52e714-6058-54b8-be54-304c90d2a8de,Twospot Anthias,eligible but outside the deterministic 40-record starter-pack limit
5f6ab60c-f588-5974-ae05-e7f152a99746,Blue Damsel,account transcription confidence is not high; identification traits are not high-confidence transcriptions
5f7f428a-5382-5056-af3c-c86af81e06d1,Oorish Idol Manta,identity confidence is below the starter-pack threshold; account transcription confidence is not high; identification traits are not high-confidence transcriptions
5f8046e3-85ec-56e0-8d40-5dab308787bc,Giant Shovelnose Ray,eligible but outside the deterministic 40-record starter-pack limit
5fc9ff10-47f2-5fc7-b48b-9e89e189eb4c,Sleek Unicornfish,account transcription confidence is not high; identification traits are not high-confidence transcriptions
5ff003c9-6284-5a9e-84ec-459a5c2e321c,Midnight Dottyback,account transcription confidence is not high; identification traits are not high-confidence transcriptions
5ff62de6-cf73-5610-abbb-56f8ba88bda1,Nocturn Goby,identity confidence is below the starter-pack threshold; account transcription confidence is not high; identification traits are not high-confidence transcriptions
602b19d8-5d9e-58fe-9ce4-aa21e6de8b24,Dottyback Anthias,eligible but outside the deterministic 40-record starter-pack limit
60424591-66dd-5a04-b0e7-388745027869,Streaky Rockskipper Blenny,identity confidence is below the starter-pack threshold; account transcription confidence is not high; identification traits are not high-confidence transcriptions
60bff71e-a235-5190-aa27-a9b00a7d89ac,Saddle Blenny,eligible but outside the deterministic 40-record starter-pack limit
60d088d6-bb3f-56d0-aebf-de19419d88c4,Sharpnose Wormfish,identity confidence is below the starter-pack threshold; identification traits are not high-confidence transcriptions
60ed229f-97b6-59e0-9d81-4f5b68100913,Blackstripe Dottyback,eligible but outside the deterministic 40-record starter-pack limit
613e1049-ffbe-5967-b77d-6c493e17deb7,Bluntsnout Gregory,identity confidence is below the starter-pack threshold
618db448-2e2d-5020-9c97-946c01bfc862,Philippines Blenny,account transcription confidence is not high; identification traits are not high-confidence transcriptions
61c2e589-525c-5505-9681-458f3f13cad1,Bluedot Goby,identity confidence is below the starter-pack threshold; account transcription confidence is not high; identification traits are not high-confidence transcriptions
62015454-381b-5a12-b3ba-afb5aa41eaba,Large-spotted Snake Eel,eligible but outside the deterministic 40-record starter-pack limit
629e2fff-4829-5385-b9b9-7c547d9005d8,Axilspot Wormfish,eligible but outside the deterministic 40-record starter-pack limit
62aae235-813e-5537-97a5-90a240afbdfa,Longspine Emperor,account transcription confidence is not high; identification traits are not high-confidence transcriptions
62af111a-c30c-54ed-915d-27cdee4505ff,Smooth Seahorse,eligible but outside the deterministic 40-record starter-pack limit
62c0ed52-a16b-5ee9-ad89-d0329162e1cb,,identity confidence is below the starter-pack threshold; account transcription confidence is not high; identity is incomplete; no identification trait transcription
62e68679-5875-5577-9228-7f44e66ccdf1,Goram Dragonet,no identification trait transcription
62f8ffb0-d70b-54b3-84d2-5be165acd17c,Indian Mud Moray,identity confidence is below the starter-pack threshold; account transcription confidence is not high; no identification trait transcription
63d67ed2-5bfb-5669-8d0d-8571db4a0f19,Indian Snapper,eligible but outside the deterministic 40-record starter-pack limit
63e9a3fc-94fd-5015-beae-9f7ea23fe134,Yellowtail Sandperch,identity confidence is below the starter-pack threshold; account transcription confidence is not high; identification traits are not high-confidence transcriptions
63fe2d14-bded-521c-abb3-ea380ac3ad57,Banda Blenny,account transcription confidence is not high; identification traits are not high-confidence transcriptions
640ccd61-a7b5-5180-8b51-644dfeb26b8a,Potato Grouper,eligible but outside the deterministic 40-record starter-pack limit
640eddfd-9a24-561b-ab29-ab3c2f8eb9ab,Blacksaddle Grouper,account transcription confidence is not high; no identification trait transcription
64123498-393c-553b-8dc4-71f789706f2b,Scaly Damsel,account transcription confidence is not high; identification traits are not high-confidence transcriptions
64258909-442b-5bd2-b282-978cd3ab957d,Lunartail Snapper,no identification trait transcription
64313355-285c-5fae-8226-faeb70366960,Rubble Dwarfgoby,account transcription confidence is not high; identification traits are not high-confidence transcriptions
643f23eb-9752-5d49-a7a4-096e38cbe2f5,Linespot Cardinalfish,eligible but outside the deterministic 40-record starter-pack limit
648e1426-7598-5705-9ea2-e0a68ee49f75,Four-fingered Blenny,identity confidence is below the starter-pack threshold; account transcription confidence is not high; no identification trait transcription
648ed1be-1c73-52a5-9058-74a2385b4be5,Slender Cardinalfish,account transcription confidence is not high; identification traits are not high-confidence transcriptions
64983ab1-963b-571f-87d5-fb21aa0e41de,Magenta-streaked Wormfish,identity confidence is below the starter-pack threshold; account transcription confidence is not high; identification traits are not high-confidence transcriptions
64bb1d42-9639-51fd-bd33-dc19e72f36b4,Spotless Cardinalfish,account transcription confidence is not high; identification traits are not high-confidence transcriptions
64bb45ea-b8cb-51f5-b127-144bbc4cc6f2,Guardian Damsel,account transcription confidence is not high; identification traits are not high-confidence transcriptions
64cabafa-a744-5ada-bb36-5d0bf32cd027,Samoa Wormfish,identity confidence is below the starter-pack threshold; account transcription confidence is not high; identification traits are not high-confidence transcriptions
64d8739d-95a1-51fc-91fe-9339990d894c,Queensland Yellowtail Angelfish,identity confidence is below the starter-pack threshold; account transcription confidence is not high; identification traits are not high-confidence transcriptions
64e989bb-f492-5b3c-a4bd-ec9445ef9bd2,Zigzag Wormfish,eligible but outside the deterministic 40-record starter-pack limit
64f4dac1-b963-5ad5-9c5d-6e840096a363,Ambon Chromis,account transcription confidence is not high; identification traits are not high-confidence transcriptions
65264196-3573-5c32-9521-d9147af96bcf,Sailfin Cardinalfish,account transcription confidence is not high; identification traits are not high-confidence transcriptions
6550b446-9594-5409-b24c-da46b4ce705a,Warty Frogfish,account transcription confidence is not high; no identification trait transcription
6568a4f3-a8f9-51d1-9efb-72f328ce7b0c,Yellow-breasted Wormfish,account transcription confidence is not high
656c6e02-2d89-5cb9-8211-c2c9e85e4436,Allen's Chromis,account transcription confidence is not high; identification traits are not high-confidence transcriptions
657280bf-3311-52e7-8aa3-fe71b7077c69,Cutribbon Wormfish,identity confidence is below the starter-pack threshold; account transcription confidence is not high; identification traits are not high-confidence transcriptions
658a78f0-e2b0-5007-ad9e-a923a1f26589,Whitebar Filefish,account transcription confidence is not high; identification traits are not high-confidence transcriptions
65b348e5-a842-5aac-9335-e350434e279f,Whitespot Damsel,identity confidence is below the starter-pack threshold; account transcription confidence is not high; identification traits are not high-confidence transcriptions
65f1bc34-31c4-5d80-9b3a-21c378479403,Bluefin Shrimpgoby,identity confidence is below the starter-pack threshold; account transcription confidence is not high; identification traits are not high-confidence transcriptions
66088e58-406c-5ce2-aa41-45dd1983b74d,Javanese Damsel,account transcription confidence is not high
6634ff25-198b-59d9-91f5-37eff1fa1ed3,Indian Lionfish,identity confidence is below the starter-pack threshold; account transcription confidence is not high; no identification trait transcription
6683edae-768d-5e74-b1d0-fe18e5559692,Lined Bristletooth,account transcription confidence is not high; identification traits are not high-confidence transcriptions
6688a6bf-1daa-5bb6-b3b3-5eafa96e06cb,Chameleon Parrotfish,account transcription confidence is not high; identification traits are not high-confidence transcriptions
668d8600-7af2-5431-9702-2ce6cac594d7,Clearfin Squirrelfish,account transcription confidence is not high; identification traits are not high-confidence transcriptions
66b2de30-4554-5954-a71d-5f4abb7519f9,Redbarred Shrimpgoby,identity confidence is below the starter-pack threshold
66da89a5-cd1a-5b7d-b232-2e585c4e63e2,Lined Blenny,account transcription confidence is not high; identification traits are not high-confidence transcriptions
671a8318-8234-58bc-8a7d-58d83e2f8ef8,Torpedo Wormfish,eligible but outside the deterministic 40-record starter-pack limit
6723c9d1-5cb7-5b0b-9205-944c6d5ee4fd,Strapweed Filefish,eligible but outside the deterministic 40-record starter-pack limit
67572a41-87ad-5ee0-bfd7-29991f6d6b30,Steephead Parrotfish,no identification trait transcription
676ae852-0ed8-5577-9030-d92b992f8817,Orangestripe Wormfish,eligible but outside the deterministic 40-record starter-pack limit
677b0ce9-7f69-59ab-a171-59eb3dc5eab3,Many-lined Sweetlips,identity confidence is below the starter-pack threshold; account transcription confidence is not high; identification traits are not high-confidence transcriptions
679c645e-8ac3-511f-96bd-37d887584af9,Black-margined Damsel,account transcription confidence is not high; identification traits are not high-confidence transcriptions
68040409-3b7a-5035-89e8-022a9f84e00f,Blackspot Squirrelfish,identity confidence is below the starter-pack threshold; account transcription confidence is not high; no identification trait transcription
681ed324-fe2f-559d-a22a-09e3713e1488,Yellow Tang,account transcription confidence is not high; identification traits are not high-confidence transcriptions
68577542-cd39-5214-b2ad-bc521f5ef3be,Yellowtail Tubelip Wormfish,eligible but outside the deterministic 40-record starter-pack limit
685a2f3f-a432-5ff5-975a-8275c5d33298,Humpback Snapper,identity confidence is below the starter-pack threshold; account transcription confidence is not high; no identification trait transcription
687f04c1-21a8-5396-babe-9bda2b8f30f1,Royal Wormfish,identity confidence is below the starter-pack threshold; identification traits are not high-confidence transcriptions
68a3275c-99c6-532e-8d11-b8cc076fc40e,Pink-spotted Shrimpgoby,identity confidence is below the starter-pack threshold; account transcription confidence is not high; identification traits are not high-confidence transcriptions
68c43aa4-d30f-5e1f-a4be-82b5e2c4085b,Lunartail Snapper,eligible but outside the deterministic 40-record starter-pack limit
68cca880-25a9-52ae-b634-9ea3ba0be2d6,Whitespot \dierfish,eligible but outside the deterministic 40-record starter-pack limit
69038627-4645-5975-b449-dc8d77d888c2,Pink Flasher Wormfish,identity confidence is below the starter-pack threshold; no identification trait transcription
690b118a-38ec-53ff-9890-1e88a85c14cd,Peacock Grouper,no identification trait transcription
6914a30a-7e0c-513c-837a-56f15f260885,Eyespot Blenny,account transcription confidence is not high; identification traits are not high-confidence transcriptions
6955293d-9218-5b04-aa20-316c7f670235,West Australian Cuskeel,identity confidence is below the starter-pack threshold; account transcription confidence is not high; identification traits are not high-confidence transcriptions
697e7945-2085-50d5-971a-91add36181c7,Wahoo Velvetfish,identity confidence is below the starter-pack threshold; account transcription confidence is not high; identification traits are not high-confidence transcriptions
6994a4a6-b7c6-5d1f-a6d3-7c6561966d46,Lined Fangblenny,identity confidence is below the starter-pack threshold; account transcription confidence is not high
69a95baa-cf5f-5268-bba9-9bf5af3f98db,Green Sergeant,identity confidence is below the starter-pack threshold; account transcription confidence is not high; identification traits are not high-confidence transcriptions
69cdbef1-9097-5da2-a37e-a823ba131419,Spotted-row Blenny,account transcription confidence is not high; identification traits are not high-confidence transcriptions
6a0e1a15-7b9a-5c00-bdcb-5c2a74f2c9d9,Smoky Damsel,account transcription confidence is not high; identification traits are not high-confidence transcriptions
6a1baa48-3855-5caf-818d-f0b826ce5cf4,Mangrove Red Snapper,account transcription confidence is not high; identification traits are not high-confidence transcriptions
6a4faddd-276c-5a81-a864-461f836bf76a,,identity confidence is below the starter-pack threshold; account transcription confidence is not high; identity is incomplete; no identification trait transcription
6ac4111e-e38f-5d2b-84e1-cbe39f129a26,Snooty Wrasse,account transcription confidence is not high; identification traits are not high-confidence transcriptions
6ac444e5-e1e6-593d-8c1a-5d70f730d61d,Black Shrimpgoby,account transcription confidence is not high; identification traits are not high-confidence transcriptions
6ae06cb7-cb33-52b8-bd63-ff0812a3cc37,Morrison's Dragonet,eligible but outside the deterministic 40-record starter-pack limit
6ae9a76b-f982-578e-930e-7f9533d3bc4f,Bicolor Rabbitfish,identity confidence is below the starter-pack threshold
6b449b85-1344-554c-965e-f2fce0b6e9e9,Black Snapper,eligible but outside the deterministic 40-record starter-pack limit
6b5a01df-13a9-5671-824c-5e80a0674e38,Norther Tubelip Wormfish,identity confidence is below the starter-pack threshold; account transcription confidence is not high; identification traits are not high-confidence transcriptions
6b5dc148-c044-52f4-b968-0589ce0cde6a,Surge Wormfish,identity confidence is below the starter-pack threshold
6b67a848-f0cc-5c8a-84ed-8c375e64402c,Yellowfin Dottyback,account transcription confidence is not high; identification traits are not high-confidence transcriptions
6b7cc03f-9b7c-5a84-a2e2-0aa00eb67a7f,Indian Triggerfish,account transcription confidence is not high; identification traits are not high-confidence transcriptions
6baa1e1d-ae7a-55eb-874b-695b71c7faf2,Onespot Snapper,eligible but outside the deterministic 40-record starter-pack limit
6bd1acfa-74d9-5aad-8bea-653dffdba88d,Surge Dottyback,eligible but outside the deterministic 40-record starter-pack limit
6bfd706f-72b8-5b6f-8ba5-062a0a385945,Pink Squirrelfish,identity confidence is below the starter-pack threshold; account transcription confidence is not high; identification traits are not high-confidence transcriptions
6c01745a-87d6-5f86-b164-426816c1c906,Pastel Ring Wormfish,identity confidence is below the starter-pack threshold
6c289ff8-f107-563b-b056-b44e1270720c,Violet Demoiselle,account transcription confidence is not high; identification traits are not high-confidence transcriptions
6c2d1bc6-17a3-53b9-afaf-9929e92a96eb,Oddscale Cardinalfish,account transcription confidence is not high; identification traits are not high-confidence transcriptions
6c4a07c6-f2ff-5103-9a4a-f6775b876a3d,Yellowfin Goatfish,identity confidence is below the starter-pack threshold; account transcription confidence is not high; identification traits are not high-confidence transcriptions
6c525159-d80c-5e16-8a7c-5cfc07593b95,Storthynx Goby,eligible but outside the deterministic 40-record starter-pack limit
6c5b53fa-7e0f-56e1-9f77-5aebcaf6c423,Brown-marbled Grouper,account transcription confidence is not high; no identification trait transcription
6c756e8e-318b-5fc6-9cdf-0c7e9721a186,Cosmetic Wormfish,eligible but outside the deterministic 40-record starter-pack limit
6c7c4c7b-0006-587f-b7ad-201cda89feae,Indonesian Grouper,eligible but outside the deterministic 40-record starter-pack limit
6c7cc134-c931-5275-a78f-77e5f6d3a3d2,Arc-eye Hawkfish,identity confidence is below the starter-pack threshold; account transcription confidence is not high; identification traits are not high-confidence transcriptions
6c7d9f95-e2c9-54ed-8c31-04016f6e4283,Blackfin Hogfish,identity confidence is below the starter-pack threshold
6c80abfe-df99-5ac2-a250-401165aa6eab,Red-speckled Blenny,identity confidence is below the starter-pack threshold; account transcription confidence is not high; identification traits are not high-confidence transcriptions
6c97e514-395d-5f01-a4b1-d11e0cc60de4,Red-banded Shrimpgoby,account transcription confidence is not high; no identification trait transcription
6d1342dd-fd9a-5cc2-bbba-a7637b571fb7,Striped Silverside,account transcription confidence is not high; identification traits are not high-confidence transcriptions
6d3fcbf8-be2d-5bb3-8411-ed24c9ae4063,Pale-tail Chromis,eligible but outside the deterministic 40-record starter-pack limit
6d47c5af-0da3-52cb-ad81-e6bd6446fe1b,Ribbon Sweetlips,identity confidence is below the starter-pack threshold; account transcription confidence is not high; identification traits are not high-confidence transcriptions
6d4a2074-200f-5d94-ba72-c056ff076d24,Spotted Toadfish,identity confidence is below the starter-pack threshold; no identification trait transcription
6d51e5e5-6167-53e4-90da-f423a054da19,Goldspot Hogfish,identity confidence is below the starter-pack threshold
6d7e2241-7164-5ada-beb1-d3d4ba6e31e3,Pearly Dartfish,eligible but outside the deterministic 40-record starter-pack limit
6d837fec-f648-584f-8c4f-01bbd5a4bf7a,Bandtail Goatfish,identity confidence is below the starter-pack threshold; no identification trait transcription
6d8d592b-bea5-5ee9-b6b2-94d76088b0f6,Green-headed Wormfish,account transcription confidence is not high; identification traits are not high-confidence transcriptions
6dc0f9f8-2e82-5a09-b26d-fffc7c488c76,Rhomboid Wormfish,identity confidence is below the starter-pack threshold; account transcription confidence is not high; identification traits are not high-confidence transcriptions
6de2af00-8cfb-5f30-9636-c8e771d1d1ae,Regal Demoiselle,account transcription confidence is not high; identification traits are not high-confidence transcriptions
6e4a69ea-cfe2-5bbd-b325-575ef2064982,Clearfin Lionfish,account transcription confidence is not high; no identification trait transcription
6e83fd74-4f15-5b01-a901-3c09025c2948,Black Jack,identity confidence is below the starter-pack threshold; account transcription confidence is not high; identification traits are not high-confidence transcriptions
6f29c049-7ebf-5589-946d-a1463da61175,Reef Stonefish,account transcription confidence is not high; identification traits are not high-confidence transcriptions
6f33188a-d7a4-545d-b21e-b764e069a1bc,Spinecheek Goby,account transcription confidence is not high
6f8f742a-8c7a-5a57-85d2-dcfb43f5de59,Yellowtail Barracuda,identity confidence is below the starter-pack threshold; no identification trait transcription
6fb30177-eb66-56c6-8f83-9d61b9bc8fae,,identity confidence is below the starter-pack threshold; identity is incomplete; no identification trait transcription
6fd2a725-ea90-5a62-b0a5-ed45c7018186,Coral Rock Grouper,eligible but outside the deterministic 40-record starter-pack limit
6ffb4a3d-0e17-55c3-b797-595963b47c0c,Tahitian Squirrelfish,identity confidence is below the starter-pack threshold; no identification trait transcription
70006283-bbe7-5d44-a5ad-5d0efe40b94b,Slender Lizardfish,identity confidence is below the starter-pack threshold; identification traits are not high-confidence transcriptions
7004a4ec-5671-5d53-9246-0736abd9aebe,Many-banded Pipefish,identity confidence is below the starter-pack threshold; no identification trait transcription
705f1356-d8a4-59fe-ae28-654cda954e9e,Blue-Eyed Stingfish,account transcription confidence is not high; identification traits are not high-confidence transcriptions
70a493c4-3cc1-5975-b8ca-6b06aecd4898,Yellowback Anthias,identity confidence is below the starter-pack threshold; account transcription confidence is not high; identification traits are not high-confidence transcriptions
70c4269a-36fa-5de2-93b0-2e2f741dfff0,Diagonal-banded Sweetlips,identity confidence is below the starter-pack threshold; account transcription confidence is not high; identification traits are not high-confidence transcriptions
7118e6e6-5beb-528f-9c49-bb40dadccd02,Wester Gregory,identity confidence is below the starter-pack threshold; account transcription confidence is not high; identification traits are not high-confidence transcriptions
712b8243-65e6-53eb-9ccc-4ce59b520c10,Arrowhead Soapfish,eligible but outside the deterministic 40-record starter-pack limit
715532de-3a30-55f6-a05a-a66516457b4a,Darkstripe Tuskfish,account transcription confidence is not high; identification traits are not high-confidence transcriptions
7158cb74-4a84-551b-a3a5-a8cfef6f0ff3,Longnose Butterflyfish,account transcription confidence is not high; no identification trait transcription
716175cf-b7f7-5394-9774-b3c77da4f427,Lined Dartfish,account transcription confidence is not high; identification traits are not high-confidence transcriptions
71684d5f-799a-5dd4-bf5a-bf704a0285b9,Redstriped Basslet,identity confidence is below the starter-pack threshold; account transcription confidence is not high; identification traits are not high-confidence transcriptions
7181f85a-6455-550e-9783-6c0be3f62587,Indian Doublebar Goatfish,identity confidence is below the starter-pack threshold; account transcription confidence is not high; no identification trait transcription
7185ade9-5a22-59e8-926a-016eb22ba6d2,Redmouth Grouper,account transcription confidence is not high; identification traits are not high-confidence transcriptions
71900f5c-65a6-5f89-a4e6-4d8f3d20024d,Copperstriped Cardinalfish,eligible but outside the deterministic 40-record starter-pack limit
71c8bf0b-f57f-52e3-a12b-2d8df4e427d4,,identity confidence is below the starter-pack threshold; account transcription confidence is not high; identity is incomplete; no identification trait transcription
71d58523-f5d5-58e3-a2de-c8cd2a05efc1,Whitebanded Pygmy Wormfish,identity confidence is below the starter-pack threshold; account transcription confidence is not high; identification traits are not high-confidence transcriptions
71df0ddc-240a-5792-a99a-495b81a82b48,Azure Demoiselle,eligible but outside the deterministic 40-record starter-pack limit
71ede081-be99-50a9-b53a-bc7a9362ea39,Russell's Mackerel,identity confidence is below the starter-pack threshold
71f30fb7-c651-5b1c-90e6-c54fedbc5837,Ballina Angelfish,identity confidence is below the starter-pack threshold; account transcription confidence is not high; identification traits are not high-confidence transcriptions
72056059-839c-5c00-aa49-3fc6068b3790,Baldchin Tuskfish,no identification trait transcription
722706d4-f3d2-55ad-ba17-6203991f391a,Three-lined Blenny,account transcription confidence is not high; identification traits are not high-confidence transcriptions
72fd34a5-3577-51a4-987e-d99c8c6d8ae5,Yellowspotted Anthias,eligible but outside the deterministic 40-record starter-pack limit
73250c85-ef1c-50b3-a326-5e700af22f10,Red-spotted Sandperch,identity confidence is below the starter-pack threshold; account transcription confidence is not high; identification traits are not high-confidence transcriptions
739fd46f-e885-512d-86f5-4fc485a97efa,Goldline Coris,account transcription confidence is not high; identification traits are not high-confidence transcriptions
73bc04f2-d3ed-537c-97b8-821a01ad0914,Striped Sweetlips,identity confidence is below the starter-pack threshold
73ecdef3-89aa-58d4-942f-288c5e1aad69,Glittering Pipefish,account transcription confidence is not high; identification traits are not high-confidence transcriptions
744326d5-f1c8-596d-8481-b94c49b5265b,Threadfin,identity confidence is below the starter-pack threshold; account transcription confidence is not high; identification traits are not high-confidence transcriptions
757d4766-1539-5bd4-8965-89653f23a83b,Roving Coral Grouper,eligible but outside the deterministic 40-record starter-pack limit
7580303c-2e94-5386-b2fd-4fbf4a94603f,Starry Dragonet,eligible but outside the deterministic 40-record starter-pack limit
75e8da1c-fe0d-5750-9e9b-567db272f9bd,Circular Spadefish,identity confidence is below the starter-pack threshold; account transcription confidence is not high; identification traits are not high-confidence transcriptions
75eecdb7-acca-5f5d-bf6c-8cf1916ff670,Trumpetfish,identity confidence is below the starter-pack threshold; identification traits are not high-confidence transcriptions
75f658eb-a4f4-5a43-980c-5d1d0338ea9a,Elegant Wormfish,identity confidence is below the starter-pack threshold; account transcription confidence is not high; identification traits are not high-confidence transcriptions
7622ff5b-aee9-5935-9a3d-6987251c73d9,Gold-spotted Rabbitfish,identity confidence is below the starter-pack threshold; account transcription confidence is not high; identification traits are not high-confidence transcriptions
763d8d72-f702-59e4-ad78-0e22b4754594,Thorny Flathead,account transcription confidence is not high; identification traits are not high-confidence transcriptions
7647cc18-011d-5150-b090-d40e71e337d4,Javan Wormfish,identity confidence is below the starter-pack threshold; account transcription confidence is not high; identification traits are not high-confidence transcriptions
764e5612-6640-5747-a42d-a0af41b506c0,Rcupinefish,eligible but outside the deterministic 40-record starter-pack limit
767092c2-cd61-5319-aae4-1d912ebe25c7,Reef Lizardfish,eligible but outside the deterministic 40-record starter-pack limit
767fffe6-58ae-57e8-9002-6c89f4ec5947,Geographic Wormfish,account transcription confidence is not high; identification traits are not high-confidence transcriptions
7684bd30-e4a2-57dc-bd72-ed6d0f7e9a08,Japanese Surgeonfish,account transcription confidence is not high; identification traits are not high-confidence transcriptions
7686f017-9d28-5a92-b56e-93ebe88a334c,Black-axil Chromis,account transcription confidence is not high; identification traits are not high-confidence transcriptions
76f3c3c6-b3b5-5477-847c-569e9eea15a9,Blue-spotted Ray,identity confidence is below the starter-pack threshold
76fa3230-6554-5b6b-a70f-64f41c9ca2cc,Black & Yellow Butterflyfish,identity confidence is below the starter-pack threshold; account transcription confidence is not high; identification traits are not high-confidence transcriptions
77442d1f-37be-5477-8e97-052b0687f53a,Three-lined Blenny,identity confidence is below the starter-pack threshold; account transcription confidence is not high
7760d7df-879d-505a-9252-5c27173a1317,Yellowtail Sergeant,account transcription confidence is not high; identification traits are not high-confidence transcriptions
77b3a7db-5ad5-5800-a1e3-767c7b60538c,Monocle Blenny,account transcription confidence is not high; identification traits are not high-confidence transcriptions
77c12799-959d-517f-a490-7926b5d36a2b,Tan-faced Parrotfish,account transcription confidence is not high; identification traits are not high-confidence transcriptions
77c438fe-27cd-534f-baa2-778913fb465c,Redspotted Blenny,identity confidence is below the starter-pack threshold; account transcription confidence is not high; identification traits are not high-confidence transcriptions
77d56583-f67c-5d40-a3fb-753b6f8cae90,Borneo Damsel,identity confidence is below the starter-pack threshold; account transcription confidence is not high; identification traits are not high-confidence transcriptions
77e89552-9cbc-5de4-8140-8f8e7bc733fe,,identity confidence is below the starter-pack threshold; account transcription confidence is not high; identity is incomplete; identification traits are not high-confidence transcriptions
77ece116-4591-5756-a375-a7df18e4494f,Palespot Damsel,account transcription confidence is not high; identification traits are not high-confidence transcriptions
77fabbf4-679c-5bd9-ade2-0d5be0a70083,,identity confidence is below the starter-pack threshold; account transcription confidence is not high; identity is incomplete; identification traits are not high-confidence transcriptions
781b1887-e179-5511-bc13-087f4d2dc2b0,Jewel Damsel,account transcription confidence is not high; identification traits are not high-confidence transcriptions
7866cead-7761-5da5-aa44-75d434cdeecf,Whitetail Surgeonfish,account transcription confidence is not high; identification traits are not high-confidence transcriptions
786d41a3-7191-5270-a594-391ce1f12187,Flagtail,account transcription confidence is not high; identification traits are not high-confidence transcriptions
78716cee-1511-5ea7-8f31-b657c3e508bb,Northern Wobbegong,identity confidence is below the starter-pack threshold; account transcription confidence is not high; identification traits are not high-confidence transcriptions
78fd070d-2351-5d3e-a9e3-a10b7748759c,Shortnose Pipefish,identity confidence is below the starter-pack threshold; account transcription confidence is not high; identification traits are not high-confidence transcriptions
7905cd50-a977-549c-96de-1b3031d5135a,Redstripe Anthias,eligible but outside the deterministic 40-record starter-pack limit
79405f77-44bf-576c-8338-a7fbd7955990,Shen's Anthias,identity confidence is below the starter-pack threshold; account transcription confidence is not high
7944438c-fe06-5c76-8579-3dc5473c418e,Reticulate Stargazer,eligible but outside the deterministic 40-record starter-pack limit
79a86aa2-6ece-5864-9544-900bcc07ff52,Filamentous Blenny,account transcription confidence is not high; identification traits are not high-confidence transcriptions
79bcdf3f-3b94-5789-91c4-18afef5b8ef7,Orange & Black Dragonet,identity confidence is below the starter-pack threshold
79ee29ed-0749-55fc-9132-285f86d5431b,Striped Blenny,account transcription confidence is not high; identification traits are not high-confidence transcriptions
7a35216e-a7b1-55fc-b482-c57dcc73c718,,identity confidence is below the starter-pack threshold; account transcription confidence is not high; identity is incomplete; identification traits are not high-confidence transcriptions
7a662be3-854f-5819-8d32-cb8b1f19a00b,Fire Dartfish,eligible but outside the deterministic 40-record starter-pack limit
7aa220b0-3eaf-5b77-8341-8d40273e21ff,Solitary Cardinalfish,account transcription confidence is not high; identification traits are not high-confidence transcriptions
7acc216e-6e3f-5228-bf2b-51cb4cf7c597,White Ribbon Moray,eligible but outside the deterministic 40-record starter-pack limit
7b3f6814-62f7-59ba-a832-b0c9b562b8af,Yellow-tailed Dascyllus,account transcription confidence is not high; identification traits are not high-confidence transcriptions
7b731c3f-4270-55cf-8440-f98fd64da095,Chiseltooth Razorfish,identity confidence is below the starter-pack threshold; account transcription confidence is not high; identification traits are not high-confidence transcriptions
7b7e3138-45e4-5e0e-9193-e4c592c794d4,Springer's Demoiselle,identity confidence is below the starter-pack threshold; account transcription confidence is not high; identification traits are not high-confidence transcriptions
7b8409bd-09ca-573f-9342-b2b4a0b6a78d,Pearl-streaked Monocle Bream,identity confidence is below the starter-pack threshold
7b96ef03-0d67-5f5b-adc4-b43f6f57d00b,Flasher Scorpionfish,identity confidence is below the starter-pack threshold; account transcription confidence is not high; identification traits are not high-confidence transcriptions
7ba1ab8f-018a-5939-b120-23aba29a40ba,Dash-dot Goatfish,identity confidence is below the starter-pack threshold
7be902ad-2415-55c0-a87d-4098d9e286c1,Viper Moray,eligible but outside the deterministic 40-record starter-pack limit
7bf09382-1c35-5a6a-b119-588d66d1849d,Brock’s Pipefish,account transcription confidence is not high; identification traits are not high-confidence transcriptions
7c0272d4-0ba0-5954-beab-2d3599c10f24,Guam Reef Damsel,identity confidence is below the starter-pack threshold; account transcription confidence is not high; identification traits are not high-confidence transcriptions
7c1b0023-3b5e-54c4-99da-6dd2c51402a4,Pale-barred Coris,eligible but outside the deterministic 40-record starter-pack limit
7c2acba1-7c54-531b-92dd-3434647f5753,Philippine Damsel,account transcription confidence is not high; identification traits are not high-confidence transcriptions
7c4956f2-2a9a-5551-9d3d-a86b30525176,Blue-spotted Puffer,identity confidence is below the starter-pack threshold; account transcription confidence is not high; identification traits are not high-confidence transcriptions
7c6256b3-846b-514c-a6ff-732fcf400927,Surf Parrotfish,account transcription confidence is not high; identification traits are not high-confidence transcriptions
7c6e39b8-672d-537c-9e4c-c41b0f9ac8ce,,identity confidence is below the starter-pack threshold; account transcription confidence is not high; identity is incomplete; identification traits are not high-confidence transcriptions
7cb4d34b-1f87-51f3-a830-0e80491137d1,Greenlip Parrotfish,account transcription confidence is not high; identification traits are not high-confidence transcriptions
7ccace22-6a81-52e0-960f-51e5d67a8b88,Kamohara's Fangblenny,identity confidence is below the starter-pack threshold; account transcription confidence is not high; identification traits are not high-confidence transcriptions
7cd78fa6-71cf-51c8-b533-29274bdfa53a,Asian Butterflyfish,account transcription confidence is not high; identification traits are not high-confidence transcriptions
7cd9818f-540b-59de-ae59-45c0527414e3,Brown Demoiselle,eligible but outside the deterministic 40-record starter-pack limit
7d0bef6c-77b7-5dd5-a987-63f18de8ad48,Princess Damsel,identity confidence is below the starter-pack threshold; account transcription confidence is not high; identification traits are not high-confidence transcriptions
7d3609ed-a299-5fb5-b7ec-2166e45afec7,Black Butterflyfish,identity confidence is below the starter-pack threshold; account transcription confidence is not high; identification traits are not high-confidence transcriptions
7ddbbcf4-6afd-525c-b28c-cebacdbdcb88,Flame Hawkfish,account transcription confidence is not high; identification traits are not high-confidence transcriptions
7ddc13bb-135a-5678-a105-67e3ceb4120f,Staghorn Damsel,account transcription confidence is not high; identification traits are not high-confidence transcriptions
7e2f0ac3-b76a-5f88-bd0f-28856a003446,Bluespotted Grouper,eligible but outside the deterministic 40-record starter-pack limit
7e62bde9-bab4-5dda-bcf4-4bb9c66d8869,Ward's Damsel,identity confidence is below the starter-pack threshold; account transcription confidence is not high; identification traits are not high-confidence transcriptions
7e7863ac-1bab-5b3e-90ff-1700fd7fb6ae,Threeband Demoiselle,eligible but outside the deterministic 40-record starter-pack limit
7ea617e8-3082-5215-b9d4-b3ba2d2a6b4e,Sand Shrimpgoby,identity confidence is below the starter-pack threshold; account transcription confidence is not high; identification traits are not high-confidence transcriptions
7ea81c52-592f-5bb0-bcfc-725520a8d7ae,Shark,identity confidence is below the starter-pack threshold; account transcription confidence is not high; identification traits are not high-confidence transcriptions
7ebe7f91-c40d-5a59-9ba7-ae78b9f3b207,False Clown Anemonefish,identity confidence is below the starter-pack threshold; account transcription confidence is not high
7ee80aa1-efc9-5625-a9a0-67ef93086ae4,Vulcan Triplefin,account transcription confidence is not high; identification traits are not high-confidence transcriptions
7ee8a126-ba52-5c59-97d9-7a88abce827b,Gulf Damsel,identity confidence is below the starter-pack threshold
7ef323af-ce8b-5f84-b12a-78704d2c229c,Yellowmargin Moray,identity confidence is below the starter-pack threshold; identification traits are not high-confidence transcriptions
7ef7e442-a82d-541c-b3f8-f934e583c433,,identity confidence is below the starter-pack threshold; account transcription confidence is not high; identity is incomplete; no identification trait transcription
7f000b1d-8c7b-5f40-ac91-2ae88d6d6637,Cheek-streaked Goby,account transcription confidence is not high; identification traits are not high-confidence transcriptions
7f3b2b53-75fc-5b1a-b8e7-5f4e2a6aa865,Slender Fusilier,eligible but outside the deterministic 40-record starter-pack limit
7f4dcbee-b5a6-52e9-b3bd-9816abcb378e,Ornate Ghost Pipefish,identity confidence is below the starter-pack threshold; account transcription confidence is not high; identification traits are not high-confidence transcriptions
7fbc9e1c-6113-5e1d-b477-5263070a9bde,Shoulderbar Goby,no identification trait transcription
7fd755ed-ab2d-5801-9d9a-fe8d94a29e8a,Many-barbed Stingfish,eligible but outside the deterministic 40-record starter-pack limit
801687bf-0384-5404-8d14-b8c9416afa27,Deep-bodied Silver Biddy,identity confidence is below the starter-pack threshold; account transcription confidence is not high; identification traits are not high-confidence transcriptions
8029900b-5343-5069-a69f-1803b9b62855,Harlequin Sandperch,identity confidence is below the starter-pack threshold
80770b88-64ff-5c99-8170-44b896dae9e5,Spiny Chromis,eligible but outside the deterministic 40-record starter-pack limit
8082a9b2-6cee-5b90-8e51-1e4f3cac1fb3,Two-spotted Wormfish,account transcription confidence is not high; identification traits are not high-confidence transcriptions
8090c447-3b46-5149-9876-4a1a3d933b3b,Thorny Seahorse,identity confidence is below the starter-pack threshold; account transcription confidence is not high
80c1da96-0390-5548-921f-b430992947ab,Purple-Lined Wormfish,identity confidence is below the starter-pack threshold
80c3fe3b-e488-55cc-beb9-f7f6d80e1b8c,Twinspot Cardinalfish,identity confidence is below the starter-pack threshold; account transcription confidence is not high; identification traits are not high-confidence transcriptions
80d44e2a-9643-55a1-8980-2add36929b42,Chlamydatus Moray,identity confidence is below the starter-pack threshold; account transcription confidence is not high; identification traits are not high-confidence transcriptions
80e3a33a-3742-5cfd-9cc2-7213cf37dad3,Shortfin Scorpionfish,identity confidence is below the starter-pack threshold; account transcription confidence is not high; identification traits are not high-confidence transcriptions
80ea0eb2-179f-5b2e-b6a8-3e01e5bfe9fe,Striped Goatfish,identity confidence is below the starter-pack threshold
80f3a629-f926-58c8-8fe4-f7b65fa06e6d,Monarch Damsel,account transcription confidence is not high
8105113a-8586-5f7e-a23c-ff52a8a5d0ac,Lattice Monocle Bream,identity confidence is below the starter-pack threshold; account transcription confidence is not high; identification traits are not high-confidence transcriptions
8117323c-8543-56c3-b65c-1754f58c2849,Threeband Anemonefish,identity confidence is below the starter-pack threshold; no identification trait transcription
8143fc9e-edd3-5fca-b0cc-ee72bc2cd21c,Clown Blenny,account transcription confidence is not high; identification traits are not high-confidence transcriptions
81584882-96ed-56e2-8221-72ea9fbee128,Double Whiptail,identity confidence is below the starter-pack threshold; account transcription confidence is not high; identification traits are not high-confidence transcriptions
81966f42-313c-5c42-b7d8-8a5280b807fa,Wolfsnout Goby,account transcription confidence is not high; identification traits are not high-confidence transcriptions
822152d8-2761-549b-a5be-130b7eb52812,Randall's Frogfish,identity confidence is below the starter-pack threshold; account transcription confidence is not high
8285a68f-91eb-5edc-9028-e7f6f8b05877,Lubbock's Wormfish,identity confidence is below the starter-pack threshold; account transcription confidence is not high; identification traits are not high-confidence transcriptions
828aa5a3-5287-58d2-9245-d20d42fc78e0,Redhead Wormfish,account transcription confidence is not high; identification traits are not high-confidence transcriptions
828ffc36-7e67-5708-80f0-e725646ab238,Goldback Damsel,identity confidence is below the starter-pack threshold; account transcription confidence is not high; identification traits are not high-confidence transcriptions
8299ccf4-32e4-57f5-8ece-4a77e1c1c273,Silver Pearlfish,eligible but outside the deterministic 40-record starter-pack limit
82be7083-5e34-590d-9c20-5992b0f867fe,Common Lionfish,eligible but outside the deterministic 40-record starter-pack limit
82f2ab49-d3e1-57e6-b8f1-2fc98801fd15,Drummer Dragonet,eligible but outside the deterministic 40-record starter-pack limit
836e7a55-0a3a-502c-992f-b07d94c075f7,Twinspot Hawkfish,account transcription confidence is not high; identification traits are not high-confidence transcriptions
8383e25f-d659-578c-b6ee-aacbb0725ebd,Javanese Cownose Ray,account transcription confidence is not high; identification traits are not high-confidence transcriptions
83915c48-4ec1-5006-ab47-c1ef6e6d0637,Backstriped Wormfish,identity confidence is below the starter-pack threshold; account transcription confidence is not high; identification traits are not high-confidence transcriptions
839380fc-5da2-5966-804b-cb6bdceef8d6,,identity confidence is below the starter-pack threshold; account transcription confidence is not high; identity is incomplete; no identification trait transcription
83f6c479-9307-5d29-9591-de5cf6027e69,Rigid Shrimpfish,identity confidence is below the starter-pack threshold; account transcription confidence is not high; identification traits are not high-confidence transcriptions
83fac933-9800-5185-b064-1537dd378d2b,Lined Wrasse,eligible but outside the deterministic 40-record starter-pack limit
842682ee-77ad-545b-8160-2457c28b74be,Long-beaked Coralfish,account transcription confidence is not high; identification traits are not high-confidence transcriptions
84296c05-84bc-5fc6-807b-efe819219aa7,Ocellated Cardinalfish,account transcription confidence is not high; identification traits are not high-confidence transcriptions
845f1e00-595a-522d-a802-329d78aa438c,Yellow Boxfish,eligible but outside the deterministic 40-record starter-pack limit
847370ab-a43c-5a2a-8169-2a2f037a0f46,Surge Grouper,eligible but outside the deterministic 40-record starter-pack limit
84d84512-7cc5-5558-97b6-16701e2c5425,Ruddy Fusilier,account transcription confidence is not high; identification traits are not high-confidence transcriptions
84da4e58-d20c-55e6-9fe8-9ddae22df55e,Giant Guitarfish,account transcription confidence is not high; identification traits are not high-confidence transcriptions
84fa676d-bfe7-5022-84e1-9c52c857862e,Goldstripe Wormfish,eligible but outside the deterministic 40-record starter-pack limit
859c9526-abb0-518f-a3f4-62883e31fd67,Nakedhead Shrimpgoby,account transcription confidence is not high; identification traits are not high-confidence transcriptions
85db1c57-5a28-50bf-ba36-1715f863256f,White-Bonnet Anemonefish,account transcription confidence is not high; no identification trait transcription
8603cf17-aa4a-5ab4-8baa-650f49c738f9,Shortnose Pipefish,eligible but outside the deterministic 40-record starter-pack limit
86435306-fd4d-5b38-a93b-981745682c1a,Pale Dwarfgoby,account transcription confidence is not high; identification traits are not high-confidence transcriptions
86469bc1-8f0a-59db-b4ef-f884cae83e48,Masked Rabbitfish,account transcription confidence is not high; identification traits are not high-confidence transcriptions
864ca8ce-eb64-5911-bccb-793115ed9505,Narrowstripe Fusilier,account transcription confidence is not high; identification traits are not high-confidence transcriptions
8660a7dd-2544-5ee7-8d02-a8748019704f,Butler's Frogfish,identity confidence is below the starter-pack threshold
86d21865-e1bd-56c8-a7e1-dcca1ddbf9b1,Crosshatch Goby,eligible but outside the deterministic 40-record starter-pack limit
86fbb809-7f6d-5686-bfd6-eb14c6a25b20,Randall's Wormfish,identity confidence is below the starter-pack threshold; account transcription confidence is not high; identification traits are not high-confidence transcriptions
870f67f1-4d68-5fe7-b351-a7162a7e3440,Fine-lined Surgeonfish,account transcription confidence is not high; identification traits are not high-confidence transcriptions
871c4502-0141-55f2-901f-169b087fced7,Lemon Damsel,identity confidence is below the starter-pack threshold; account transcription confidence is not high; identification traits are not high-confidence transcriptions
877a9bd6-dd55-532e-ab75-34c171553554,Double-lined Mackerel,account transcription confidence is not high; identification traits are not high-confidence transcriptions
8796d848-167e-5b72-b53b-799ee26ba039,Doublebanded Soapfish,account transcription confidence is not high; identification traits are not high-confidence transcriptions
87a79d00-9a5a-580b-a2bc-b09c55c27b48,Chesnut Blenny,account transcription confidence is not high; identification traits are not high-confidence transcriptions
87c1d93e-5d25-5a88-89e2-15bc5c7e1baf,,identity confidence is below the starter-pack threshold; account transcription confidence is not high; identity is incomplete; identification traits are not high-confidence transcriptions
882df870-a332-5000-9b5f-293ce7f488c7,Honeycomb Toadfish,identity confidence is below the starter-pack threshold; account transcription confidence is not high; identification traits are not high-confidence transcriptions
889d11d5-bb17-5197-8285-132aeaa6dac4,,identity confidence is below the starter-pack threshold; account transcription confidence is not high; identity is incomplete; no identification trait transcription
88cd9255-cc97-5464-aa1e-0b4c23010f1e,Midnight Angelfish,account transcription confidence is not high; identification traits are not high-confidence transcriptions
895b58a3-6d87-56e2-928c-5055b8865493,Honeycomb Grouper,account transcription confidence is not high; identification traits are not high-confidence transcriptions
89633970-40a5-52b3-9b0f-95c8d090c877,Indian Goatfish,identity confidence is below the starter-pack threshold; account transcription confidence is not high; identification traits are not high-confidence transcriptions
8971602f-c338-5151-9f58-a6efa9746db7,Brushtail Tang,identity confidence is below the starter-pack threshold; account transcription confidence is not high; identification traits are not high-confidence transcriptions
898fa51c-dbb2-5fa1-8e95-ad69a9395323,Girdled Cardinalfish,eligible but outside the deterministic 40-record starter-pack limit
89ad863a-8f3d-5754-bee9-0692e0332c38,Mimic Surgeonfish,account transcription confidence is not high; identification traits are not high-confidence transcriptions
89c96fd8-32d0-596a-b454-cd596e58fb89,Neophyte Goby,account transcription confidence is not high; identification traits are not high-confidence transcriptions
8a288bf4-36fe-502e-b265-d5bd0c5b5688,Yelloweyed Cardinalfish,eligible but outside the deterministic 40-record starter-pack limit
8a54b591-da84-5c46-b970-28fe3caf4962,Linedcheeked Wormfish,identity confidence is below the starter-pack threshold
8aeb05db-a733-593f-81e9-a648d564c176,Spotfin Lionfish,account transcription confidence is not high; no identification trait transcription
8af7f7e7-8b30-510e-a177-a21849092027,Spectacled Filefish,identity confidence is below the starter-pack threshold; account transcription confidence is not high; identification traits are not high-confidence transcriptions
8afe541c-b870-5a76-8921-943c93c2f85c,Japanese Swallow Angelfish,account transcription confidence is not high
8b2e8670-bfc9-5fe2-a69b-aaed20b3ce89,,identity confidence is below the starter-pack threshold; account transcription confidence is not high; identity is incomplete; no identification trait transcription
8b4cfef7-02ce-5cdc-8974-fbfea352a9ac,Scythe Triggerfish,eligible but outside the deterministic 40-record starter-pack limit
8b9b6ef3-f98c-5086-8bed-0516cea26d45,Rivulated Toadfish,identity confidence is below the starter-pack threshold; identification traits are not high-confidence transcriptions
8b9f723e-09a2-5fa9-bf3e-646a2ffe9d4e,Redlip Cleaner Wormfish,eligible but outside the deterministic 40-record starter-pack limit
8bc9ba83-c563-5a49-a063-acd259172368,Greenthroat Parrotfish,account transcription confidence is not high
8bd545ad-e7b7-5a7f-8dd4-a44ecdfc7e58,Dolphinfish,eligible but outside the deterministic 40-record starter-pack limit
8be0a9b0-9b8c-5d76-9574-8b499a6c179c,Smalltooth Emperor,account transcription confidence is not high; identification traits are not high-confidence transcriptions
8be2d9d8-c1e2-5f42-96f5-231196cbaff2,Striped Pygmygoby,no identification trait transcription
8c071d0a-e8d7-57d8-88f6-696a7bd9259c,Earl's \dierfish,identity confidence is below the starter-pack threshold; account transcription confidence is not high; identification traits are not high-confidence transcriptions
8c44a6cd-355a-541e-95b1-1c8bd3532b39,Spot-Nape Butterflyfish,account transcription confidence is not high; identification traits are not high-confidence transcriptions
8c588b88-487d-5a04-aff0-717512d35817,Doublepore Fangblenny,eligible but outside the deterministic 40-record starter-pack limit
8c86603a-d15b-5f21-aaf9-0e607be2a63c,Mangrove Cardinalfish,eligible but outside the deterministic 40-record starter-pack limit
8d2d0075-7e71-51a4-81f7-fc4844ea91ba,Tailspot Wrasse,eligible but outside the deterministic 40-record starter-pack limit
8d50cac8-798a-5abd-9bc3-1dcd62554265,Skunk Anemonefish,no identification trait transcription
8d80ccc8-e343-57cd-923e-0e4c57c70a1a,,identity confidence is below the starter-pack threshold; account transcription confidence is not high; identity is incomplete; no identification trait transcription
8d861b0c-a526-5999-a44f-2175616616e1,Sigillata Pygmygoby,eligible but outside the deterministic 40-record starter-pack limit
8d984b9a-3670-56fa-85db-754d4117a9fb,Queensland Dottyback,eligible but outside the deterministic 40-record starter-pack limit
8dd99f35-3ac0-5113-a708-346441d3b922,Nagasaki Damsel,account transcription confidence is not high
8e7606d3-7c68-5884-af54-06f6f2cf81c6,Yellownose Slender Anthias,eligible but outside the deterministic 40-record starter-pack limit
8e801f68-31e5-5f82-bb66-473b7b2c020a,Ornate Wobbegong,identity confidence is below the starter-pack threshold; account transcription confidence is not high
8e962497-3581-537f-87e0-97b84629e148,Golden-striped Butterflyfish,account transcription confidence is not high; no identification trait transcription
8ec65769-c2a0-571c-9e0f-a5d82cb98013,Brown Damsel,account transcription confidence is not high; identification traits are not high-confidence transcriptions
8ef8c40c-4b53-5a1a-8168-31ba296605a8,Blackspotted Moray,identity confidence is below the starter-pack threshold
8efd4937-5f3b-515e-8ea1-947d1be5862c,Five-lined Snapper,account transcription confidence is not high; identification traits are not high-confidence transcriptions
8f1a0584-f050-519e-83e3-e6d665b90cbe,Shark,identity confidence is below the starter-pack threshold
8f25dca9-c0d2-53e8-9f6e-a37328650c6f,Northern Dragonet,account transcription confidence is not high; identification traits are not high-confidence transcriptions
8f33c8ca-d427-5747-a4a1-66354e9027d9,Helen's Triplefin,account transcription confidence is not high; identification traits are not high-confidence transcriptions
8f435313-3031-5819-a65b-8834c5d4a8e3,,identity confidence is below the starter-pack threshold; account transcription confidence is not high; identity is incomplete; no identification trait transcription
8f8f1c3c-5b8c-5dd9-bbd0-d0d6bff7bdf9,Diamond Filefish,account transcription confidence is not high; identification traits are not high-confidence transcriptions
8fad67e0-8ec4-506d-88aa-6bb1c9607432,Yellowband Wormfish,identity confidence is below the starter-pack threshold; account transcription confidence is not high; identification traits are not high-confidence transcriptions
8fdb02ac-38da-55bd-b95b-e5cd764404fa,Java Rabbitfish,account transcription confidence is not high; identification traits are not high-confidence transcriptions
8ff7a266-e1a5-5b4d-bd79-242a61ccacc8,Luzon Anthias,account transcription confidence is not high; identification traits are not high-confidence transcriptions
9062512a-72c2-58fc-8fc7-0e51b6c86622,Sulawesi Fangblenny,account transcription confidence is not high; identification traits are not high-confidence transcriptions
90739e0b-7a91-5a75-9883-d5b9e84e00b5,Goldhead Damsel,identity confidence is below the starter-pack threshold; account transcription confidence is not high; no identification trait transcription
90968fc5-1e85-5e26-a844-69f7d1bfdc5d,Emperor,identity confidence is below the starter-pack threshold; account transcription confidence is not high; identification traits are not high-confidence transcriptions
90b04503-bb37-5d82-81e6-318d3808b0d8,Royal Dottyback,eligible but outside the deterministic 40-record starter-pack limit
90b99f85-a0af-56dc-a9aa-0e080b1696ea,Dark-capped Parrotfish,eligible but outside the deterministic 40-record starter-pack limit
90e24479-7b97-533d-a96e-dffdec8c979f,Yellowtail Damsel,account transcription confidence is not high; identification traits are not high-confidence transcriptions
90e86aa6-9735-5aac-b5bf-e5b5a8f19d99,Decorated Dartfish,identity confidence is below the starter-pack threshold; account transcription confidence is not high; identification traits are not high-confidence transcriptions
910f2657-b5a7-58c3-bc90-a973ae55705c,,identity confidence is below the starter-pack threshold; account transcription confidence is not high; identity is incomplete; identification traits are not high-confidence transcriptions
91224400-e35c-57d1-9d48-7742728b5fe0,Guam Cardinalfish,account transcription confidence is not high; identification traits are not high-confidence transcriptions
912d75ec-3aad-5f79-8f41-7d97ea37c549,Striped Monocle Bream,identity confidence is below the starter-pack threshold; account transcription confidence is not high; identification traits are not high-confidence transcriptions
91387cef-9e00-514c-8b70-ff5b7d4a5070,Ring Wormfish,account transcription confidence is not high; identification traits are not high-confidence transcriptions
9139afe9-62bc-516d-aed7-6144bc69b7ea,Australian Shrimpgoby,identity confidence is below the starter-pack threshold; account transcription confidence is not high; identification traits are not high-confidence transcriptions
9152a216-ade1-5e56-8b9c-734ffbb78690,Whitespotted Grouper,account transcription confidence is not high; no identification trait transcription
9163f2d4-bdf0-5560-8cb6-f4f3959c096a,Helmut Gumard,identity confidence is below the starter-pack threshold
9177b115-c1ac-5765-b426-6448e27e61ea,Dusky Garden Eel,eligible but outside the deterministic 40-record starter-pack limit
91da1a43-678e-5b49-a2d4-1d2ff37eb7d8,Mangrove Oyster Blenny,account transcription confidence is not high; identification traits are not high-confidence transcriptions
92054c15-5c13-5904-b7ba-4890405097b5,Ambon Chromis,account transcription confidence is not high; identification traits are not high-confidence transcriptions
920f1717-2021-5224-8da2-026fed047ace,Barrier Reef Anthias,eligible but outside the deterministic 40-record starter-pack limit
9235aca5-8d9b-515f-9d94-dbb33e7721d2,Tahiti Butterflyfish,account transcription confidence is not high; identification traits are not high-confidence transcriptions
9240e26a-2d8a-5a3b-9c4e-693c399f9ad6,Red-margined Wormfish,identity confidence is below the starter-pack threshold; account transcription confidence is not high; identification traits are not high-confidence transcriptions
931c4cf3-78fd-5699-9127-c683934f30d0,Scrawled Filefish,eligible but outside the deterministic 40-record starter-pack limit
93317fb5-735b-5605-ace6-86fe62635d65,Translucent Coral Goby,account transcription confidence is not high; identification traits are not high-confidence transcriptions
936a74f9-2c44-5a7d-af64-4c38fd90999b,Bluestreak Cleaner Wormfish,identity confidence is below the starter-pack threshold; account transcription confidence is not high; no identification trait transcription
93973839-99ed-53e9-8e75-52d0a0304507,Fine-spotted Rabbitfish,account transcription confidence is not high; identification traits are not high-confidence transcriptions
93a1aa51-4223-54e2-8deb-702587eafe1a,Hooded Carpet Sergeant,identity confidence is below the starter-pack threshold; account transcription confidence is not high; identification traits are not high-confidence transcriptions
93a6862e-8326-5788-b0fe-de32eed21cad,Palechin Moray,identity confidence is below the starter-pack threshold; account transcription confidence is not high; identification traits are not high-confidence transcriptions
93f1f120-6b57-5df0-b02d-d2498b93e094,Scarlet Soldierfish,account transcription confidence is not high; identification traits are not high-confidence transcriptions
940cb829-1442-51ac-bc1c-a79c21d4aa4a,Ladder Wormfish,identity confidence is below the starter-pack threshold
9429c160-3bbf-5180-8461-75b3e80aa6e4,Thin Ghost Pipefish,identity confidence is below the starter-pack threshold; account transcription confidence is not high; identification traits are not high-confidence transcriptions
9441a33b-0202-5f89-825f-3703eebbeb4d,Sweetlip Emperor,identity confidence is below the starter-pack threshold; account transcription confidence is not high
94505d89-7965-5349-8784-fa3b56028079,Hairy Scorpionfish,identity confidence is below the starter-pack threshold; account transcription confidence is not high; identification traits are not high-confidence transcriptions
947747f2-b395-5c33-8336-d6ff6118b332,Sixstripe Wormfish,identity confidence is below the starter-pack threshold; account transcription confidence is not high; identification traits are not high-confidence transcriptions
94814a4e-8054-565f-a0ae-134e237f8b3c,Pearly Signalfish,identity confidence is below the starter-pack threshold; no identification trait transcription
94ce7845-8d23-5b87-b881-5fcd52364a3a,Bluespine Unicornfish,identity confidence is below the starter-pack threshold; account transcription confidence is not high; identification traits are not high-confidence transcriptions
94f77fa4-ed54-525d-b811-7ad60e04f6da,Striped Basslet,account transcription confidence is not high; identification traits are not high-confidence transcriptions
950d67ec-e080-51bb-9fb0-da4c91115aa0,Randall's Rabbitfish,account transcription confidence is not high; identification traits are not high-confidence transcriptions
950e5808-62de-5ae0-ad2f-ca3e9885a2a8,Srosshatch Butterflyfish,identity confidence is below the starter-pack threshold; account transcription confidence is not high
951b82a5-a48b-53ef-86e7-937b9d285fe8,Lined Butterflyfish,identity confidence is below the starter-pack threshold; account transcription confidence is not high; identification traits are not high-confidence transcriptions
95357c8f-eb35-58d8-868a-0273c698e5ae,Variable-lined Fusilier,account transcription confidence is not high; identification traits are not high-confidence transcriptions
9546a146-f491-5140-a4d1-3818c5970da6,Rainbow Runner Rabbitfish,account transcription confidence is not high; identification traits are not high-confidence transcriptions
95563b3c-7a65-5c8f-b43e-ca11d2271731,East Indian \dierfish,account transcription confidence is not high; identification traits are not high-confidence transcriptions
958b3bac-c455-56b6-a38c-e58ab373c839,Monogram Monocle Bream,identity confidence is below the starter-pack threshold
95ddd73c-3416-5f85-865d-c9f85e486668,Blue-spotted Damsel,account transcription confidence is not high; identification traits are not high-confidence transcriptions
95edd9c3-b5a9-5f60-ab5c-e424c73b933a,Barred Sand Conger Eels,identity confidence is below the starter-pack threshold; identification traits are not high-confidence transcriptions
96013223-6792-5aa5-9067-af1ca7bea345,Sixstripe Cardinalfish,eligible but outside the deterministic 40-record starter-pack limit
9606b35a-d44e-547d-bed6-566216fc471b,Five-lined Goby,identity confidence is below the starter-pack threshold; account transcription confidence is not high; identification traits are not high-confidence transcriptions
960d211b-31e9-5ec3-9d6e-764f2eca50c1,Picasso Triggerfish,account transcription confidence is not high; no identification trait transcription
96133107-3b6b-5def-94c4-80eef2108483,Naked Dartfish,identity confidence is below the starter-pack threshold; no identification trait transcription
96201986-6584-56f6-a8f6-1e170ac79e56,Spot-banded Butterflyfish,account transcription confidence is not high; identification traits are not high-confidence transcriptions
96286484-6a1a-599a-af20-aa32f53d780a,Big-lip Damsel,identity confidence is below the starter-pack threshold; identification traits are not high-confidence transcriptions
9676ca64-4a2e-5e62-9a17-9c202d773795,Magenta Dottyback,account transcription confidence is not high; identification traits are not high-confidence transcriptions
968e5a55-163c-57a6-af33-70e4cb63d52d,Smallmouth Squirrelfish,identity confidence is below the starter-pack threshold
96938621-211d-5df8-bb5a-d78ae4d6f3cf,Spiny Waspfish,eligible but outside the deterministic 40-record starter-pack limit
96b39a71-6c8f-515d-b5e6-1ac30c834a8c,Blue Blanquillo Tilefish,eligible but outside the deterministic 40-record starter-pack limit
96b5ed65-f3b1-5240-87dd-e3b660ea911c,Obscure Blenny,identity confidence is below the starter-pack threshold; account transcription confidence is not high; identification traits are not high-confidence transcriptions
96d5b9f2-dd8a-5025-8b0a-b5bbb66a6d28,Rhino Filefish,account transcription confidence is not high; identification traits are not high-confidence transcriptions
97214ac4-75e7-5e62-b323-739e4721b846,Yellow Bannerfin Angelfish,account transcription confidence is not high; identification traits are not high-confidence transcriptions
9739bc71-63a3-5988-88e9-fc2daad5b0c0,Fourstripe Wormfish,account transcription confidence is not high; identification traits are not high-confidence transcriptions
973fbf2f-cb8b-59b6-a3c7-3c41d953d28f,Tubelip Wormfish,identity confidence is below the starter-pack threshold; account transcription confidence is not high; identification traits are not high-confidence transcriptions
974f951b-8c19-5e79-ad6a-e9d9b4988eb1,Areolate Grouper,eligible but outside the deterministic 40-record starter-pack limit
976eebfe-9f01-57f3-b687-c65190ffe44f,Bentjaw Moray,identity confidence is below the starter-pack threshold
97a23e62-c46b-5600-aab5-d73e7d9e438e,Raja Dottyback,identity confidence is below the starter-pack threshold
97c21771-2647-584b-aaad-312b60acf30b,Pickhandle Barracuda,identity confidence is below the starter-pack threshold
97e4d6b4-deef-5bf8-bd8c-02028400bd62,Striped Large-eye Bream,identity confidence is below the starter-pack threshold; account transcription confidence is not high; identification traits are not high-confidence transcriptions
97f65116-33b9-5de2-a3e4-42234157aaff,Yellowfin Tuna,eligible but outside the deterministic 40-record starter-pack limit
97fbbfde-2711-51e4-a48b-99a0beb499c4,Mimic Goatfish,identity confidence is below the starter-pack threshold
98064ca8-0ad8-5c95-bc32-b71a65e64ffb,Yellowmargin Triggerfish,identity confidence is below the starter-pack threshold; account transcription confidence is not high
981e577f-fb8e-5515-8bcc-cefaa0be0f78,Gumard Lionfish,identity confidence is below the starter-pack threshold; account transcription confidence is not high; identification traits are not high-confidence transcriptions
9859e283-849f-5d97-ac55-930837313eec,Whitestripe Tuskfish,eligible but outside the deterministic 40-record starter-pack limit
987b3653-d83f-54a0-afcf-0b48c75c635e,Redtooth Triggerfish,eligible but outside the deterministic 40-record starter-pack limit
988b4abb-6e97-5e8b-a7e1-24e937c3369d,Brackish Damsel,eligible but outside the deterministic 40-record starter-pack limit
989e7f65-0ec9-5540-adb3-308955f78bb0,Pacific Longnose Parrotfish,account transcription confidence is not high; identification traits are not high-confidence transcriptions
98c8f995-c9ff-5841-bdca-365e9e98dbae,Whitecap Shrimpgoby,account transcription confidence is not high; identification traits are not high-confidence transcriptions
98dbd785-4425-595d-a621-a263285036fd,Mackerel,eligible but outside the deterministic 40-record starter-pack limit
98f5eb12-6cb6-5ca7-8fb6-ede3c849682c,Starry Blenny,identity confidence is below the starter-pack threshold; account transcription confidence is not high; no identification trait transcription
992317fc-5564-5699-a562-2bec0ca27ca4,Blackspot Cleaner Wormfish,eligible but outside the deterministic 40-record starter-pack limit
995e9e95-6805-503e-a5d2-c62005c8da3a,Purple Queen Anthias,eligible but outside the deterministic 40-record starter-pack limit
996fac17-2953-5856-a5e4-aa5d61aa5b59,Eyelined Blenny,eligible but outside the deterministic 40-record starter-pack limit
99ab3350-998f-532d-9b14-a7d3f53e942f,Whitetip \dierfish,account transcription confidence is not high; identification traits are not high-confidence transcriptions
99d6e6f4-a424-5495-8f1c-68305e82ccda,Darwin Damsel,account transcription confidence is not high; identification traits are not high-confidence transcriptions
9a4159e2-82c8-58ee-bba3-c7346205672a,Oriental Wormfish,identity confidence is below the starter-pack threshold; account transcription confidence is not high; no identification trait transcription
9a5235f8-bef0-53e0-9f69-e0ff4be79a9c,Indian Vagabond Butterflyfish,account transcription confidence is not high; identification traits are not high-confidence transcriptions
9a597814-34e8-55df-a00c-12e9e9b1fdd0,Blackspot Goatfish,identity confidence is below the starter-pack threshold; account transcription confidence is not high; identification traits are not high-confidence transcriptions
9a681693-fa76-5e5a-a471-57c36fba722a,Tricolor Parrotfish,identity confidence is below the starter-pack threshold; account transcription confidence is not high; identification traits are not high-confidence transcriptions
9a8103a7-affd-5a15-8a0f-80a4fdde4580,Blackstriped Cardinalfish,account transcription confidence is not high; no identification trait transcription
9a84400b-ec36-5603-9e88-0acbec54d0d6,One-blotch Grouper,account transcription confidence is not high; identification traits are not high-confidence transcriptions
9acf0820-80be-5f7f-87aa-931b102c72cc,Peppered Squirrelfish,identity confidence is below the starter-pack threshold
9ae1dc66-105e-5d1b-b462-cc7999484b93,Spotfin Squirrelfish,eligible but outside the deterministic 40-record starter-pack limit
9b0d106e-495a-5979-8754-fd51e9514c9d,Glassy Cardinalfish,account transcription confidence is not high
9b670c86-1ff3-54d5-b1ef-a9660c03a8d6,Samoan Pipefish,eligible but outside the deterministic 40-record starter-pack limit
9b7bed0a-f229-535a-8ede-6906526f1590,,identity confidence is below the starter-pack threshold; account transcription confidence is not high; identity is incomplete; no identification trait transcription
9be7fd1e-6259-531a-91be-5269b1f10290,Forktail Dwarfgoby,identity confidence is below the starter-pack threshold; account transcription confidence is not high; identification traits are not high-confidence transcriptions
9c19b6ba-22ec-50e6-beb3-1fccfebaeb18,,identity confidence is below the starter-pack threshold; account transcription confidence is not high; identity is incomplete; no identification trait transcription
9c4faae8-ea59-560e-bb00-61f3a284dfc4,Narrowlined Cardinalfish,identity confidence is below the starter-pack threshold; account transcription confidence is not high; identification traits are not high-confidence transcriptions
9c516f12-72f4-5119-a6ee-3bfe784720ba,Humpnose Bigeye,eligible but outside the deterministic 40-record starter-pack limit
9c66c1c7-58ab-5cb6-b259-5e2dd1223962,Reticulated Moray,identity confidence is below the starter-pack threshold; account transcription confidence is not high; identification traits are not high-confidence transcriptions
9c7b6ff3-de3e-547c-a046-ca834105abc0,Diana's Hogfish,identity confidence is below the starter-pack threshold
9c8fe317-aafb-52c3-9dbb-350a74ef8a5e,Redbreasted Wormfish,eligible but outside the deterministic 40-record starter-pack limit
9cbaa455-aa58-53ad-a663-6ed0baaafa56,South Seas Devil Damsel,eligible but outside the deterministic 40-record starter-pack limit
9cd9549c-6efc-5d91-a63f-f5277fca3518,Indian Sailfin Tang,account transcription confidence is not high; identification traits are not high-confidence transcriptions
9ce9fe05-f68a-590e-8726-dce87e9af7c4,Spotted Eagle Ray,eligible but outside the deterministic 40-record starter-pack limit
9d056ce9-4429-5731-baec-f8ffc239e6a5,Violet Squirrelfish,identity confidence is below the starter-pack threshold
9d6d82f7-beab-52e7-bf23-a0115cf267f6,Pale Tilefish,identity confidence is below the starter-pack threshold
9dc3dbc6-3d01-54eb-b725-88ea643b6e33,Midget Wormfish,account transcription confidence is not high; identification traits are not high-confidence transcriptions
9dd63b0c-dae0-5d6b-8c3c-e899420793a2,Mottled Fusilier,account transcription confidence is not high; identification traits are not high-confidence transcriptions
9dd85b0c-3361-59b4-a87d-45b8ac6db4c5,White-tailed Pygmy Angelfish,account transcription confidence is not high; identification traits are not high-confidence transcriptions
9e22c86e-f0e5-5cdb-8edf-8a45c860d37b,Filamented Goby,identity confidence is below the starter-pack threshold; account transcription confidence is not high; identification traits are not high-confidence transcriptions
9e412bd6-b4dd-5af8-8757-b2b3c0998448,,identity confidence is below the starter-pack threshold; identity is incomplete; no identification trait transcription
9e541841-1f94-5cda-b331-2d530398933c,Southern Wormfish,identity confidence is below the starter-pack threshold; account transcription confidence is not high; identification traits are not high-confidence transcriptions
9e750c8f-228f-56b0-bc25-8d4809294334,Margined \dierfish,account transcription confidence is not high; identification traits are not high-confidence transcriptions
9e83daba-901a-5d58-bc73-f082e22802fd,Spiny Devilfish,identity confidence is below the starter-pack threshold
9ec40bfb-6c3e-5f5d-92e3-d53b91cfda63,Majestic Shrimpgoby,account transcription confidence is not high; identification traits are not high-confidence transcriptions
9f0298b6-5756-5527-83c5-bf1a5e9c690e,Oriental Sweetlips,identity confidence is below the starter-pack threshold
9f15cb68-864a-57d5-98fc-879fa30ef77d,Andaman Butterflyfish,account transcription confidence is not high; identification traits are not high-confidence transcriptions
9f3acc5e-1b33-5d39-a823-ddd7cb9086a6,Spotted Coral Grouper,eligible but outside the deterministic 40-record starter-pack limit
9ff8fd9a-a922-54c6-b9a2-888ac562b070,Gold-streaked Shrimpgoby,identity confidence is below the starter-pack threshold; account transcription confidence is not high; identification traits are not high-confidence transcriptions
9ff97bab-1f2f-5904-8a4c-4130528545d9,,identity confidence is below the starter-pack threshold; account transcription confidence is not high; identity is incomplete; no identification trait transcription
9ffe21e6-a8d0-5fd3-89a2-6e410a24fce5,Samurai Squirrelfish,identity confidence is below the starter-pack threshold; account transcription confidence is not high; identification traits are not high-confidence transcriptions
a032cd6b-3923-5b0f-88b2-1595ba56862c,Tiger Sergeant,eligible but outside the deterministic 40-record starter-pack limit
a04423e4-6363-51be-8167-a6a96c508778,Blue-axil Chromis,account transcription confidence is not high; identification traits are not high-confidence transcriptions
a068da4b-0b3e-5712-9ac1-cae939ebcf29,Wassinki Cardinalfish,account transcription confidence is not high; identification traits are not high-confidence transcriptions
a08de5bf-b125-57ed-b5c6-07f2cf88f7e0,Black Spot Wormfish,eligible but outside the deterministic 40-record starter-pack limit
a0a0f6cc-4d9c-50f2-a4c4-c7686bbb7062,Speckled Butterflyfish,account transcription confidence is not high
a0b0fd0f-8ecf-568a-b033-2383b5d6a159,Rayed Shrimpgoby,account transcription confidence is not high; identification traits are not high-confidence transcriptions
a0be6ab8-c653-5c0f-8e9d-46364464279c,Gobbleguts Cardinalfish,identity confidence is below the starter-pack threshold; account transcription confidence is not high; identification traits are not high-confidence transcriptions
a0d8de9d-7588-5f3d-9851-70ae65ecc645,Onespot Wormfish,account transcription confidence is not high; identification traits are not high-confidence transcriptions
a10acacc-dec5-5bb9-981f-1729657b27dc,Blackblotch Emperor,identity confidence is below the starter-pack threshold
a1111ede-d038-58f5-b4d3-8f7dacc03c6f,Firetail Dottyback,account transcription confidence is not high
a11ccc43-5eb8-5a34-b9d8-a4b4864b3423,Longspine Grouper,account transcription confidence is not high; identification traits are not high-confidence transcriptions
a12c27b5-d840-5fc0-b824-9ab60284670a,Striped Frogfish,account transcription confidence is not high
a13969e5-6aa5-599a-8110-73fca8272939,Split-banded Cardinalfish,account transcription confidence is not high; identification traits are not high-confidence transcriptions
a14ee554-634e-5f34-a6ac-c877acfe93c7,Redback Wormfish,identity confidence is below the starter-pack threshold; account transcription confidence is not high; identification traits are not high-confidence transcriptions
a1501e6e-f9a9-5b6f-a3f1-745778a19848,,identity confidence is below the starter-pack threshold; account transcription confidence is not high; identity is incomplete; no identification trait transcription
a16f184c-995b-5b19-9835-11b3d1f63e22,Lunar Fusilier,identity confidence is below the starter-pack threshold; account transcription confidence is not high; identification traits are not high-confidence transcriptions
a181ae3d-5572-5f97-8e15-ff3a86c40b67,White Damsel,account transcription confidence is not high; identification traits are not high-confidence transcriptions
a19c20ac-24e8-5869-b445-be9d1204d9ad,Ruby Cardinalfish,identity confidence is below the starter-pack threshold
a1cd00fe-6e62-5abd-b138-da65a9d42b45,Striped Fangblenny,eligible but outside the deterministic 40-record starter-pack limit
a237199d-8d10-55a3-9b11-311f7b340c81,Fragile Cardinalfish,account transcription confidence is not high; identification traits are not high-confidence transcriptions
a28759e4-0113-5512-83a9-3bc72b414fa7,Nisus Hawkfish,identity confidence is below the starter-pack threshold; account transcription confidence is not high; identification traits are not high-confidence transcriptions
a2988745-d00a-577c-939e-18bae3b202ab,,identity confidence is below the starter-pack threshold; account transcription confidence is not high; identity is incomplete; no identification trait transcription
a2a3b145-acc4-5526-8100-9f02e544a05a,Zebra Moray,eligible but outside the deterministic 40-record starter-pack limit
a2b36a32-11ea-5238-b768-3db26281635b,Slender Emperor,identity confidence is below the starter-pack threshold; account transcription confidence is not high; identification traits are not high-confidence transcriptions
a2f42d9d-0428-5661-ba8d-770795d5a35e,Brown-banded Butterflyfish,identity confidence is below the starter-pack threshold; account transcription confidence is not high; identification traits are not high-confidence transcriptions
a2f9cf11-ab0b-5651-8d7f-68f6fa63e232,Yellowfin Demoiselle,account transcription confidence is not high; identification traits are not high-confidence transcriptions
a2fdeb4b-8609-514a-95f0-469e095a497e,Eight-banded Butterflyfish,identity confidence is below the starter-pack threshold; account transcription confidence is not high; identification traits are not high-confidence transcriptions
a3425cdd-6244-550d-a0fa-5d746072c0ad,Patzner's Blenny,identity confidence is below the starter-pack threshold; account transcription confidence is not high; no identification trait transcription
a3700b3b-09d0-5e16-b896-467788bc9115,Wide-band Fusilier,identity confidence is below the starter-pack threshold; account transcription confidence is not high
a388889a-8816-5616-9b14-7b606e7a7137,Lined Fangblenny,eligible but outside the deterministic 40-record starter-pack limit
a39daeb2-2043-5140-89c3-2a1e8b74f592,Bluetail Unicornfish,identity confidence is below the starter-pack threshold; account transcription confidence is not high; identification traits are not high-confidence transcriptions
a3a6f0ae-99e7-5ee0-aeb9-ec15db93711a,Spotted Butterflyfish,account transcription confidence is not high; identification traits are not high-confidence transcriptions
a3dc10da-1ee9-52ab-9031-abd54ecd51f9,Redstriped Cardinalfish,eligible but outside the deterministic 40-record starter-pack limit
a4014aa3-38d4-59d8-9332-6f3ec38c40ab,Yellowstriped Cardinalfish,eligible but outside the deterministic 40-record starter-pack limit
a4a864f3-e1f2-51df-87d3-4df02b109326,Checkerboard Wormfish,eligible but outside the deterministic 40-record starter-pack limit
a4cc9dfb-7112-5495-9022-740ba693ad0a,Brownstripe Snapper,eligible but outside the deterministic 40-record starter-pack limit
a513ce41-1d84-51e1-8f06-5871ef071006,Bower's Parrotfish,identity confidence is below the starter-pack threshold; account transcription confidence is not high; identification traits are not high-confidence transcriptions
a515f207-f215-55eb-88c8-90402e50d46b,Lined Dottyback,eligible but outside the deterministic 40-record starter-pack limit
a53a5b91-8dbf-5803-a7b1-dd86da08943c,Threestripe Fusilier,account transcription confidence is not high; identification traits are not high-confidence transcriptions
a59935d7-5244-5f08-ae25-d41c463f77f9,Cave Dwarfgoby,identity confidence is below the starter-pack threshold; account transcription confidence is not high; identification traits are not high-confidence transcriptions
a5a26347-042f-55b0-9241-698c1205d877,Slender Wormfish,identity confidence is below the starter-pack threshold; account transcription confidence is not high; identification traits are not high-confidence transcriptions
a612e8b3-9034-513b-9c40-f4c4b29c0eca,Snubnose Pompano,eligible but outside the deterministic 40-record starter-pack limit
a6fa8f3d-5261-5225-9d0e-da8768eddf13,Zebra Angelfish,account transcription confidence is not high; identification traits are not high-confidence transcriptions
a73d6f33-799a-5a62-8a81-36b1f9a7672a,Yellowmouth Moray,identity confidence is below the starter-pack threshold
a75de8fa-1592-5ed6-a590-ab2678ce62c6,Yellow-axil Chromis,account transcription confidence is not high; identification traits are not high-confidence transcriptions
a76218eb-3ce8-5168-bc05-82f6c8c1b631,Freckled Hawkfish,identity confidence is below the starter-pack threshold; account transcription confidence is not high; identification traits are not high-confidence transcriptions
a7ace94d-e255-537e-8359-bd950ee6abb6,Blotched Goby,account transcription confidence is not high; identification traits are not high-confidence transcriptions
a7b5abc3-0287-5179-a878-46a46e30492a,Southern Tubelip Wormfish,eligible but outside the deterministic 40-record starter-pack limit
a7b7c22a-2928-595a-ac1c-6d5622243440,Mimic Cardinalfish,account transcription confidence is not high; identification traits are not high-confidence transcriptions
a8299a26-5e33-5406-b289-8cabe0d565ae,Halimeda Ghost Pipefish,identity confidence is below the starter-pack threshold; identification traits are not high-confidence transcriptions
a8a55dc8-805e-569f-ac7b-aa2d40b54b73,Fivefinger Razorfish,eligible but outside the deterministic 40-record starter-pack limit
a8be597f-0257-5453-943f-109f7ddc7882,White-margined Moray,identity confidence is below the starter-pack threshold; account transcription confidence is not high; identification traits are not high-confidence transcriptions
a9137bcd-c244-5b7f-8c55-f7b2bc174bb3,Indonesian Sweetlips,identity confidence is below the starter-pack threshold; account transcription confidence is not high; identification traits are not high-confidence transcriptions
a91ca5be-c9ee-5ec8-8152-1293824dea26,Speckled Grouper,eligible but outside the deterministic 40-record starter-pack limit
a931ef27-ae4e-5dae-891e-8dfe24c7e3ea,Immaculate Puffer,eligible but outside the deterministic 40-record starter-pack limit
a95f783f-3346-5ba0-9c6a-c38b5523cb24,Painted Frogfish,no identification trait transcription
a971afb9-9d8d-5f4c-b8b3-9d84245fe02d,Undulated Moray,identity confidence is below the starter-pack threshold; account transcription confidence is not high; identification traits are not high-confidence transcriptions
a9860c43-98af-5c69-919b-117dc9190340,Leopard Grouper,eligible but outside the deterministic 40-record starter-pack limit
a9a34d64-fffe-52ad-b6a8-a21ed91688fe,Gray Large-eye Bream,eligible but outside the deterministic 40-record starter-pack limit
a9ae9345-4b98-5904-bff6-f16fda813c87,Double-lined Fusilier,account transcription confidence is not high; no identification trait transcription
aa2b301b-f777-5319-9615-482735c7dead,Tahiti Butterflyfish,identity confidence is below the starter-pack threshold; account transcription confidence is not high; identification traits are not high-confidence transcriptions
aa5cf74a-5585-5385-ace2-24ee90827e98,,identity confidence is below the starter-pack threshold; account transcription confidence is not high; identity is incomplete; no identification trait transcription
aa6ac8ab-58bc-5cda-a24f-0e253c840abb,Barcheek Trevally Jack,identity confidence is below the starter-pack threshold
aa94b0d9-fa51-5bde-96a4-0330dbdb0ad7,Mangrove Goby,account transcription confidence is not high; identification traits are not high-confidence transcriptions
aa98f7ed-7868-58f3-b516-dc2ff15445ac,Scarlet \dierfish,eligible but outside the deterministic 40-record starter-pack limit
aaaad6e8-06bf-50d1-8ba0-89071f195950,Fivelined Cardinalfish,account transcription confidence is not high; identification traits are not high-confidence transcriptions
aacb3585-3b8a-50b5-bf4d-b155bf5abde4,Surge Grouper,identity confidence is below the starter-pack threshold; account transcription confidence is not high; identification traits are not high-confidence transcriptions
aad73bb1-7c6c-566c-a6ff-e50c5ac5e41d,Rust-banded Wormfish,identity confidence is below the starter-pack threshold
aaf75f29-c3b5-51a2-b2c3-cf2098800135,Multicolored Dottyback,eligible but outside the deterministic 40-record starter-pack limit
aaf89fcd-a5b1-5391-979d-6aa577484442,Common Lionfish,no identification trait transcription
ab356ecb-3108-515b-9fb3-ddc6c1cd09d9,Yellowtail Emperor,identity confidence is below the starter-pack threshold; identification traits are not high-confidence transcriptions
ab43e49d-4947-55a2-a8eb-9f0e7b7d96bb,Leopard Wormfish,account transcription confidence is not high; identification traits are not high-confidence transcriptions
ab47f608-8a38-5c1d-8113-d8f87c5f5b52,Convict Goby,account transcription confidence is not high; identification traits are not high-confidence transcriptions
aba9fa80-8926-5837-aa46-ae4d6d663715,Hispid Frogfish,eligible but outside the deterministic 40-record starter-pack limit
abc1bcb3-cb9e-5e39-9111-a882112d6dea,Signalfin Goby,eligible but outside the deterministic 40-record starter-pack limit
abe05b5a-9c9d-591d-bfd0-9b81f8282197,Randall's Fusilier,account transcription confidence is not high; identification traits are not high-confidence transcriptions
abfae873-7f7b-571f-a589-773258e6a437,Cryptic Frogfish,identity confidence is below the starter-pack threshold; account transcription confidence is not high; identification traits are not high-confidence transcriptions
ac6546e8-f6ca-56bf-b995-af3721ca3f0f,Golden Gregory,identity confidence is below the starter-pack threshold; account transcription confidence is not high; identification traits are not high-confidence transcriptions
ac9fddd9-27ac-5f4d-bd0b-22f772469afb,Tiger Snake Moray,identity confidence is below the starter-pack threshold; identification traits are not high-confidence transcriptions
acae4d27-0ee6-5311-a7ab-9a4532beb3bf,Orange-Socket Surgeonfish,account transcription confidence is not high; identification traits are not high-confidence transcriptions
ace2b384-4984-5c46-b47a-97a641933a52,Onespot Cardinalfish,eligible but outside the deterministic 40-record starter-pack limit
ad0164c4-f8d1-567b-a11b-7c54e8e2042a,Black & White Butterflyfish,identity confidence is below the starter-pack threshold; account transcription confidence is not high; identification traits are not high-confidence transcriptions
ad17b187-bb2e-5b7b-b5e4-a11733c34562,Malayan Chromis,account transcription confidence is not high; identification traits are not high-confidence transcriptions
ad349216-696d-5a91-877e-0a91bd733488,Longnose Parrotfish,account transcription confidence is not high; identification traits are not high-confidence transcriptions
ad40ee20-896a-59e1-afe1-01c4f8bc799a,Eightspine Cardinalfish,account transcription confidence is not high; identification traits are not high-confidence transcriptions
ad47e637-34f9-5606-962a-2befa8e37a25,Smith's Damsel,identity confidence is below the starter-pack threshold; no identification trait transcription
ad8a2f29-edbf-59de-af13-d2e2e8b797af,Golden Hawkfish,identity confidence is below the starter-pack threshold; account transcription confidence is not high; identification traits are not high-confidence transcriptions
ad90efee-97f9-5f1a-b491-8e7089619805,Stripey Dragonet,account transcription confidence is not high; identification traits are not high-confidence transcriptions
adb01347-975a-5623-a456-7de5ffb53e7d,Kaleidios Wormfish,identity confidence is below the starter-pack threshold; account transcription confidence is not high; identification traits are not high-confidence transcriptions
ae7053e2-0c00-5ec8-b8fc-3dbd0054f0a1,Honeycomb Rabbitfish,account transcription confidence is not high; identification traits are not high-confidence transcriptions
aef3d235-ec18-5a86-bd89-52239390a658,,identity confidence is below the starter-pack threshold; account transcription confidence is not high; identity is incomplete; no identification trait transcription
af0c0738-d3dd-58a4-8a39-39281fc3acbf,Blue-lined Large-eye Bream,account transcription confidence is not high; identification traits are not high-confidence transcriptions
af0cec59-1fb3-55ed-bc46-77ddc4025d11,Orange-banded Coralfish,identity confidence is below the starter-pack threshold
af402440-19b6-5ac3-a052-f548682214ae,Bicolor Blenny,eligible but outside the deterministic 40-record starter-pack limit
af5d8ff5-b2f6-52dd-aac4-9ced1d3293a0,Nrought Iron Butterflyfish,identity confidence is below the starter-pack threshold; account transcription confidence is not high; identification traits are not high-confidence transcriptions
aff113a6-09b1-5b54-b005-ee29de95bd17,Japanese Gregory,identity confidence is below the starter-pack threshold; account transcription confidence is not high; identification traits are not high-confidence transcriptions
b02c6ee4-f390-56ae-a79b-9c256ad6a56c,Long-ray Dwarfgoby,account transcription confidence is not high; identification traits are not high-confidence transcriptions
b15ce03b-3f0c-5f85-83bc-0f58a23f2bee,Snoutspot Goby,account transcription confidence is not high; identification traits are not high-confidence transcriptions
b16558c8-c88a-5367-bf59-474e803a4f83,Andaman Jawfish,eligible but outside the deterministic 40-record starter-pack limit
b1a5cf85-8dad-52ab-aafb-3e1cde4a949a,Splendid Hawkfish,identity confidence is below the starter-pack threshold
b1bb4a01-e9a0-5698-a778-7f8190845cb4,Eastern Triangular Butterflyfish,account transcription confidence is not high; identification traits are not high-confidence transcriptions
b1ee2168-4d0a-5919-94d0-0f39f8d32c02,Northwest Australian Whiptail,identity confidence is below the starter-pack threshold; account transcription confidence is not high; identification traits are not high-confidence transcriptions
b20aff45-13ab-5b2e-b425-52124a2f7130,Omate Goby,identity confidence is below the starter-pack threshold; account transcription confidence is not high; identification traits are not high-confidence transcriptions
b21f6b66-e27f-53f5-a189-2b64882a888f,Estuary Seahorse,eligible but outside the deterministic 40-record starter-pack limit
b2b538de-3c95-5e9d-af30-31ac6fc6dcc9,Soft Coral Ghostgoby,account transcription confidence is not high; identification traits are not high-confidence transcriptions
b2e7836d-de7d-5937-942d-8aa9b8f93b87,Panda Butterflyfish,identity confidence is below the starter-pack threshold; account transcription confidence is not high; identification traits are not high-confidence transcriptions
b2fe6bc4-cb06-5a05-aa9b-5053ba9c3002,Black Pyramid Coralfish,identity confidence is below the starter-pack threshold; account transcription confidence is not high; identification traits are not high-confidence transcriptions
b307ef21-1a3e-559a-92b9-71c40c390fa7,Steene’s Dottyback,identity confidence is below the starter-pack threshold; account transcription confidence is not high
b320bb23-334b-50b4-a31c-23072793c6a5,Brown-banded Pygmygoby,eligible but outside the deterministic 40-record starter-pack limit
b3636817-1b6d-5d34-a4a2-34b7524573a1,Bullethead Parrotfish,account transcription confidence is not high; identification traits are not high-confidence transcriptions
b3867d1c-f163-5fa7-8b45-a1839e8efb95,Ocular Blenny,eligible but outside the deterministic 40-record starter-pack limit
b38a8305-b14a-5c21-8a32-f61a430b65f6,Blackfin Barracuda,identity confidence is below the starter-pack threshold
b3b8bd1d-63f0-5da6-bb33-ba933dbcc9b9,Brown Pygmy Angelfish,no identification trait transcription
b3ce7084-ac80-50c8-b0c1-1025945530db,Sweetwater Demoiselle,eligible but outside the deterministic 40-record starter-pack limit
b4235fce-cf53-5883-bed8-7587ba458440,Purple Anthias,eligible but outside the deterministic 40-record starter-pack limit
b45f2c95-076b-5131-a166-792b495ae977,Elongate Ghostgoby,eligible but outside the deterministic 40-record starter-pack limit
b4650c85-b919-5a6b-99d7-caffe4731ea4,,identity confidence is below the starter-pack threshold; account transcription confidence is not high; identity is incomplete; no identification trait transcription
b4a9817c-bce6-58b7-a19f-8eec86c43d71,Surge Demoiselle,identity confidence is below the starter-pack threshold; account transcription confidence is not high
b4af9066-fd9e-53fe-a10a-53d1d8b09f74,Slendertail Moray,identity confidence is below the starter-pack threshold; account transcription confidence is not high; identification traits are not high-confidence transcriptions
b4c6fb6f-5dd3-53c8-b9d8-a42e55bcae39,Filamented Flasher Wormfish,identity confidence is below the starter-pack threshold; account transcription confidence is not high; identification traits are not high-confidence transcriptions
b5173597-6ae9-5941-9a76-20df2c7bc93e,Strawberry Grouper,eligible but outside the deterministic 40-record starter-pack limit
b51c8fcb-aa78-5408-9dd5-4ff4eb8765fd,Bundoon Fangblenny,eligible but outside the deterministic 40-record starter-pack limit
b530dcee-4577-554a-b5e8-9f3c50cea3b6,Dotted Wormfish,identity confidence is below the starter-pack threshold; account transcription confidence is not high; identification traits are not high-confidence transcriptions
b562a1ac-cdd6-5532-9752-cb481b696e8a,Spangled Shrimpgoby,eligible but outside the deterministic 40-record starter-pack limit
b596796a-809e-5374-82c6-ce721c415d97,Reef Chromis,account transcription confidence is not high; identification traits are not high-confidence transcriptions
b67ce49f-5e33-5888-a740-d400b4e56377,Blackspot Dwarfgoby,identity confidence is below the starter-pack threshold; account transcription confidence is not high; identification traits are not high-confidence transcriptions
b6a9ed98-2625-5e64-83cf-011182451ede,Blackspot Tuskfish,no identification trait transcription
b6ddfe6c-c4aa-5817-936c-0c68396e4376,Longspot Snapper,account transcription confidence is not high; identification traits are not high-confidence transcriptions
b6e817e3-7c9c-51ed-a8ce-192bc9adb7d6,Brown Surgeonfish,account transcription confidence is not high; no identification trait transcription
b795db25-30e0-53ba-9692-839daf5b030b,Foursaddle Grouper,identity confidence is below the starter-pack threshold; account transcription confidence is not high; identification traits are not high-confidence transcriptions
b7a60ce6-392c-572f-ba80-fabe8df0ad80,Longnose Filefish,identity confidence is below the starter-pack threshold; account transcription confidence is not high; identification traits are not high-confidence transcriptions
b7e067f9-a717-58ba-92ce-445ca12dabe1,Greenhead Parrotfish,identity confidence is below the starter-pack threshold; account transcription confidence is not high; identification traits are not high-confidence transcriptions
b7e9eb16-3191-5785-8c5d-045a5d30b5b8,Tailspot Cardinalfish,account transcription confidence is not high; identification traits are not high-confidence transcriptions
b8470b4f-67df-5c69-b76b-f4b6c9651f19,Piano Fangblenny,identity confidence is below the starter-pack threshold
b8d39a72-de21-5d09-bcca-48aaf24d2107,Speckled Carpet Sergeant,account transcription confidence is not high; identification traits are not high-confidence transcriptions
b8d5efee-68ac-5af1-86b9-cee82e54fb46,Allen's Cardinalfish,eligible but outside the deterministic 40-record starter-pack limit
b8de4b9f-df16-58cc-be7b-3fb1f47900f9,Atherinoid Goby,account transcription confidence is not high; identification traits are not high-confidence transcriptions
b9051029-84c1-5b09-8bf2-992304454f80,Speckled Damsel,eligible but outside the deterministic 40-record starter-pack limit
b9452ab2-5013-5bbd-b9c8-1d9ecf0726e9,Yellowtail Fangblenny,account transcription confidence is not high; no identification trait transcription
b97b5ab6-7da6-528f-916d-0bdb5854c15b,Threadfin,eligible but outside the deterministic 40-record starter-pack limit
b9835fd1-efad-5c39-ab1b-8d199053028e,Half-banded Angelfish,account transcription confidence is not high; identification traits are not high-confidence transcriptions
b9caee3d-5e1e-5a81-8af2-ffbad5be5bf8,Darkfin Chromis,identity confidence is below the starter-pack threshold; account transcription confidence is not high; identification traits are not high-confidence transcriptions
ba1d3f62-8d9c-5c79-a7be-d78c35efbc9a,Bandtail Dartfish,eligible but outside the deterministic 40-record starter-pack limit
ba3cc581-f7a0-5add-980c-b45c035a2351,Blue Devilfish,identity confidence is below the starter-pack threshold; no identification trait transcription
ba6d45dd-84c1-56c3-9285-b17540da0e7a,Tinker's Butterflyfish,identity confidence is below the starter-pack threshold; account transcription confidence is not high
baecbeff-96b8-51f6-80c6-ddc6c5862030,Ternate Chromis,identity confidence is below the starter-pack threshold; account transcription confidence is not high
bb0d2bfd-f805-591c-b168-de940b4dc04f,Teardrop Butterflyfish,identity confidence is below the starter-pack threshold; account transcription confidence is not high; identification traits are not high-confidence transcriptions
bb9e1d20-adf3-5d0c-9994-b877e2a71190,Big-scale \dierfish,identity confidence is below the starter-pack threshold; account transcription confidence is not high; identification traits are not high-confidence transcriptions
bbbe4549-12fd-5c01-b8b5-892da8b13e6f,Napoleon Snake Eel,account transcription confidence is not high; identification traits are not high-confidence transcriptions
bbdba186-6dd1-5897-825e-2fe73889000a,Norfolk Cardinalfish,account transcription confidence is not high; identification traits are not high-confidence transcriptions
bc077bad-c91f-57fc-8bb6-f5fe435dc718,Bridled Parrotfish,account transcription confidence is not high; identification traits are not high-confidence transcriptions
bc26e601-c751-5840-91e8-621beea14a20,Whitespotted Anthias,account transcription confidence is not high; identification traits are not high-confidence transcriptions
bc7db92b-8edf-53dc-92c2-668966505882,Eclipse Butterflyfish,identity confidence is below the starter-pack threshold; account transcription confidence is not high; identification traits are not high-confidence transcriptions
bc837f0a-e7ac-5a9f-aa00-2b325fb78b69,Caviti Cardinalfish,account transcription confidence is not high; identification traits are not high-confidence transcriptions
bc8c6eea-2116-5e44-b488-8c55b71ea9f4,Crescent-tail Hogfish,identity confidence is below the starter-pack threshold; identification traits are not high-confidence transcriptions
bd088bfd-c70c-5b46-8861-0a654bec1b22,Yellow-striped Squirrelfish,identity confidence is below the starter-pack threshold; account transcription confidence is not high; identification traits are not high-confidence transcriptions
bd2007b7-2db6-504c-b550-676642e8cb5b,Threadfin,identity confidence is below the starter-pack threshold; account transcription confidence is not high
bd82597c-15d5-58da-a926-71cee9e15fc0,Bluntsnout Gregory,identity confidence is below the starter-pack threshold; account transcription confidence is not high; identification traits are not high-confidence transcriptions
bddc616b-4ff4-588c-a9e7-1f36c75ed5cb,Black-rayed Shrimpgoby,account transcription confidence is not high; identification traits are not high-confidence transcriptions
be1ef0b8-7dff-513d-8f5c-78f8939af523,Blackpatch Triggerfish,account transcription confidence is not high; no identification trait transcription
be3d71b5-7be8-55e6-8e75-bd0baba889cb,Nosestripe Sandperch,identity confidence is below the starter-pack threshold
bea4ea3b-4537-508e-a0ce-22cccc8afb15,Spotted Moray,identity confidence is below the starter-pack threshold
bec9a7f8-7dc0-57e3-8a89-73d59a8de823,Wire Coral Goby,no identification trait transcription
bf78b90a-59d8-5266-8341-08c65543c41b,,identity confidence is below the starter-pack threshold; account transcription confidence is not high; identity is incomplete; no identification trait transcription
bf91801f-2440-57b5-bf5e-65d1a5dc5c89,Gilbert's Cardinalfish,identity confidence is below the starter-pack threshold; account transcription confidence is not high; identification traits are not high-confidence transcriptions
c0154476-6ced-501b-a26d-bd0a8be313a9,Redspot Cardinalfish,account transcription confidence is not high; identification traits are not high-confidence transcriptions
c06b6976-d850-50b3-9b4f-1aa385c4aa08,Yellow-headed Moray,identity confidence is below the starter-pack threshold; account transcription confidence is not high; identification traits are not high-confidence transcriptions
c08df5d7-9271-5e9f-a27e-89bdb8389fd7,Flame Angelfish,identity confidence is below the starter-pack threshold
c0a018a0-9404-5a87-a6d1-6b70dde8db4c,Spotted Snake Eel,account transcription confidence is not high; identification traits are not high-confidence transcriptions
c1453ca2-f143-51d3-8f13-0fa45a3ac9e1,Yellowfin Fairy Wormfish,identity confidence is below the starter-pack threshold
c15540c0-1a54-537c-86da-d28bbbfe69cc,Redfin Triplefin,identity confidence is below the starter-pack threshold; account transcription confidence is not high; identification traits are not high-confidence transcriptions
c16a34c5-46df-52fe-8115-c8311dc6e7aa,Yellow-spotted Trevally Jack,identity confidence is below the starter-pack threshold
c21fc700-43e7-5b1a-a1ea-6196688ca3de,Short-bodied Pipefish,account transcription confidence is not high; identification traits are not high-confidence transcriptions
c24cec36-6e3e-581c-ba62-12a7f2545fd9,,identity confidence is below the starter-pack threshold; account transcription confidence is not high; identity is incomplete; no identification trait transcription
c2b5f139-aa3f-5096-8c70-c56fbaba8bdf,Peacock Wormfish,identity confidence is below the starter-pack threshold; account transcription confidence is not high; identification traits are not high-confidence transcriptions
c2f6069c-8451-5d23-a4fb-1d556abcc907,Blackwedge Tuskfish,account transcription confidence is not high; identification traits are not high-confidence transcriptions
c3335449-ca92-5b8b-acac-1f112e4d3d0f,Dusky Wormfish,eligible but outside the deterministic 40-record starter-pack limit
c345a1fe-a233-5c79-bfc7-1923b1b43b60,Pacific Sailfin Tang,identity confidence is below the starter-pack threshold; account transcription confidence is not high; identification traits are not high-confidence transcriptions
c3937d91-8158-5379-bc35-1e53584f3bd1,Tiger Cardinalfish,eligible but outside the deterministic 40-record starter-pack limit
c3ce0232-7d69-5fd9-b9cc-1cfdf3106acb,Long-jawed Moray,account transcription confidence is not high; identification traits are not high-confidence transcriptions
c3d73387-fd24-5bac-ba2c-4a740966e03c,Tennent's Surgeonfish,identity confidence is below the starter-pack threshold; account transcription confidence is not high
c3d9d1ca-8c2e-55b9-bce5-691e23592c5f,Crown Toadfish,identity confidence is below the starter-pack threshold
c3f85ee6-9c42-5aea-810e-dab98bcafb09,Ocellated Pygmy Angelfish,account transcription confidence is not high; identification traits are not high-confidence transcriptions
c3fcbce4-797e-5753-b18e-1681b1db8570,Golden Anthias,account transcription confidence is not high; identification traits are not high-confidence transcriptions
c424bd47-1dfb-5f7f-8d39-074a4a83e978,Scalefin Anthias,account transcription confidence is not high
c4297488-0a9f-5834-b2b1-252884d3522d,Skinspot Dwarfgoby,eligible but outside the deterministic 40-record starter-pack limit
c4324fdc-688d-5da3-9fa0-5a3e4c6c4864,Ringtail Surgeonfish,account transcription confidence is not high; identification traits are not high-confidence transcriptions
c4332c44-4b8e-50d7-b792-7174fb600089,Longfin Waspfish,account transcription confidence is not high; identification traits are not high-confidence transcriptions
c44863c9-df65-5fa8-a95a-2bb334095509,Ear-spot Pygmygoby,account transcription confidence is not high; identification traits are not high-confidence transcriptions
c4d659ee-1f40-53e5-9119-a869c50208d9,Golden-striped Butterflyfish,identity confidence is below the starter-pack threshold; account transcription confidence is not high; identification traits are not high-confidence transcriptions
c51a3ea1-4c82-58da-8fcf-b0fde5a62fa3,Bluefin Trevally Jack,identity confidence is below the starter-pack threshold; account transcription confidence is not high; identification traits are not high-confidence transcriptions
c54b8b1f-6144-5089-ad46-e46305b5a49a,Fourspot Butterflyfish,account transcription confidence is not high; identification traits are not high-confidence transcriptions
c56fde9c-d351-53c6-96de-9d2357b1ca21,Sixbar Wormfish,identity confidence is below the starter-pack threshold; no identification trait transcription
c5a295e1-e2cc-5b7d-ad66-b5008282d334,Barred Moray,eligible but outside the deterministic 40-record starter-pack limit
c5c35e73-5a99-5868-bb94-81fa7c2a8a89,White-spotted Puffer,eligible but outside the deterministic 40-record starter-pack limit
c5e913b9-9045-595e-a56b-a05934265699,Blue-speckled Shrimpgoby,identity confidence is below the starter-pack threshold; account transcription confidence is not high; identification traits are not high-confidence transcriptions
c5eae180-88b5-5552-86c5-b015b4c8550b,Goldbelly Damsel,account transcription confidence is not high; identification traits are not high-confidence transcriptions
c66911bb-4da3-5aba-8896-86ce06165600,Bridled Monocle Bream,identity confidence is below the starter-pack threshold; account transcription confidence is not high; identification traits are not high-confidence transcriptions
c6cfd10c-b520-509e-a9cc-c654b924ca8a,Elongate Oyster Blenny,account transcription confidence is not high; identification traits are not high-confidence transcriptions
c6feeed6-b698-5ec1-bbdb-4649e3d5d1fb,Redfin Butterflyfish,account transcription confidence is not high; identification traits are not high-confidence transcriptions
c70d97ae-cd42-5b22-ae93-5fb6f6c5e813,Meyer's Butterflyfish,identity confidence is below the starter-pack threshold; account transcription confidence is not high; identification traits are not high-confidence transcriptions
c77a01f9-268f-5c1d-bb93-d747f3cf79f6,Australian Gregory,identity confidence is below the starter-pack threshold
c77cf8a8-7042-50a8-a667-392ffd8c3cbc,Weedy Surge Wormfish,eligible but outside the deterministic 40-record starter-pack limit
c786a3e4-c615-50fc-8f65-02093193aacf,Blackbelly Pygmygoby,identity confidence is below the starter-pack threshold; account transcription confidence is not high; identification traits are not high-confidence transcriptions
c7b6a066-f9e2-5f02-a0ab-59cf84c9083a,Semicircle Angelfish,identity confidence is below the starter-pack threshold; account transcription confidence is not high; identification traits are not high-confidence transcriptions
c7cdf08a-925a-5ed1-b85d-8fafa0bd1d2c,Barred Flagtail,identity confidence is below the starter-pack threshold; account transcription confidence is not high; identification traits are not high-confidence transcriptions
c7d77e9a-9578-589b-bf4b-22be6121e46b,Halfmoon Triggerfish,eligible but outside the deterministic 40-record starter-pack limit
c7ea7b83-6de6-59b4-8fbb-a3d1992fa4b1,Copper Sweeper,identity confidence is below the starter-pack threshold; account transcription confidence is not high; identification traits are not high-confidence transcriptions
c7fead4e-82c9-5b2b-8b5b-445db20a3f6a,Roughsnout Ghost Pipefish,identity confidence is below the starter-pack threshold; account transcription confidence is not high; identification traits are not high-confidence transcriptions
c81bb963-962f-5185-a457-54e55c6ddc14,Black Damsel,account transcription confidence is not high; identification traits are not high-confidence transcriptions
c848aab0-ef51-549b-995f-146a6e3813a5,Lagoon Damsel,identity confidence is below the starter-pack threshold; account transcription confidence is not high; identification traits are not high-confidence transcriptions
c87fdec5-fdd0-5917-a1c8-c5e09f883499,Japanese Filefish,identity confidence is below the starter-pack threshold; account transcription confidence is not high; identification traits are not high-confidence transcriptions
c896ec0a-c77e-5756-bbc2-5495826db3a7,Silverstreak Anthias,account transcription confidence is not high; identification traits are not high-confidence transcriptions
c8ba8709-708e-5fba-bbdc-33b570b5a81f,Paddle-flap Scorpionfish,account transcription confidence is not high; identification traits are not high-confidence transcriptions
c8bfa1eb-87db-5103-af93-06adb4c97211,Spottail Coris,account transcription confidence is not high; identification traits are not high-confidence transcriptions
c8c1235d-283f-56c7-be3b-b4d0cfaf5e87,Goldbar Sand Diver,eligible but outside the deterministic 40-record starter-pack limit
c8d75845-81ac-5794-80ca-75975fd369c7,Rosy Goatfish,identity confidence is below the starter-pack threshold
c916c581-d440-53dc-84f3-82f5f9af7d49,Gorgeous Shrimpgoby,account transcription confidence is not high; identification traits are not high-confidence transcriptions
c92cdcb4-62ed-5c93-9e52-9d8dbdb1134c,White-lined Blenny,account transcription confidence is not high; identification traits are not high-confidence transcriptions
c939e05e-b24b-5f1c-9538-227a8446f4e0,False Threespot Cardinalfish,eligible but outside the deterministic 40-record starter-pack limit
c94d6133-967a-50ae-88cf-9b0b33eb2d2c,Onespot Demoiselle,account transcription confidence is not high
c95d42dc-fe74-565e-9b01-bef6e78f4f57,Leopard Coral Grouper,eligible but outside the deterministic 40-record starter-pack limit
c9670ac7-2e6b-5b62-b4b6-e80c7c723215,Orangespotted Goby,identity confidence is below the starter-pack threshold; account transcription confidence is not high; identification traits are not high-confidence transcriptions
c9812414-91f9-5969-982c-0bbff8c5b1df,Chocolate Grouper,eligible but outside the deterministic 40-record starter-pack limit
c99eef11-e052-5dd4-99ca-0e9e7a4e980a,Redback Ring Wormfish,identity confidence is below the starter-pack threshold
c9adaaba-1736-5217-909f-09e6c2d45f89,Hartzfeld’s Cardinalfish,account transcription confidence is not high; identification traits are not high-confidence transcriptions
c9d72d7b-3fb3-51e0-a77d-71f200cc3f34,Orange Anemonefish,account transcription confidence is not high; no identification trait transcription
c9f770fe-6804-596d-a14d-4d42fcc81d8b,Twinstripe Fusilier,identity confidence is below the starter-pack threshold
ca044660-d1a4-596c-8d7f-96da7d1d292e,Dotted Butterflyfish,account transcription confidence is not high; identification traits are not high-confidence transcriptions
ca2342da-d2fe-503c-9232-83315b7ec9a8,Red Emperor,eligible but outside the deterministic 40-record starter-pack limit
ca4c4ea3-fd55-50b6-b4f2-d9decdab8473,Shadow Goby,no identification trait transcription
ca91e119-1820-5f09-99c1-eb1f422e34f1,,identity confidence is below the starter-pack threshold; account transcription confidence is not high; identity is incomplete; identification traits are not high-confidence transcriptions
cad0b06b-183d-5822-a574-c6453e9227ec,Sphynx Goby,account transcription confidence is not high; identification traits are not high-confidence transcriptions
cb0389f0-c3fe-5dda-bd3d-476b2f7249ee,Yellowmouth Cardinalfish,identity confidence is below the starter-pack threshold
cb42cf5b-120e-5733-9dd4-5dce9a119160,Yawaiian Bristletooth,identity confidence is below the starter-pack threshold; account transcription confidence is not high; identification traits are not high-confidence transcriptions
cb58722e-00ea-59e6-87d2-927674ba66b3,Saddleback Hogfish,identity confidence is below the starter-pack threshold
cb635aff-baf7-5198-a150-feb4f04f904d,Crescent Wormfish,identity confidence is below the starter-pack threshold; no identification trait transcription
cb7d0a9f-ce52-5229-b1a5-46dd18934983,Latticed Butterflyfish,identity confidence is below the starter-pack threshold; account transcription confidence is not high; identification traits are not high-confidence transcriptions
cba847ac-3dcb-5a24-b006-0a2c15e0b0ca,Three-blotch Wormfish,identity confidence is below the starter-pack threshold
cbd08a89-c4c6-50cc-aaa1-5c0a6184951f,Kuiter's Demoiselle,identity confidence is below the starter-pack threshold; account transcription confidence is not high; identification traits are not high-confidence transcriptions
cbe71b88-8fa3-5770-993f-aa7a92b54b83,Harlequin Tuskfish,no identification trait transcription
cc20140c-e905-5074-8b2e-7cedac96c93a,Yellowtail False Fusilier,identity confidence is below the starter-pack threshold
cc6878fc-d324-5ffa-bb0f-a73f7640a96a,Striped Whiptail,identity confidence is below the starter-pack threshold; account transcription confidence is not high; identification traits are not high-confidence transcriptions
cc9a1d20-3312-54ee-87d2-b04820427292,Orangespine Unicornfish,account transcription confidence is not high
ccf970f6-bd78-5ed1-8364-e27a5a54e3fa,Whitestreaked Grouper,eligible but outside the deterministic 40-record starter-pack limit
cd0c51f1-b075-5b35-a11e-605c5f4b339f,Ilkfish,account transcription confidence is not high; identification traits are not high-confidence transcriptions
cd0e19a3-0273-5b68-9719-d607aa8a7e4e,Blueback Damsel,identity confidence is below the starter-pack threshold; account transcription confidence is not high; identification traits are not high-confidence transcriptions
cd423477-2b9b-554e-9818-664eb46dd4dd,Masked Moray,identity confidence is below the starter-pack threshold; account transcription confidence is not high; identification traits are not high-confidence transcriptions
cd6ef643-d050-53f7-a815-c54df420e16b,Twospot Slender Hogfish,identity confidence is below the starter-pack threshold; account transcription confidence is not high; identification traits are not high-confidence transcriptions
cd80008b-cbca-5cc5-9826-a8d49c5a4270,Highfin Shrimpgoby,account transcription confidence is not high; identification traits are not high-confidence transcriptions
cd86a884-dec5-5dbc-97b7-276ea41ebc25,Monofin Dartfish,account transcription confidence is not high; identification traits are not high-confidence transcriptions
cd87b01d-c812-53c0-8d66-9a9706d4bc41,Wedgespot Damsel,identity confidence is below the starter-pack threshold; account transcription confidence is not high; identification traits are not high-confidence transcriptions
cdbc6f03-86f2-5960-a21e-36875f9fd47e,Striped Cardinalfish,account transcription confidence is not high; identification traits are not high-confidence transcriptions
ce1a082d-c11e-5669-ad9e-051fd6fd763a,Yellowtail Tubelip Wormfish,eligible but outside the deterministic 40-record starter-pack limit
ce3878f4-d52a-5bf0-be64-685966442643,Starck's Demoiselle,identity confidence is below the starter-pack threshold; account transcription confidence is not high; identification traits are not high-confidence transcriptions
ce4075d1-87af-5d3f-86aa-8abea5a6f0ce,Robust Ribbongoby,no identification trait transcription
ce4fb4a5-400a-5df6-a564-6209fb322131,Largespined Glassfish,eligible but outside the deterministic 40-record starter-pack limit
ce88cb94-3966-591b-93ff-f296b7d62a6e,Curious Wormfish,eligible but outside the deterministic 40-record starter-pack limit
ce8eb9e0-8bbe-5358-bd28-9d2d80d02b49,Arabian Monocle Bream,identity confidence is below the starter-pack threshold
ceb10510-41b3-57ad-97d0-b2030f268137,Star Puffer,account transcription confidence is not high
ceba8f13-3230-5a4f-ad2f-b20b90578ba9,[win Fangblenny,account transcription confidence is not high; identification traits are not high-confidence transcriptions
cee4bdd1-330d-52db-a516-fcd8a4cd61ba,Faintbanded Cardinalfish,account transcription confidence is not high; identification traits are not high-confidence transcriptions
cef722c3-3ee4-562f-8d80-3a5ce0a1da4e,Black-banded Demoiselle,account transcription confidence is not high; no identification trait transcription
cef76ddd-4a80-52cf-b168-7a87876ae243,Reef-flat Cardinalfish,account transcription confidence is not high; identification traits are not high-confidence transcriptions
cf7ea288-d448-52f2-8e2b-fe08d17bdb4c,Common Seahorse,eligible but outside the deterministic 40-record starter-pack limit
cfbceb23-6b79-5e94-9421-898416d27761,Komodo Damsel,identity confidence is below the starter-pack threshold; no identification trait transcription
cfd3ef71-c1a2-536b-91ea-c3c224cb0b34,Whitemouth Moray,identity confidence is below the starter-pack threshold
d022ddd2-e41c-50aa-a18a-b80c2c87a421,Palenose Parrotfish,account transcription confidence is not high; identification traits are not high-confidence transcriptions
d062ca81-c418-5866-8b8e-2fc844a82602,Olive Anthias,account transcription confidence is not high
d0d1a86a-5291-5a7c-88ff-9a4f3327fb9f,Ruby Cardinalfish,eligible but outside the deterministic 40-record starter-pack limit
d0d3c6a3-6822-5fda-a336-591392eb2722,Yellowtail Blenny,eligible but outside the deterministic 40-record starter-pack limit
d0d75a40-d5d5-5500-88de-551f29847498,Bicolor Cleaner Wormfish,eligible but outside the deterministic 40-record starter-pack limit
d0fa447c-6948-51c9-bddf-be2228dc016f,Bearded Dottyback,eligible but outside the deterministic 40-record starter-pack limit
d11e2dd9-cd35-5dd0-9134-07c592d061fd,Jewelled Blenny,identity confidence is below the starter-pack threshold; account transcription confidence is not high; identification traits are not high-confidence transcriptions
d140620a-7d95-50a6-aaff-5cd30cbde260,White-tailed Dottyback,eligible but outside the deterministic 40-record starter-pack limit
d1aba322-b41c-5448-ad4a-2b5fefad6d22,Canine Goby,account transcription confidence is not high; identification traits are not high-confidence transcriptions
d20d6d95-786e-56d7-ab2f-9086def71fe3,Smallspine Turretfish,account transcription confidence is not high; identification traits are not high-confidence transcriptions
d2214e51-cbab-5552-adbd-173d6d88ca7d,Tripletail Wormfish,identity confidence is below the starter-pack threshold; account transcription confidence is not high; identification traits are not high-confidence transcriptions
d2361509-272d-5cff-bf2b-07ff4e96c330,Ringed Pipefish,identity confidence is below the starter-pack threshold
d2426c10-6f84-5cea-b0d5-9d119502ba16,Painted Scorpionfish,identity confidence is below the starter-pack threshold
d279f87c-6853-5d85-afc4-7274b314ae50,Blue-green Chromis,account transcription confidence is not high; identification traits are not high-confidence transcriptions
d2825778-21a1-58c7-b2f5-c32ba32d3bc5,Tasselled Wobbegong,identity confidence is below the starter-pack threshold; account transcription confidence is not high; identification traits are not high-confidence transcriptions
d2a07a1c-c9a9-5008-859a-a96dd9d1f25b,Manylined Cardinalfish,eligible but outside the deterministic 40-record starter-pack limit
d2b37ed9-9fb4-5b7f-bde1-d13b8e3aa5c3,Twospot Demoiselle,account transcription confidence is not high; identification traits are not high-confidence transcriptions
d2b7404c-df37-5067-a8e4-e24992358dfb,Blackline Shrimpgoby,eligible but outside the deterministic 40-record starter-pack limit
d3034aa0-2a04-56a2-bd6c-9f5d0056f824,Blue-lined Surgeonfish,identity confidence is below the starter-pack threshold
d3243eb5-2b1c-584f-bf5d-7f6d98dec0a5,Princess Anthias,eligible but outside the deterministic 40-record starter-pack limit
d32455d7-c91b-5471-b5b5-fd88622b3a6b,Yellow-dotted Butterflyfish,account transcription confidence is not high; identification traits are not high-confidence transcriptions
d34cc899-bef3-59ee-8259-e876e67d8e47,Fivestripe Wormfish,identity confidence is below the starter-pack threshold
d385c20d-61b1-5a70-9a45-a5e1b99613cd,Blacktip Grouper,account transcription confidence is not high
d3d234a0-91d0-53bc-b35b-22fee1e8fd96,Midget Chromis,identity confidence is below the starter-pack threshold; account transcription confidence is not high; identification traits are not high-confidence transcriptions
d3de7074-504c-52c4-95d0-453b6dd8cde0,Gelatinous Cardinalfish,account transcription confidence is not high; identification traits are not high-confidence transcriptions
d3e4bf55-baee-5678-89bc-c6f3f205e839,Crescent-tail Bigeye,account transcription confidence is not high; identification traits are not high-confidence transcriptions
d3eb361d-82cb-5321-88b0-92fa744eeb3c,Nest Australian Butterflyfish,identity confidence is below the starter-pack threshold
d441958b-a1e3-51b4-8e0b-b5d25ba25295,Blackbarred Razorfish,identity confidence is below the starter-pack threshold; account transcription confidence is not high; no identification trait transcription
d4673278-c589-50f3-ae59-91627ec9d843,Bluestripe Pipefish,identity confidence is below the starter-pack threshold; account transcription confidence is not high; identification traits are not high-confidence transcriptions
d474b044-d582-572b-8862-132f38c30352,Pearly Cardinalfish,account transcription confidence is not high; identification traits are not high-confidence transcriptions
d5553b11-8b22-5531-accc-cc6de9add6bc,Larval Cardinalfish,eligible but outside the deterministic 40-record starter-pack limit
d5571da5-36f5-5e47-a290-cc37c603b0cb,Crescent-banded Grunter,eligible but outside the deterministic 40-record starter-pack limit
d582fb16-98f1-55bb-916d-03ccfccb5e75,Regal Angelfish,account transcription confidence is not high; identification traits are not high-confidence transcriptions
d59daffc-7e0c-5431-9082-5d0a2fa6e274,Fourstripe Blenny,account transcription confidence is not high; identification traits are not high-confidence transcriptions
d5bc0a0c-314f-512d-8606-6763e68b333b,Melasma Pygmygoby,no identification trait transcription
d5e3533a-01c1-5082-bfb0-6337b6331656,Redfin Anthias,account transcription confidence is not high; identification traits are not high-confidence transcriptions
d6236911-480c-5612-a473-a7872f19838c,Barrier Reef Anemonefish,account transcription confidence is not high
d6564d22-356c-5c1b-862e-9b9a61dd4212,Ringtail Wormfish,identity confidence is below the starter-pack threshold
d65e3d8c-3b7e-53f0-891a-9e0c408c7028,Phantom Bannerfish,account transcription confidence is not high; identification traits are not high-confidence transcriptions
d66dabb2-38ba-51c1-9bf2-f85d0181697f,Short-whiskered Goby,eligible but outside the deterministic 40-record starter-pack limit
d66dcab5-ea2e-5120-9423-99c606717c28,Purple Tilefish,identity confidence is below the starter-pack threshold
d681dc63-720b-55ae-af88-433aca2dc8a4,Highfin Parrotfish,eligible but outside the deterministic 40-record starter-pack limit
d682a732-a012-599f-8084-05706c3ef504,Painted Stingfish,account transcription confidence is not high; identification traits are not high-confidence transcriptions
d6d03c12-6341-5f25-a95f-ae2b409ae45b,Topsail Dragonet,eligible but outside the deterministic 40-record starter-pack limit
d71635cb-ed1e-5bac-9465-2dc75520ebd9,Black-banded Flathead,eligible but outside the deterministic 40-record starter-pack limit
d72d7e2b-761e-5180-8c2a-64717ee96200,Delicate Blenny,eligible but outside the deterministic 40-record starter-pack limit
d7814301-7430-5f61-a096-40cb06d773ac,Comical Blenny,eligible but outside the deterministic 40-record starter-pack limit
d78c432a-0f21-52a8-8259-299ac77aa5fb,Silverspot Shrimpgoby,identity confidence is below the starter-pack threshold
d7c42740-e6ee-51fa-b70d-797a9d76c1a7,Chlupaty's Tilefish,identity confidence is below the starter-pack threshold; account transcription confidence is not high; identification traits are not high-confidence transcriptions
d83a4b0b-7d37-5032-b7bf-e4f3e8078ce8,Blacktip Silver Biddy,account transcription confidence is not high; identification traits are not high-confidence transcriptions
d84d0c67-6450-5fcd-b4b6-082a0ac2db13,Lined Chromis,account transcription confidence is not high; identification traits are not high-confidence transcriptions
d859dc09-8a49-586d-b8b0-e4327b3b2200,Small-spotted Dart,identity confidence is below the starter-pack threshold
d8672e57-58d4-5216-afcb-bb299bc7bfb1,Black-eared Wormfish,eligible but outside the deterministic 40-record starter-pack limit
d8c2c07a-6362-5b30-a30d-c6bb502614e4,Andaman Mimic Filefish,identity confidence is below the starter-pack threshold; identification traits are not high-confidence transcriptions
d8dfc9fa-b95d-5a38-8dc1-66ecd6c1fcca,Peacock Razorfish,account transcription confidence is not high; identification traits are not high-confidence transcriptions
d8e05a1e-758d-55ad-b221-136480bea362,Indian Butterflyfish,identity confidence is below the starter-pack threshold; account transcription confidence is not high; identification traits are not high-confidence transcriptions
d8e3e997-844b-55bb-b289-e1826b907ad7,Bicolor Goatfish,identity confidence is below the starter-pack threshold; no identification trait transcription
d8f0f50e-3ef1-5979-9577-f9c2e4dd22a5,Tailspot Squirrelfish,identity confidence is below the starter-pack threshold; account transcription confidence is not high; identification traits are not high-confidence transcriptions
d9198bdc-de89-5ce5-b844-5a09c5eb9fc5,Pinjalo Snapper,identity confidence is below the starter-pack threshold
d9358f07-ff19-5145-9b57-33af271b9891,Pastel-Green Wrasse,account transcription confidence is not high; identification traits are not high-confidence transcriptions
d9b762b3-22fd-5504-9a7e-14365e7d2a65,Exquisite Wormfish,identity confidence is below the starter-pack threshold; account transcription confidence is not high; identification traits are not high-confidence transcriptions
d9da6112-f69d-5171-b50c-a57d50a40d84,Splendid \dierfish,account transcription confidence is not high; identification traits are not high-confidence transcriptions
da121025-ee5c-5c49-b6e7-a2bd0e989364,Midas Blenny,account transcription confidence is not high
da1bf0b1-6735-528c-b8bc-d4d131ba7536,Bluelined Grouper,account transcription confidence is not high
da1e2342-481c-5f18-83ba-c49f12195024,Choat's Wormfish,eligible but outside the deterministic 40-record starter-pack limit
da2e4523-5cb9-5ab7-808e-2e5f625dfcf0,Nebulous Wormfish,account transcription confidence is not high; identification traits are not high-confidence transcriptions
da4b3738-fc0b-5f51-93e1-4a191ac36c26,Barred Snake Moray,eligible but outside the deterministic 40-record starter-pack limit
da5d88c3-44dd-5e4e-b709-a85fd6277a20,Red-barred Sandperch,identity confidence is below the starter-pack threshold
db29fd95-4cd1-54b5-8433-7ca5d993b646,Robust Ghost Pipefish,identity confidence is below the starter-pack threshold; account transcription confidence is not high; identification traits are not high-confidence transcriptions
db3970de-ac4c-55e9-8990-d9b6b5592f05,Spotless Cardinalfish,identity confidence is below the starter-pack threshold; no identification trait transcription
db3f6900-eb2c-5401-8ee6-fa22d9fee50b,,identity confidence is below the starter-pack threshold; account transcription confidence is not high; identity is incomplete; no identification trait transcription
db718bee-d388-5f21-8737-74eafe9b2824,Moyer's Dragonet,identity confidence is below the starter-pack threshold; account transcription confidence is not high; identification traits are not high-confidence transcriptions
db9e486f-ee6e-5b4d-bc7d-13c6a5f20315,Tailspot Blenny,eligible but outside the deterministic 40-record starter-pack limit
dbb2f628-45f6-50fc-a80b-eda363065102,Enigmatic Moray,identity confidence is below the starter-pack threshold; account transcription confidence is not high; identification traits are not high-confidence transcriptions
dbdc05f5-8caa-5647-b256-e3f8ab249254,Yellowfin Surgeonfish,account transcription confidence is not high; identification traits are not high-confidence transcriptions
dc0a196c-63da-51e3-bed2-f932f86222d2,Marquesan Butterflyfish,identity confidence is below the starter-pack threshold; account transcription confidence is not high; identification traits are not high-confidence transcriptions
dc35c126-2dfb-5ef3-ab19-df298bb79ba1,Longfin Spadefish,identity confidence is below the starter-pack threshold; account transcription confidence is not high; identification traits are not high-confidence transcriptions
dc422836-1556-5bed-bd16-52f7b30fb5b8,Brick \dierfish,eligible but outside the deterministic 40-record starter-pack limit
dcc3a51e-5f01-5934-8938-ee6d60b9ec3d,Keyhole Angelfish,account transcription confidence is not high; identification traits are not high-confidence transcriptions
dcede37f-54e9-5e70-86ec-89419fea87e9,Wedgetail Triggerfish,eligible but outside the deterministic 40-record starter-pack limit
dd13167c-1ea0-52d0-ab09-dd3e0e80fd30,Wedge-tailed Wormfish,account transcription confidence is not high; identification traits are not high-confidence transcriptions
dd2f3443-0ea0-5857-ab10-0e75bf2904b0,Indo-Pacific Sergeant,account transcription confidence is not high; identification traits are not high-confidence transcriptions
dd4eb370-b4a1-5819-ad88-5a6665bfabce,Pygmy Lionfish,account transcription confidence is not high; identification traits are not high-confidence transcriptions
dd55dd5f-8a17-5291-aeac-6118b9d7b167,Conspicuous Angelfish,account transcription confidence is not high; identification traits are not high-confidence transcriptions
dd82240b-fe78-53f2-84c2-c8afba1c1500,Johnston Damsel,account transcription confidence is not high; identification traits are not high-confidence transcriptions
dda8964b-4ae3-56f3-9a58-94d74137182f,Striped Catfish,account transcription confidence is not high; identification traits are not high-confidence transcriptions
de4b1e29-c522-54a6-aa35-0c66a0feac61,Pygmy Seahorse,identity confidence is below the starter-pack threshold; account transcription confidence is not high
de64ccca-726f-5143-9c66-5ef16dbb2467,Little Sand Dragonet,identity confidence is below the starter-pack threshold; account transcription confidence is not high; identification traits are not high-confidence transcriptions
ded990cc-3044-5f31-98d4-d388267b0167,Black Triggerfish,eligible but outside the deterministic 40-record starter-pack limit
dee56a80-8a7d-5ed3-8473-90dd9e8db7ee,Longfin Emperor,eligible but outside the deterministic 40-record starter-pack limit
def9e76f-3734-5471-9ec2-ab64a657122f,Twospot Lizardfish,account transcription confidence is not high; identification traits are not high-confidence transcriptions
df57dff8-1619-540c-b7d6-3121654cca34,Humphead Wormfish,eligible but outside the deterministic 40-record starter-pack limit
df8bd0a4-c933-5c45-81f3-6ebcc0f2a042,Puntang Goby,account transcription confidence is not high; identification traits are not high-confidence transcriptions
df8f8b0d-7977-549c-87a1-dd66b45138df,Stocky Anthias,eligible but outside the deterministic 40-record starter-pack limit
dfb3a117-7bd4-59f2-94e3-e66b1453c720,Oblong Silver Biddy,eligible but outside the deterministic 40-record starter-pack limit
e0075899-d88a-54c9-a34f-38cde8c1d370,White-belted Angelfish,identity confidence is below the starter-pack threshold; account transcription confidence is not high; identification traits are not high-confidence transcriptions
e073dbe8-85dc-573c-bef9-524ee5c56b83,Fringelip Flathead,eligible but outside the deterministic 40-record starter-pack limit
e07f2652-674c-549e-a7b2-76a4a645f6dc,West Australian Chromis,account transcription confidence is not high; no identification trait transcription
e0980451-2ca8-568e-90ac-5b8b458c7452,Yellowfin Emperor,identity confidence is below the starter-pack threshold; account transcription confidence is not high; no identification trait transcription
e0a21650-1c07-5add-8f94-e8f194f60d3e,Humpbacked Cardinalfish,identity confidence is below the starter-pack threshold
e0e2fc60-65de-5a50-92c4-124aa7eaff73,Dendritic Jawfish,account transcription confidence is not high; identification traits are not high-confidence transcriptions
e1c27448-b8b0-5b8c-a6c5-7eb45e55b52c,Shy Toadfish,identity confidence is below the starter-pack threshold; account transcription confidence is not high; identification traits are not high-confidence transcriptions
e1d2c7aa-aa90-5684-969d-4674ab666921,Weber's Chromis,identity confidence is below the starter-pack threshold; account transcription confidence is not high; identification traits are not high-confidence transcriptions
e1fd7e44-dc7c-5996-9834-47232bd4c128,Sailfin Dottyback,account transcription confidence is not high; identification traits are not high-confidence transcriptions
e205c9bb-1e87-523b-ad31-7bd9c1a0f6c5,Crown Squirrelfish,identity confidence is below the starter-pack threshold
e2067c83-6703-5ab2-96c9-980b6c79f818,Crocodile Flathead,account transcription confidence is not high; identification traits are not high-confidence transcriptions
e2623911-dcb7-585f-80b4-d914d2db0752,Carlson's Damsel,account transcription confidence is not high; identification traits are not high-confidence transcriptions
e2bfe9be-8c8b-5338-83cb-b1b356a3511a,Raja Epaulette Sergeant,account transcription confidence is not high; identification traits are not high-confidence transcriptions
e2ed2b6f-5416-5c22-92d5-3526cd178d11,Shorthead Fangblenny,account transcription confidence is not high; no identification trait transcription
e32de9fc-666a-58ab-bb93-3571b5ec8841,Yellow Crown Demoiselle,eligible but outside the deterministic 40-record starter-pack limit
e339fd91-9e0c-5fb4-9208-3164a4c339e0,Indian Redfin Butterflyfish,identity confidence is below the starter-pack threshold; account transcription confidence is not high; identification traits are not high-confidence transcriptions
e37c56de-e0e1-5d7e-91f1-c7bca8632873,Samoan Pipefish,identity confidence is below the starter-pack threshold; identification traits are not high-confidence transcriptions
e3974038-c981-53df-90cf-58a884cfece3,Obliquebanded Cardinalfish,identity confidence is below the starter-pack threshold; account transcription confidence is not high; identification traits are not high-confidence transcriptions
e3abf15d-9e3f-5035-a434-888aec8201d6,Tangaroa Shrimpgoby,identity confidence is below the starter-pack threshold; account transcription confidence is not high; identification traits are not high-confidence transcriptions
e3cc51c7-b477-56b8-8fcb-704677b362db,Japanese Flathead,eligible but outside the deterministic 40-record starter-pack limit
e3ebfec1-b865-5caa-8038-2f5b30df41c5,Barred Pipefish,eligible but outside the deterministic 40-record starter-pack limit
e431a5ec-110e-5e87-b171-0945fd45d504,Ornate Emperor,identity confidence is below the starter-pack threshold; identification traits are not high-confidence transcriptions
e444ca2a-3977-5a1c-99c6-d39a82edf68f,Three-lined Monocle Bream,identity confidence is below the starter-pack threshold
e4a5efa7-07ff-5c4d-825a-757cfee257df,Small-toothed Whiptail,identity confidence is below the starter-pack threshold; account transcription confidence is not high; identification traits are not high-confidence transcriptions
e4aa0d64-4005-5f09-9319-40248fe943e1,Yellow Cardinalfish,eligible but outside the deterministic 40-record starter-pack limit
e5015b07-59ca-5ba2-84b4-bdb622da0b59,Borneo Dottyback,eligible but outside the deterministic 40-record starter-pack limit
e52b55d6-aae0-5868-927f-0c2422054bfe,Longbarbel Goatfish,identity confidence is below the starter-pack threshold; account transcription confidence is not high; no identification trait transcription
e52e42ed-4497-5ea0-9858-cdcea4520cff,Yellowtail Fusilier,eligible but outside the deterministic 40-record starter-pack limit
e62c9ef8-4b67-566e-961c-4fcd6933387f,Threadfin,identity confidence is below the starter-pack threshold; account transcription confidence is not high; identification traits are not high-confidence transcriptions
e635827d-193f-5e38-9b20-f4eb8731b952,Sicklefin Lemon Sergeant,eligible but outside the deterministic 40-record starter-pack limit
e669b90d-c8d2-5e59-a563-7bf6f96c8890,Dwarf Perchlet,eligible but outside the deterministic 40-record starter-pack limit
e66a114e-a8ac-5bf6-9faa-58942493061f,Hookfin Cardinalfish,identity confidence is below the starter-pack threshold; account transcription confidence is not high; identification traits are not high-confidence transcriptions
e68a0173-9be4-5e4a-8539-3cba1becdb2e,Whitecheek Monocle Bream,identity confidence is below the starter-pack threshold; account transcription confidence is not high; no identification trait transcription
e6962491-2081-514a-a932-02b039bab10a,Whitetongue Jack,account transcription confidence is not high; identification traits are not high-confidence transcriptions
e6a6e33e-f90f-5f80-99b5-93c2750424e0,Epaulette \dierfish,account transcription confidence is not high; identification traits are not high-confidence transcriptions
e6e4cfd7-f2c1-5454-a6de-a8ed83a6334c,Brown-spotted Grouper,account transcription confidence is not high; identification traits are not high-confidence transcriptions
e720e2fb-2891-5906-8453-f97914c5047a,Bluepatch Parrotfish,identity confidence is below the starter-pack threshold; identification traits are not high-confidence transcriptions
e72ca87f-f569-558b-938d-5882ffcfc4eb,Timor Cardinalfish,account transcription confidence is not high; identification traits are not high-confidence transcriptions
e74c1781-f03c-5378-b8c9-6184aa16bd6c,Black Waspfish,eligible but outside the deterministic 40-record starter-pack limit
e78f6edb-c356-5b6e-91a8-1cc92f7d46aa,Goldband Fusilier,account transcription confidence is not high; identification traits are not high-confidence transcriptions
e7ee43ed-e7f9-51ba-907e-16d5a749cd93,Seagrass Wormfish,eligible but outside the deterministic 40-record starter-pack limit
e8628a84-8f19-50aa-bc0a-1e77b3fcb850,Flagtail,identity confidence is below the starter-pack threshold
e8ab5e70-bc16-512e-be7b-91a61ed8dea6,Black Wormfish,eligible but outside the deterministic 40-record starter-pack limit
e8d2d4e7-1168-50f5-b100-776ba6937539,Longnose Hogfish,identity confidence is below the starter-pack threshold
e954745e-54dc-50e6-a9b4-808245a1096e,Canarytop Wormfish,account transcription confidence is not high; identification traits are not high-confidence transcriptions
e95be1a1-7fc2-5da7-b9a0-f1f3c8d48129,Reticulated Sandperch,identity confidence is below the starter-pack threshold; account transcription confidence is not high; identification traits are not high-confidence transcriptions
e979a8ba-3092-51e7-977c-0c8f3166cd31,Blue-spotted Wormfish,account transcription confidence is not high
eaa2d138-9135-555b-b7ee-d319478de9be,Bleeker’s Demoiselle,eligible but outside the deterministic 40-record starter-pack limit
eaa98da3-8e37-59ff-b397-80d8ec88a3e2,,identity confidence is below the starter-pack threshold; account transcription confidence is not high; identity is incomplete; no identification trait transcription
eaba3cd6-6764-587d-af6d-3c96a97932c7,,identity confidence is below the starter-pack threshold; identity is incomplete; no identification trait transcription
eabc2006-9a86-5ea6-adc5-40371ae4f007,Duskytail Grouper,account transcription confidence is not high; identification traits are not high-confidence transcriptions
eadcc05d-005e-5f45-8910-e8b1253d4b31,Fan-bellied Filefish,eligible but outside the deterministic 40-record starter-pack limit
eae7c107-fd95-5535-8b2b-05f02ef42f11,Redeye Hovering Goby,account transcription confidence is not high
eba081b8-b191-523e-a92f-01c3c91b3e69,Orange-faced Angelfish,account transcription confidence is not high; identification traits are not high-confidence transcriptions
ebc6d6c7-e771-55b8-adcf-52a7d0b3b294,Indian Half-and-Half Chromis,account transcription confidence is not high
ebdd07ce-1d7e-55a8-9f6f-3161ba971291,Australian Moray,identity confidence is below the starter-pack threshold; account transcription confidence is not high; identification traits are not high-confidence transcriptions
ec0c16ae-cbcb-5b25-8d67-0e07393d0c42,Old Glory Goby,account transcription confidence is not high; identification traits are not high-confidence transcriptions
ec45f539-350d-5708-95b6-d7497995ac6d,Three-spot Squirrelfish,identity confidence is below the starter-pack threshold; account transcription confidence is not high; identification traits are not high-confidence transcriptions
ec91554e-7744-5611-8e55-8b47ac8bcb1c,,identity confidence is below the starter-pack threshold; identity is incomplete; no identification trait transcription
ecb846a1-e417-5e72-b367-5dfb064cb4c2,Blackbar Filefish,identity confidence is below the starter-pack threshold; account transcription confidence is not high; identification traits are not high-confidence transcriptions
ecdcd9c5-6bcf-58a0-9b71-037d67507006,Shoulderspot Wormfish,identity confidence is below the starter-pack threshold
ecdd5f39-9429-54bd-9c65-41aafcfdcc5a,Slender Pinjalo Snapper,account transcription confidence is not high; identification traits are not high-confidence transcriptions
ececc11b-1c00-54ca-a5e9-41f128eccb63,Yellow-edged Lyretail,identity confidence is below the starter-pack threshold; account transcription confidence is not high; identification traits are not high-confidence transcriptions
ed61516f-5319-5a43-a81f-83781958741c,Gray Reef Sergeant,identity confidence is below the starter-pack threshold
ed8162d7-4091-5db0-b457-b3db464f0f3b,Raggedtooth Parrotfish,identity confidence is below the starter-pack threshold
eda9b25c-131d-5645-b8ae-62f547862f16,Smoky Chromis,eligible but outside the deterministic 40-record starter-pack limit
edd2c63a-a4b9-55ed-8c9a-af4400123b54,Foxface Rabbitfish,account transcription confidence is not high; identification traits are not high-confidence transcriptions
edd47464-fc3b-508c-9472-895f53a511c1,Red-streaked Blenny,account transcription confidence is not high; identification traits are not high-confidence transcriptions
ede59589-a226-5d66-abd3-54fe330db542,Red Saddleback Anemonefish,account transcription confidence is not high
edef176b-14d2-546d-af3f-c385cc0adf20,Blackspot Blenny,eligible but outside the deterministic 40-record starter-pack limit
ee1e1a26-f633-5278-8c41-68473dcaa011,Coastal Cardinalfish,account transcription confidence is not high; identification traits are not high-confidence transcriptions
ee50cd9f-4a7f-5869-895b-d0b666867c74,Fingerprint Toadfish,identity confidence is below the starter-pack threshold; account transcription confidence is not high; identification traits are not high-confidence transcriptions
ee728389-1916-5add-9641-d3bb8a960543,Inexplicable Shrimpgoby,account transcription confidence is not high; identification traits are not high-confidence transcriptions
ee851cca-ee5f-5c06-a6cc-38fa38b319b3,Spotted Blenny,account transcription confidence is not high; identification traits are not high-confidence transcriptions
eea1e204-5118-55a5-933c-4e3357675b2f,Blackspot Damsel,eligible but outside the deterministic 40-record starter-pack limit
eecaa342-9567-5d83-96cf-103b51d1ba7e,Redspotted Pygmygoby,identity confidence is below the starter-pack threshold; identification traits are not high-confidence transcriptions
eef40f00-da28-5fbe-bbd5-2920d40fe066,Three-line Wormfish,identity confidence is below the starter-pack threshold; account transcription confidence is not high; identification traits are not high-confidence transcriptions
ef188a0c-9bd4-559b-a62d-5e2273ba8ee1,Duskylined Siphonfish,identity confidence is below the starter-pack threshold; account transcription confidence is not high; identification traits are not high-confidence transcriptions
ef324852-c4c5-53b0-95ec-8c3cbe8414af,Monster Shrimpgoby,eligible but outside the deterministic 40-record starter-pack limit
ef382c6f-cf06-5815-86dd-f09683c2d30f,Cryptic Wormfish,account transcription confidence is not high; identification traits are not high-confidence transcriptions
ef6a57e6-a2aa-534a-9f6b-82720acf1c30,Leafy Filefish,account transcription confidence is not high; identification traits are not high-confidence transcriptions
f067ff58-eeb1-5fb8-a038-33c12d4a7535,Similar Damsel,eligible but outside the deterministic 40-record starter-pack limit
f0aa2ccd-a198-53a8-b853-1999aedfb8dd,Gray Demoiselle,eligible but outside the deterministic 40-record starter-pack limit
f0ab3c36-9012-51b8-b029-7d2bc58089fe,Dogtooth Tuna,account transcription confidence is not high; no identification trait transcription
f0c4bc22-176d-5de0-bad0-ec82eb76787b,Sulu Fangblenny,eligible but outside the deterministic 40-record starter-pack limit
f0da0fbe-49e4-5f9f-bdcc-6fbb9bc20081,Interrupted Dartfish,identity confidence is below the starter-pack threshold; account transcription confidence is not high; identification traits are not high-confidence transcriptions
f103ff8d-26f3-5c49-b688-2155462b43ee,Candycane Dwarfgoby,identity confidence is below the starter-pack threshold; account transcription confidence is not high; identification traits are not high-confidence transcriptions
f1091e9b-b3b3-5db9-b8ef-6eb07a6d6b7d,Broad-banded Pipefish,identity confidence is below the starter-pack threshold; identification traits are not high-confidence transcriptions
f11a0939-d8be-52bf-9dc6-ff02c5a06035,Elongate Siphonfish,identity confidence is below the starter-pack threshold
f13a0057-7368-502d-a236-3e787ccab248,Grass Emperor,identity confidence is below the starter-pack threshold; account transcription confidence is not high; identification traits are not high-confidence transcriptions
f1419fe2-899f-503b-bb4e-f9287ba4194d,Redspot Wormfish,identity confidence is below the starter-pack threshold; account transcription confidence is not high; identification traits are not high-confidence transcriptions
f17a3663-3369-57be-9e54-e72b4d3f8b0a,Sevenstripe Cardinalfish,account transcription confidence is not high; identification traits are not high-confidence transcriptions
f1bb3147-6ca5-5015-9104-9787647fbeed,Balloonfish,no identification trait transcription
f1d27560-ef10-5d6b-9c75-268e736a8e5f,Okinawa Dwarfgoby,account transcription confidence is not high; identification traits are not high-confidence transcriptions
f1d3b637-36e5-5e26-973e-054b195deb97,Doublebar Chromis,identity confidence is below the starter-pack threshold; account transcription confidence is not high
f1e711cc-651e-5a89-acdf-eff12d916b03,Black-backed Butterflyfish,account transcription confidence is not high; identification traits are not high-confidence transcriptions
f1e9fd46-5083-5303-a5f9-a018063b102c,Bluedashed Rockskipper Blenny,identity confidence is below the starter-pack threshold
f1f54683-f254-5017-a4e9-47b8392d65d8,African Pompano,identity confidence is below the starter-pack threshold; account transcription confidence is not high; identification traits are not high-confidence transcriptions
f25338e2-6c9b-5241-935c-1f878790e2ad,Threadfin,identity confidence is below the starter-pack threshold
f26c7a11-c197-5f04-b6f7-119598cdee5c,Largetooth Goby,account transcription confidence is not high; identification traits are not high-confidence transcriptions
f272b8c6-75b7-5c3f-8d83-ceb0e8743c55,Tahitian ‘ingray,eligible but outside the deterministic 40-record starter-pack limit
f2d70d23-a7f7-5fa6-8afd-e112a7785a04,Margined Coralfish,identity confidence is below the starter-pack threshold; account transcription confidence is not high; identification traits are not high-confidence transcriptions
f2de27a1-f22d-5bb1-bc26-c8f56213bd92,Violet \dierfish,account transcription confidence is not high; identification traits are not high-confidence transcriptions
f30a9c72-0d1f-5641-90ca-f4ef7b498956,Shorthead Fangblenny,identity confidence is below the starter-pack threshold; account transcription confidence is not high; identification traits are not high-confidence transcriptions
f34807df-5978-5590-a5fa-edb90d64b7e3,Midnight Snapper,identity confidence is below the starter-pack threshold; account transcription confidence is not high; identification traits are not high-confidence transcriptions
f383ce69-4f02-5095-a7b8-9253d39ba821,Scribbled Angelfish,identity confidence is below the starter-pack threshold; account transcription confidence is not high; identification traits are not high-confidence transcriptions
f3acf6ff-1267-5c36-9412-853282032c20,,identity confidence is below the starter-pack threshold; account transcription confidence is not high; identity is incomplete; no identification trait transcription
f3c2375e-dc37-528e-9f26-2ef1044f6790,Yellow Crown Demoiselle,identity confidence is below the starter-pack threshold; account transcription confidence is not high; identification traits are not high-confidence transcriptions
f4158401-e719-50ea-b6d3-2c1a57681643,Target Shrimpgoby,identity confidence is below the starter-pack threshold
f43b661c-a99d-5990-b79a-26f1fb94e2bb,Lowfin Dragonet,eligible but outside the deterministic 40-record starter-pack limit
f46bd107-d5cd-5c6c-a03c-8b98b69740a4,Moluccan Seahorse,eligible but outside the deterministic 40-record starter-pack limit
f47a6652-ff26-547c-913a-c0d94e7ae3be,Sabre Squirrelfish,identity confidence is below the starter-pack threshold; account transcription confidence is not high; identification traits are not high-confidence transcriptions
f4832552-4c73-5fbc-a304-7abfdcc0a4d8,Tomato Grouper,account transcription confidence is not high
f4e232ac-2ab0-528f-854b-1989f64975f0,Lined Dartfish,account transcription confidence is not high; identification traits are not high-confidence transcriptions
f596a6b6-42b2-51eb-8989-1eddf1be67cd,Central Pacific Coris,identity confidence is below the starter-pack threshold; account transcription confidence is not high; identification traits are not high-confidence transcriptions
f5be3c6e-7694-5ceb-8262-42f25ba38846,Spoke-eye Blenny,identity confidence is below the starter-pack threshold; account transcription confidence is not high; identification traits are not high-confidence transcriptions
f5f18976-ed6c-5013-93fd-93addf9cea0e,Celebes Razorfish,eligible but outside the deterministic 40-record starter-pack limit
f5f6d8e9-5bef-504a-a219-664066bbf4cd,Walindi Wormfish,identity confidence is below the starter-pack threshold
f5ff564f-2f69-5f4a-99ce-734f9274d416,Starry Goby,identity confidence is below the starter-pack threshold; account transcription confidence is not high; identification traits are not high-confidence transcriptions
f6107014-2815-50ab-94e5-a90faf5a394e,Buan Goby,eligible but outside the deterministic 40-record starter-pack limit
f6301949-0651-5d93-9f50-48a2822842c6,Multicolor Pygmy Angelfish,identity confidence is below the starter-pack threshold; account transcription confidence is not high; identification traits are not high-confidence transcriptions
f632fa7a-877f-582d-9cab-839181656efd,Brassy Trevally Jack,identity confidence is below the starter-pack threshold
f6373f04-ce60-571d-94d1-9e1f380c7a57,Shortnose Boxfish,identity confidence is below the starter-pack threshold; account transcription confidence is not high
f647c25c-6bf5-53f9-bb4e-1b5694b0f6a6,Northwest Australian Anemonefish,identity confidence is below the starter-pack threshold; account transcription confidence is not high; identification traits are not high-confidence transcriptions
f67abead-6203-5609-b64f-cc3061b92d6f,Colin's Damsel,identity confidence is below the starter-pack threshold; account transcription confidence is not high; identification traits are not high-confidence transcriptions
f6a3d454-371b-55d7-a18d-3540cadf5cc6,Chain-lined Wormfish,eligible but outside the deterministic 40-record starter-pack limit
f6f60a43-e7d2-5ced-ba08-e87d9471c97b,Tawny Nurse Shark,eligible but outside the deterministic 40-record starter-pack limit
f6f6e451-24be-5a3f-9351-f973e97dc350,Reptilian Snake Eel,identity confidence is below the starter-pack threshold; account transcription confidence is not high; identification traits are not high-confidence transcriptions
f6f85b88-407d-5b5d-a3dd-fcf1ce4d81a7,Blue Devil Damsel,eligible but outside the deterministic 40-record starter-pack limit
f71a60ad-7332-55cb-8088-ffc5adbae130,Freckled Goby,no identification trait transcription
f732a274-9cad-53c1-b200-96fb90a9494a,Saddle Grouper,identity confidence is below the starter-pack threshold; account transcription confidence is not high; identification traits are not high-confidence transcriptions
f7a83b6d-f095-5411-b625-0226d8189942,Blackheaded Filefish,identity confidence is below the starter-pack threshold
f7ba40c6-a8c4-525d-b930-94c5919b4026,Brownback Dottyback,identity confidence is below the starter-pack threshold
f7c796ba-9c90-51d6-b1c3-1553c14b0e8e,Spotfin Frogfish,account transcription confidence is not high; identification traits are not high-confidence transcriptions
f805dab6-b1a2-5cb1-92a8-2a4e94b26938,Yellow-spotted Chromis,account transcription confidence is not high
f80ef773-f930-5061-b086-8a75c4c9a97a,Largemouth Triplefin,eligible but outside the deterministic 40-record starter-pack limit
f81ad581-62df-5c60-9e08-2782f19b7dfc,Bigeye Trevally Jack,identity confidence is below the starter-pack threshold; account transcription confidence is not high; identification traits are not high-confidence transcriptions
f87ebe23-093b-5acd-9312-c17ae82b112e,Andaman Damsel,eligible but outside the deterministic 40-record starter-pack limit
f892a76b-0d04-5f39-be32-a76f2d125495,Neon Damsel,account transcription confidence is not high; identification traits are not high-confidence transcriptions
f8c6be7e-7f94-53e1-9239-b1986fd8bdb9,Sharpsnout Snake Eel,identity confidence is below the starter-pack threshold; account transcription confidence is not high; identification traits are not high-confidence transcriptions
f8d905fe-124c-5fa2-b3aa-7a60faf106d9,Neon Pygmygoby,eligible but outside the deterministic 40-record starter-pack limit
f8e011d0-9a73-5f18-98ab-8e85de595d10,Harlequin Grouper,account transcription confidence is not high; identification traits are not high-confidence transcriptions
f8e56f02-cd4e-5516-8123-788a62188197,Cleaner Pipefish,identity confidence is below the starter-pack threshold
f90dc67c-bc71-5365-87f3-19ced04ac024,Yellowsnout Large-eye Bream,account transcription confidence is not high; identification traits are not high-confidence transcriptions
f939e483-b88a-5e39-8882-c9ec0c430b10,Minor Moray,identity confidence is below the starter-pack threshold; account transcription confidence is not high; identification traits are not high-confidence transcriptions
f9414f38-e8eb-5b28-ae57-731db7defcba,Yellow-speckled Chromis,eligible but outside the deterministic 40-record starter-pack limit
f947dd86-aa8b-58bc-8e14-7539cd219b3d,Solor Boxfish,eligible but outside the deterministic 40-record starter-pack limit
f9741875-1a1e-58e1-b1ab-468d738eb116,Stripehead Dwarfgoby,identity confidence is below the starter-pack threshold; account transcription confidence is not high; identification traits are not high-confidence transcriptions
f9c3b54c-8ffe-5e3b-acf6-2614dcafd583,Stout Moray,identity confidence is below the starter-pack threshold; account transcription confidence is not high; identification traits are not high-confidence transcriptions
f9c45dab-6de4-559b-a491-d6344f587513,Eightstripe Wormfish,account transcription confidence is not high; identification traits are not high-confidence transcriptions
f9d21a43-1b8e-558b-99c0-667e4f944646,Samoan Cardinalfish,account transcription confidence is not high; identification traits are not high-confidence transcriptions
f9f3f9d9-9ff7-5273-8543-c87018d04c00,,identity confidence is below the starter-pack threshold; account transcription confidence is not high; identity is incomplete; identification traits are not high-confidence transcriptions
fa303326-89f6-593b-a0d3-9dd60f335f5b,Bluespotted Large-eye Bream,account transcription confidence is not high; identification traits are not high-confidence transcriptions
fa543287-dce6-5618-b388-490e1d1ddeed,Button Snapper,account transcription confidence is not high; identification traits are not high-confidence transcriptions
fa5c9cd3-2d75-5b47-8899-d19dd04794cb,Pictus Blenny,eligible but outside the deterministic 40-record starter-pack limit
fb2ac840-ee73-588f-949f-74c2949f308a,Spangled Emperor,account transcription confidence is not high; identification traits are not high-confidence transcriptions
fb3a1fe3-cffa-509d-bad7-78e2db5dfdca,Sargill Cardinalfish,identity confidence is below the starter-pack threshold; account transcription confidence is not high
fb59250e-4acd-567c-8c09-fe3329849f5e,Muddy Damsel,account transcription confidence is not high; identification traits are not high-confidence transcriptions
fb6515bb-4a5a-54d0-be49-cae1509f1741,Highfin Grouper,eligible but outside the deterministic 40-record starter-pack limit
fbbe0156-e379-55fb-9750-8859b4d19144,Poss’s Scorpionfish,identity confidence is below the starter-pack threshold; account transcription confidence is not high; identification traits are not high-confidence transcriptions
fbcca26e-170f-58a7-b9c1-3af790655b50,Greasy Grouper,account transcription confidence is not high; no identification trait transcription
fbd7be94-6c5a-554a-9897-dd13eea9f7e9,Gorgonian Cardinalfish,account transcription confidence is not high; identification traits are not high-confidence transcriptions
fc19506c-26a7-5295-94f9-8ea7392c63a5,Orange-finned Anemonefish,account transcription confidence is not high; no identification trait transcription
fc2a5799-cd19-5459-97b7-c4f3896ab0eb,Red Slender Anthias,identity confidence is below the starter-pack threshold; account transcription confidence is not high; identification traits are not high-confidence transcriptions
fc2b687e-1733-5654-9271-9ae4aca4d045,Spotted Devilfish,identity confidence is below the starter-pack threshold; account transcription confidence is not high; identification traits are not high-confidence transcriptions
fc42484c-3289-5368-b899-37f69e802384,Gold-spotted Trevally Jack,identity confidence is below the starter-pack threshold; account transcription confidence is not high; identification traits are not high-confidence transcriptions
fc4a90c8-ca1c-5780-97f8-89fc885d7ab5,Golden Rabbitfish,identity confidence is below the starter-pack threshold; account transcription confidence is not high; no identification trait transcription
fc6259eb-d846-58b3-b94e-cd19bc096af4,Hookjaw Moray,eligible but outside the deterministic 40-record starter-pack limit
fca9b667-1745-516f-ae9b-570f6dd54071,Blue Shrimpgoby,account transcription confidence is not high; identification traits are not high-confidence transcriptions
fcc3058e-309c-5799-a258-3e56ec426e4a,,identity confidence is below the starter-pack threshold; account transcription confidence is not high; identity is incomplete; no identification trait transcription
fccd44ec-cace-5d14-98e6-d74b06dde555,Humbug Dascyllus,account transcription confidence is not high; identification traits are not high-confidence transcriptions
fd649d28-5773-5f38-9d64-020ef19fe0ac,Whitetip Reef Sergeant,account transcription confidence is not high; identification traits are not high-confidence transcriptions
fd845ad9-7f82-57de-8af0-f553b7ed0f70,Gilded Triggerfish,identity confidence is below the starter-pack threshold; no identification trait transcription
fd96d730-4eda-57e5-af5d-f6bd5541c6c6,Bicolored Toadfish,identity confidence is below the starter-pack threshold
fdba780e-9233-5529-b44e-93fea55772d2,Two-eyed Coralfish,identity confidence is below the starter-pack threshold; account transcription confidence is not high; identification traits are not high-confidence transcriptions
fdd38925-1cfd-5220-a7ae-e03e7c3b7bea,Whitetail ‘ingray,eligible but outside the deterministic 40-record starter-pack limit
fde60643-ffe0-58ec-ae74-f98d4929872a,Reticulated Dascyllus,account transcription confidence is not high; identification traits are not high-confidence transcriptions
fe105937-98cd-5e29-ac6b-417a66121c7f,Guam Scorpionfish,identity confidence is below the starter-pack threshold; account transcription confidence is not high; identification traits are not high-confidence transcriptions
fe218dcc-8fe2-5b85-b91d-9fee5a75a984,Yellowtail Wormfish,identity confidence is below the starter-pack threshold
fe5ef39c-b13e-568b-8c4f-b4b3e1911304,Highfin Coralfish,identity confidence is below the starter-pack threshold; account transcription confidence is not high; identification traits are not high-confidence transcriptions
fe89378e-a014-50d0-8f89-8e687822fcfb,Flower Cardinalfish,eligible but outside the deterministic 40-record starter-pack limit
feaed10c-2653-5d0f-805a-c247a688e53b,Deep Reef Chromis,eligible but outside the deterministic 40-record starter-pack limit
febc6901-29ce-5c69-a131-0bdf4ea6fbf2,Stout-body Chromis,account transcription confidence is not high
febfe7d3-75c4-56ea-9c7c-89749099b5b4,Roundspot Surgeonfish,account transcription confidence is not high; identification traits are not high-confidence transcriptions
ff1fb9d6-39e4-54bf-8141-fd81e55a1b5f,Double-tooth \dierfish,account transcription confidence is not high; identification traits are not high-confidence transcriptions
ff30ca9b-475f-510e-bcff-de5583e8f30a,,identity confidence is below the starter-pack threshold; account transcription confidence is not high; identity is incomplete; no identification trait transcription
ff3af185-c9c1-50c2-85d4-610a38e024e2,Roughscale \dierfish,account transcription confidence is not high; identification traits are not high-confidence transcriptions
ff5aeab3-bed4-5262-b6dd-27d8b2449f39,Ornate Wormfish,eligible but outside the deterministic 40-record starter-pack limit
ffc4d713-4bb5-5f27-9858-aec92b7fb900,Whitebelly Toadfish,identity confidence is below the starter-pack threshold; account transcription confidence is not high; identification traits are not high-confidence transcriptions
ffd1c3e1-494c-5531-b451-e426d15e29a5,Reid's Damsel,identity confidence is below the starter-pack threshold; account transcription confidence is not high; identification traits are not high-confidence transcriptions
ffebb95a-b8a6-5541-bd3d-60af99475e78,Flagtail Blanquillo Tilefish,account transcription confidence is not high; identification traits are not high-confidence transcriptions
